id,title,upload_date,caption_source,duration_seconds,word_count,sentence_count,words_per_sentence,syllables_per_word,atesman_readability,readability_label,msttr_500,question_marks_per_1k,exclamation_marks_per_1k,profanity_per_1k,intro_word_count,intro_question_marks,intro_hook_type,intro_curiosity_per_1k,outro_word_count,outro_cta_per_1k,view_count,log_views_per_day,curiosity_per_1k,uncertainty_per_1k,analogy_per_1k,emphasis_per_1k,story_per_1k,direct_address_per_1k,first_person_per_1k,call_to_action_per_1k
TtiZ8t8d6NA,Afrika'da Safari,20101120,automatic,45,5,5,1.0,2.6,91.76,çok_kolay,0.6,0.0,0.0,0.0,10,0,statement,0.0,10,0.0,479717,4.435568,0.0,0.0,0.0,0.0,0.0,0.0,0.0,0.0
C0PEJ_neMN4,"Apple Watch, but don't taste",20140913,manual,219,398,29,13.724138,2.80402,50.3535,orta,0.698492,12.562814,12.562814,0.0,165,1,question,0.0,167,0.0,204599,3.869891,2.512563,0.0,10.050251,10.050251,17.58794,2.512563,7.537688,0.0
tWYY2j3cCeE,"Hikayede duygu, Wall-e, robotlar ve kalbe dokunmak",20140918,manual,201,280,11,25.454545,2.485714,32.5251,zor,0.757143,21.428571,10.714286,0.0,182,5,question,10.989011,69,0.0,276552,4.166925,10.714286,3.571429,0.0,0.0,35.714286,7.142857,0.0,0.0
KDPt6JglMH0,"iPhone 6 mı, iPhone 6 Plus mı almalıyım?",20140920,automatic,253,540,1,540.0,2.405556,0.0,çok_zor,0.7675,0.0,0.0,0.0,186,0,surprising_claim,5.376344,202,0.0,437182,4.61962,5.555556,1.851852,7.407407,0.0,0.0,25.925926,20.37037,7.407407
gt4QhJluSaA,2025'teki 5 teknolojik gelişme,20150512,manual,258,501,23,21.782609,2.662675,34.9994,zor,0.838,5.988024,0.0,0.0,195,3,question,0.0,182,0.0,765470,5.230488,0.0,7.984032,3.992016,7.984032,15.968064,13.972056,15.968064,9.98004
13Ck4tQzucQ,Az çoktan fazladır,20150517,automatic,259,480,5,96.0,2.5875,0.0,çok_zor,0.691667,0.0,0.0,0.0,179,0,question,5.586592,166,6.024096,415044,4.624093,4.166667,2.083333,4.166667,4.166667,4.166667,6.25,29.166667,2.083333
wuJsXmpigg8,Sürücüsüz arabalar İstanbul trafiğinde ne yapar?,20150524,automatic,295,595,56,10.625,2.709244,62.2499,orta,0.744526,13.445378,0.0,0.0,191,3,question,20.942408,190,5.263158,86138,3.090068,10.084034,0.0,6.722689,5.042017,1.680672,18.487395,18.487395,5.042017
MdMDS31Mul4,Ex Machina ya da Makineler Düşünebilir mi?,20150531,manual,503,923,85,10.858824,2.540628,68.4137,orta,0.688246,23.83532,0.0,0.0,157,3,question,6.369427,149,0.0,398317,4.586743,6.500542,0.0,7.583965,8.667389,4.333694,6.500542,21.668472,2.166847
2PCD2z0NAFE,Premiere Pro Eğitimi 07 - Klipleri zaman çizgisine taşımak,20150605,automatic,156,203,1,203.0,2.945813,0.0,çok_zor,0.758621,0.0,0.0,0.0,129,0,surprising_claim,0.0,107,9.345794,46421,2.512748,0.0,0.0,14.778325,9.852217,14.778325,0.0,9.852217,4.926108
8YQQRnlfHWE,Premiere Pro Eğitimi 16 - Zaman çizgisindeki klipleri ikiye bölmek,20150605,manual,131,209,6,34.833333,2.760766,0.0,çok_zor,0.645933,0.0,0.0,0.0,158,0,surprising_claim,0.0,147,0.0,26417,2.008565,0.0,0.0,14.354067,0.0,0.0,0.0,0.0,0.0
9JFY01TFWCo,Premiere Pro Eğitimi 02 - Premiere Pro proje dosyasını oluşturmak,20150605,manual,140,182,3,60.666667,3.17033,0.0,çok_zor,0.725275,0.0,5.494505,0.0,117,0,story,0.0,125,8.0,138776,3.552413,0.0,0.0,0.0,5.494505,16.483516,0.0,5.494505,16.483516
Cd6zPur3S0Y,Premiere Pro Eğitimi 12 - Video düzenleme iş akışı,20150605,automatic,127,215,1,215.0,2.716279,0.0,çok_zor,0.665116,0.0,0.0,0.0,160,0,surprising_claim,0.0,160,0.0,39468,2.364663,0.0,0.0,4.651163,0.0,9.302326,0.0,0.0,0.0
FMsiO6zW23I,Premiere Pro Eğitimi 14 - Zaman çizgisinde klipleri taşımak ve takas etmek,20150605,automatic,233,387,1,387.0,2.677003,0.0,çok_zor,0.679587,0.0,0.0,0.0,168,0,story,0.0,143,0.0,29113,2.093238,0.0,0.0,23.255814,5.167959,7.751938,2.583979,15.503876,7.751938
HDQSTz2MmqU,Premiere Pro Eğitimi 03 - Malzemeleri Premiere Pro'nun içine aktarmak,20150605,automatic,200,297,1,297.0,2.952862,0.0,çok_zor,0.747475,0.0,0.0,0.0,133,0,statement,0.0,143,41.958042,94017,3.176577,3.367003,0.0,3.367003,0.0,3.367003,3.367003,16.835017,23.569024
U_aCfJ4dc5U,Premiere Pro Eğitimi 27 - Ses mikserini kullanmak,20150605,automatic,272,388,1,388.0,2.690722,0.0,çok_zor,0.623711,0.0,0.0,0.0,155,0,surprising_claim,0.0,104,38.461538,28021,2.059801,0.0,0.0,10.309278,10.309278,0.0,10.309278,7.731959,33.505155
WTS8tH9VEG8,Premiere Pro Eğitimi 38 - Efekt hazır ayarları,20150605,automatic,138,235,1,235.0,2.846809,0.0,çok_zor,0.689362,0.0,0.0,0.0,156,0,surprising_claim,0.0,168,0.0,30165,2.124427,0.0,0.0,8.510638,8.510638,4.255319,4.255319,0.0,8.510638
WuxlC5jXoq0,Premiere Pro Eğitimi 01 - Çekim dosyalarının organizasyonu,20150605,manual,177,197,4,49.25,2.908629,0.0,çok_zor,0.756345,0.0,0.0,0.0,103,0,surprising_claim,0.0,101,9.90099,282496,4.24853,0.0,0.0,10.152284,15.228426,0.0,5.076142,30.456853,25.380711
Ym3DwNJjKio,Premiere Pro Eğitimi 15 - Zaman çizgisinde klipleri düzenlemek,20150605,automatic,185,319,1,319.0,2.642633,0.0,çok_zor,0.592476,0.0,0.0,0.0,150,0,story,0.0,169,11.83432,27819,2.053491,0.0,0.0,12.539185,3.134796,18.808777,12.539185,6.269592,18.808777
_SuOMEy67qI,Premiere Pro Eğitimi 24 - Ses ve müzik seviyesini efekt kontrolleri panelinden ayarlamak,20150605,automatic,220,302,1,302.0,2.761589,0.0,çok_zor,0.672185,0.0,0.0,0.0,140,0,surprising_claim,0.0,121,24.793388,62553,2.789888,0.0,0.0,13.245033,3.311258,6.622517,9.933775,13.245033,16.556291
_n286ZRKsnw,Premiere Pro Eğitimi 09 - Videoların sadece istenen bölümlerinin seçilmesi,20150605,automatic,192,267,1,267.0,2.925094,0.0,çok_zor,0.71161,0.0,0.0,0.0,141,0,story,0.0,118,33.898305,45471,2.493762,0.0,0.0,7.490637,26.217228,3.745318,7.490637,0.0,14.981273
ePc4nRcRwrI,Premiere Pro Eğitimi 04 - İçeri aktarılamayacak dosyaların önceden dönüştürülmesi,20150605,automatic,171,224,1,224.0,2.857143,0.0,çok_zor,0.745536,0.0,0.0,0.0,121,0,surprising_claim,0.0,121,41.322314,75227,2.96398,0.0,0.0,8.928571,8.928571,4.464286,8.928571,4.464286,26.785714
glSbguyxyU8,Premiere Pro Eğitimi 31 - Yazı oluşturmak,20150605,automatic,283,380,1,380.0,2.95,0.0,çok_zor,0.726316,0.0,0.0,0.0,136,0,surprising_claim,0.0,118,0.0,29413,2.102232,2.631579,0.0,5.263158,2.631579,13.157895,13.157895,5.263158,2.631579
gvPnxlg1QAU,Premiere Pro Eğitimi 33 - Geçiş efektlerini uygulamak,20150605,automatic,286,469,1,469.0,2.680171,0.0,çok_zor,0.584222,0.0,0.0,0.0,164,0,question,12.195122,132,7.575758,46252,2.509397,4.264392,0.0,4.264392,4.264392,6.396588,14.925373,2.132196,4.264392
jK_6BA18w8o,Premiere Pro Eğitimi 41 - Montajlanmış görüntülerin dışa aktarımı,20150605,automatic,321,469,1,469.0,2.808102,0.0,çok_zor,0.682303,0.0,0.0,0.0,123,0,question,16.260163,140,7.142857,91347,3.148986,6.396588,2.132196,10.660981,4.264392,4.264392,19.189765,10.660981,10.660981
kwxskU5V8VM,Premiere Pro Eğitimi 08 - Klipleri kaynak panelinde incelemek,20150605,automatic,101,133,1,133.0,2.81203,0.0,çok_zor,0.819549,0.0,0.0,0.0,125,0,surprising_claim,0.0,121,8.264463,45430,2.492935,0.0,0.0,0.0,0.0,0.0,15.037594,0.0,7.518797
nnyjrnhlYcc,Premiere Pro Eğitimi 25 - Ses ve müzik seviyesini zaman çizgisinde ayarlamak,20150605,automatic,263,423,48,8.8125,2.742317,65.6518,orta,0.583924,0.0,0.0,0.0,145,0,surprising_claim,0.0,151,13.245033,68644,2.877341,0.0,0.0,21.276596,0.0,0.0,9.456265,9.456265,16.548463
qKkJNIm7A5w,Premiere Pro Eğitimi 11 - Kliplerin en başına ve en sonuna ilerlemek,20150605,automatic,135,231,16,14.4375,2.519481,59.923,orta,0.623377,0.0,0.0,0.0,152,0,direct_address,0.0,164,0.0,37339,2.314555,0.0,0.0,0.0,0.0,0.0,4.329004,4.329004,4.329004
rleMK7fPXOQ,Premiere Pro Eğitimi 19 - Video ve ses kanallarını kullanmak,20150605,automatic,135,211,18,11.722222,2.720379,58.9388,orta,0.691943,0.0,0.0,0.0,140,0,surprising_claim,0.0,141,21.276596,27532,2.044457,0.0,0.0,28.436019,0.0,4.739336,0.0,18.957346,14.218009
s428HFZIqvI,Premiere Pro Eğitimi 05 - Proje panelinde organizasyon,20150605,manual,212,309,14,22.071429,3.035599,19.2634,çok_zor,0.699029,0.0,0.0,0.0,135,0,surprising_claim,0.0,131,7.633588,62398,2.787559,0.0,0.0,6.472492,3.236246,9.708738,35.598706,6.472492,6.472492
vUwzvz4piHY,Premiere Pro Eğitimi 10 - Videoları kontrol etmek için JKL tekniği,20150605,automatic,308,525,39,13.461538,2.619048,58.4701,orta,0.729,0.0,0.0,0.0,149,0,surprising_claim,0.0,172,40.697674,46948,2.523126,1.904762,0.0,1.904762,9.52381,3.809524,1.904762,0.0,20.952381
w2U1fkPRzj8,Premiere Pro Eğitimi 06 - Yeni bir sekans oluşturmak,20150605,automatic,215,330,24,13.75,2.878788,47.2822,zor,0.7,0.0,0.0,0.0,151,0,story,0.0,143,20.979021,63932,2.810367,0.0,0.0,6.060606,12.121212,6.060606,6.060606,27.272727,18.181818
wiwsmlZOjoc,Premiere Pro Eğitimi 18 - Videolar arasına yeni klip eklemek,20150605,automatic,158,256,21,12.190476,2.699219,58.5667,orta,0.664062,0.0,0.0,0.0,138,0,surprising_claim,7.246377,159,12.578616,29637,2.108895,3.90625,0.0,3.90625,3.90625,0.0,0.0,3.90625,15.625
x3v8ZGkxpC4,Premiere Pro Eğitimi 32 - Kayan yazılar oluşturmak,20150605,automatic,235,339,33,10.272727,2.764012,60.969,orta,0.669617,0.0,0.0,0.0,138,0,question,7.246377,141,35.460993,42801,2.438389,2.949853,0.0,5.899705,17.699115,11.79941,5.899705,5.899705,41.297935
xw-hg3aW06M,"Premiere Pro Eğitimi 29 - Görsellere yakınlaşma, uzaklaşma",20150605,automatic,310,484,40,12.1,2.878099,51.6164,orta,0.632231,0.0,0.0,0.0,159,0,question,6.289308,127,7.874016,37471,2.317736,2.066116,0.0,20.661157,6.198347,6.198347,14.46281,20.661157,10.330579
zyc7_gY0LkI,Premiere Pro Eğitimi 40 - Elle çekilen kamera görüntülerini düzeltme,20150605,automatic,165,283,20,14.15,2.798587,49.4603,zor,0.689046,0.0,0.0,0.0,165,0,surprising_claim,0.0,157,25.477707,46683,2.517921,0.0,0.0,21.201413,0.0,10.600707,3.533569,7.067138,28.268551
ROei7BGrqCk,Apple Watch Alalım mı? Almayalım mı?,20150614,manual,464,948,77,12.311688,2.701477,58.1597,orta,0.701795,7.383966,1.054852,0.0,196,5,question,5.102041,181,16.574586,607126,5.008121,6.329114,2.109705,10.548523,9.493671,10.548523,14.767932,21.097046,6.329114
AlQWHW_anyg,"İş Dünyasında Yaratıcılık, Creativity Inc.",20150628,automatic,397,673,1,673.0,2.677563,0.0,çok_zor,0.744295,0.0,0.0,0.0,121,0,surprising_claim,0.0,164,24.390244,148452,3.623427,5.943536,1.485884,2.971768,5.943536,1.485884,7.429421,14.858841,11.887073
A_IMnGvaWtE,Senin Yazı Tipin Ne? Dünyanın En Önemli Fontları!,20150705,manual,454,832,122,6.819672,2.674279,73.5865,kolay,0.692518,4.807692,2.403846,0.0,152,1,question,6.578947,170,17.647059,618400,5.031518,6.009615,1.201923,4.807692,8.413462,2.403846,14.423077,2.403846,4.807692
FkpG_We-G9g,"Plüton ve Sonrası, 248 yıl sonra nerede olacağız?",20150712,manual,243,471,35,13.457143,2.462845,64.7571,orta,0.677282,12.738854,2.123142,0.0,194,4,question,10.309278,168,11.904762,625537,5.044631,8.492569,0.0,2.123142,6.369427,14.861996,12.738854,33.970276,4.246285
LoxRCb95-Gs,"Gerçek Jenerik, 90 saniyede anlatılan hikaye",20150717,automatic,290,485,1,485.0,2.63299,0.0,çok_zor,0.715464,0.0,0.0,0.0,155,0,question,12.903226,151,19.86755,163868,3.724277,4.123711,0.0,26.804124,12.371134,18.556701,18.556701,24.742268,6.185567
FgSAUJ1xZJ8,"Matrix'ten 9 kompozisyon kuralı, daha iyi fotoğraf",20150726,manual,470,835,82,10.182927,2.797605,59.8538,orta,0.704149,10.778443,5.988024,0.0,181,4,question,11.049724,154,38.961039,902690,5.412861,3.592814,0.0,7.185629,7.185629,2.39521,17.964072,16.766467,7.185629
OJqfEiJh2fU,En iyi tatil nasıl yapılır?,20150802,automatic,365,696,1,696.0,2.593391,0.0,çok_zor,0.732204,0.0,0.0,0.0,173,0,question,5.780347,169,17.751479,122195,3.442859,8.62069,0.0,5.747126,4.310345,11.494253,15.804598,15.804598,8.62069
Q8hqyfbec9Q,Tek mi çift mi? Zaman yönetimi tekniği,20150809,manual,350,655,68,9.632353,2.561832,70.763,kolay,0.740258,21.374046,3.053435,0.0,184,9,question,0.0,152,32.894737,963090,5.480803,7.633588,1.526718,4.580153,6.10687,9.160305,22.900763,22.900763,7.633588
1X8vsSpE-Kw,Mr. Robot'la kuralları yıkmak,20150816,manual,364,669,74,9.040541,2.693572,67.0149,orta,0.762367,5.979073,0.0,0.0,167,1,question,0.0,165,18.181818,537941,4.903418,4.484305,1.494768,10.463378,7.473842,13.452915,13.452915,14.947683,4.484305
2we29Gg2P08,Summer 3 - Vivaldi'den yaz fırtınasının çağrısı,20150823,automatic,358,333,1,333.0,2.717718,0.0,çok_zor,0.765766,0.0,0.0,0.0,117,0,surprising_claim,0.0,70,14.285714,131905,3.522029,6.006006,0.0,18.018018,9.009009,12.012012,6.006006,30.03003,9.009009
xCQDLuEsKNE,80/20 kuralı,20150830,manual,215,367,42,8.738095,2.555858,73.337,kolay,0.711172,8.174387,0.0,0.0,155,1,question,0.0,153,13.071895,495953,4.826238,0.0,0.0,0.0,16.348774,5.449591,21.798365,13.623978,5.449591
FL0CMvwXPlM,Google'ın yeni logosu,20150906,manual,315,625,58,10.775862,2.6672,63.5452,orta,0.759,19.2,4.8,0.0,177,6,question,22.59887,175,11.428571,362894,4.518531,11.2,1.6,6.4,6.4,3.2,14.4,9.6,3.2
Qt24I5cyClE,Kalem klavyeden keskindir,20150913,automatic,706,866,1,866.0,2.642032,0.0,çok_zor,0.700656,0.0,0.0,0.0,142,0,question,7.042254,11,0.0,221671,4.034258,2.309469,0.0,6.928406,8.083141,5.773672,12.702079,18.475751,8.083141
E4Ttfob3_Bs,Gölgelerin gücü silüetler,20150920,manual,306,475,42,11.309524,2.884211,53.434,orta,0.751579,2.105263,4.210526,0.0,163,0,surprising_claim,0.0,107,37.383178,197575,3.923058,2.105263,0.0,14.736842,2.105263,12.631579,18.947368,14.736842,10.526316
Lw-xYNf1AUk,Yeniden Düşün,20150927,manual,380,706,73,9.671233,2.654391,66.9429,orta,0.70965,14.164306,2.832861,0.0,172,0,surprising_claim,5.813953,179,11.173184,788924,5.29442,4.249292,2.832861,4.249292,1.416431,5.665722,9.915014,15.580737,4.249292
NdP3Wt7bAEw,Geleceğin müziğini geçmişin gözlerinde görmek,20151004,automatic,673,769,1,769.0,2.648895,0.0,çok_zor,0.769487,0.0,0.0,0.0,107,0,story,0.0,46,0.0,116900,3.415219,1.30039,1.30039,5.20156,0.0,10.403121,18.205462,7.802341,1.30039
QLGpyP0SHu8,Dünyanın en ünlü tablosu,20151018,manual,368,226,24,9.416667,2.535398,72.3879,kolay,0.769912,30.973451,0.0,0.0,162,5,question,30.864198,0,0.0,1178584,5.699431,22.123894,4.424779,4.424779,0.0,0.0,13.274336,39.823009,4.424779
JyEPcNUN1jI,Geleceğe Hoşgeldiniz,20151021,manual,416,1054,20,52.7,1.673624,0.0,çok_zor,0.613778,10.436433,3.795066,0.0,193,5,question,0.0,224,0.0,386231,4.591393,0.0,0.0,0.0,0.0,0.0,1.897533,0.0,0.0
P9Ya-AJvApc,Kasımda Roman Yazmak Başkadır,20151025,automatic,299,629,7,89.857143,2.484897,0.0,çok_zor,0.725597,0.0,0.0,0.0,175,0,surprising_claim,0.0,200,25.0,109872,3.360432,6.3593,0.0,9.538951,0.0,9.538951,12.718601,14.308426,11.128776
Ovwn1m12Soc,Mavi hap mı? Kırmızı hap mı? Yapmak zorunda olduğumuz seçimler,20151031,manual,300,492,62,7.935484,2.682927,70.3268,kolay,0.719512,16.260163,2.03252,0.0,141,1,question,0.0,119,8.403361,306475,4.365227,0.0,2.03252,8.130081,6.097561,14.227642,16.260163,10.162602,2.03252
oT6wq5Y9lcg,Açık kaynaklı evler,20151108,manual,332,686,68,10.088235,2.626822,66.9621,orta,0.709409,4.373178,0.0,0.0,194,1,question,0.0,189,21.164021,124826,3.487308,1.457726,1.457726,8.746356,1.457726,5.830904,7.28863,13.119534,7.28863
qjCU1gsbElc,OKU,20151113,manual,230,422,54,7.814815,2.516588,77.3244,kolay,0.732227,0.0,0.0,0.0,179,0,question,16.759777,150,13.333333,157603,3.715326,7.109005,7.109005,7.109005,0.0,14.218009,9.478673,37.914692,9.478673
x8Z7Vrgp890,Dünyanın en ünlü aslanı,20151115,manual,480,932,99,9.414141,2.472103,74.9374,kolay,0.684954,6.437768,17.167382,0.0,187,1,question,0.0,120,41.666667,611870,5.05403,6.437768,2.145923,0.0,2.145923,8.583691,15.021459,25.751073,8.583691
exsCC1_jHIw,Küçük Prens - OKU,20151119,automatic,236,448,1,448.0,2.439732,0.0,çok_zor,0.613839,0.0,0.0,0.0,153,0,surprising_claim,0.0,178,11.235955,422599,4.687798,0.0,0.0,2.232143,8.928571,20.089286,11.160714,6.696429,6.696429
W0km479c1gQ,Sessizliğin sesindeki beyaz boşluk,20151122,manual,489,803,90,8.922222,2.506849,74.8253,kolay,0.718838,16.18929,4.98132,0.0,151,0,surprising_claim,0.0,171,0.0,429153,4.703804,1.24533,2.49066,11.20797,1.24533,3.73599,47.32254,11.20797,0.0
DeLny1x-wZA,Cesur Yeni Dünya - OKU,20151126,manual,185,338,11,30.727273,2.721893,9.2747,çok_zor,0.751479,0.0,11.83432,0.0,151,0,surprising_claim,0.0,179,22.346369,174260,3.816703,0.0,0.0,5.91716,8.87574,2.95858,11.83432,11.83432,11.83432
Tf3r741RO-w,Daha iyi görmek için... Çizin!,20151129,manual,364,541,39,13.871795,2.634011,56.7982,orta,0.768634,33.271719,11.090573,0.0,110,5,question,9.090909,104,0.0,382317,4.591117,12.939002,1.848429,1.848429,7.393715,11.090573,18.484288,20.332717,3.696858
8gCsL2FI8u8,Saatleri Ayarlama Enstitüsü - OKU,20151203,manual,319,393,38,10.342105,2.475827,72.3658,kolay,0.740458,15.267176,7.633588,0.0,202,5,question,4.950495,0,0.0,175553,3.825681,7.633588,2.544529,5.089059,0.0,2.544529,17.811705,50.890585,0.0
F-FX75lfxrU,Star Wars / Yıldız Savaşları - Hiç Bitmeyecek Bir Hikaye,20151206,manual,629,1057,132,8.007576,2.630085,72.2616,kolay,0.803123,5.676443,3.784295,0.0,168,0,surprising_claim,0.0,128,31.25,548863,4.95141,2.838221,0.946074,13.245033,2.838221,17.975402,5.676443,10.406812,4.730369
n0NkWKCbvpI,Ermiş - OKU,20151210,automatic,247,416,1,416.0,2.682692,0.0,çok_zor,0.725962,0.0,0.0,0.0,121,0,surprising_claim,0.0,164,12.195122,90549,3.18561,2.403846,2.403846,4.807692,7.211538,7.211538,38.461538,21.634615,12.019231
ZhbjdTlRHjc,Geleceği tahmin eden romanlar,20151213,manual,490,885,68,13.014706,2.563842,61.8543,orta,0.760416,4.519774,0.0,0.0,167,1,question,0.0,130,53.846154,783808,5.307386,2.259887,3.389831,3.389831,3.389831,18.079096,13.559322,5.649718,9.039548
8vkDTYo9oS0,Memleketimden İnsan Manzaraları - OKU,20151217,automatic,269,398,6,66.333333,2.550251,0.0,çok_zor,0.701005,0.0,0.0,0.0,120,0,question,8.333333,150,26.666667,59219,2.784286,5.025126,0.0,0.0,0.0,2.512563,15.075377,25.125628,17.58794
Q_Q-7bXKzmw,İş Görüşmesinde Sorulabilecek En İlginç 11 Soru,20151220,manual,612,971,57,17.035088,2.550978,51.8779,orta,0.684826,35.015448,3.089598,0.0,161,6,question,6.21118,147,20.408163,1357554,5.856355,8.238929,2.059732,4.119464,4.119464,4.119464,30.895984,22.657055,11.328527
VQdYWaJ3p9Y,Julius Caesar - OKU,20151224,automatic,244,421,1,421.0,2.662708,0.0,çok_zor,0.743468,0.0,0.0,0.0,139,0,question,14.388489,159,44.025157,51751,2.660033,7.125891,4.750594,4.750594,2.375297,2.375297,33.254157,26.128266,19.002375
jO0OtYgbOI0,"Sanatçı Mikrofonu, Radio Nish Program Kaydı - DİNLE",20151225,automatic,2930,6290,3,2096.666667,2.546423,0.0,çok_zor,0.610902,0.0,0.0,0.0,189,0,surprising_claim,0.0,196,25.510204,16584,1.660538,3.338633,2.702703,5.246423,12.082671,9.697933,10.810811,34.658188,16.375199
oNmXH2uN0Do,Zinciri Kırma!,20151227,manual,465,906,111,8.162162,2.445916,79.2571,kolay,0.644123,9.933775,8.830022,0.0,142,0,surprising_claim,0.0,161,12.42236,1312210,5.824275,1.103753,0.0,4.415011,3.311258,9.933775,16.556291,19.86755,8.830022
nODG680lAFs,Satranç - OKU,20160101,manual,553,947,102,9.284314,2.548046,72.2252,kolay,0.67623,1.055966,5.279831,0.0,172,0,surprising_claim,5.813953,138,0.0,444074,4.747834,3.167899,1.055966,6.335797,3.167899,9.503696,6.335797,10.559662,3.167899
V4nVtVWMsmw,Hayat gibi oyun,20160103,manual,655,1159,91,12.736264,2.42623,68.1096,orta,0.669669,5.176877,1.725626,0.0,157,0,surprising_claim,0.0,90,22.222222,1936925,6.214509,5.176877,4.314064,12.942192,3.451251,7.765315,16.393443,11.216566,6.039689
nxfncjYbkCU,İçimizdeki Şeytan - OKU,20160107,automatic,353,583,71,8.211268,2.619211,72.1668,kolay,0.790735,22.298456,0.0,0.0,134,3,question,7.462687,159,0.0,219934,4.055487,3.430532,1.715266,3.430532,3.430532,3.430532,18.867925,39.451115,17.152659
wkoFQVElfTM,İçinde her şey olan bir resim,20160110,manual,441,785,32,24.53125,2.561783,31.8788,zor,0.688123,8.917197,0.0,0.0,172,2,question,11.627907,183,32.786885,1219651,5.754946,2.547771,3.821656,2.547771,7.643312,5.095541,20.382166,21.656051,7.643312
EEXhEn1H5e0,Körleşme - OKU,20160114,automatic,447,704,4,176.0,2.556818,0.0,çok_zor,0.757451,0.0,0.0,0.0,132,0,question,7.575758,155,38.709677,42164,2.475889,2.840909,2.840909,5.681818,8.522727,1.420455,8.522727,11.363636,8.522727
moxSOtTPYQA,Filografikler,20160117,manual,348,631,6,105.166667,2.759113,0.0,çok_zor,0.760763,6.339144,0.0,0.0,157,0,direct_address,0.0,156,0.0,166563,3.785593,7.92393,1.584786,6.339144,7.92393,4.754358,20.602219,9.508716,7.92393
zRL2JuznHZM,Sıfır - OKU,20160121,automatic,480,773,108,7.157407,2.470893,80.8761,kolay,0.668469,16.817594,0.0,0.0,154,3,question,12.987013,160,37.5,102421,3.314421,6.468305,3.880983,5.174644,10.349288,1.293661,45.278137,56.921087,24.57956
3l1I_Hwll_Y,Beyaz Zambaklar Ülkesinde - OKU,20160128,automatic,343,590,1,590.0,2.70339,0.0,çok_zor,0.826556,0.0,0.0,0.0,156,0,surprising_claim,0.0,174,40.229885,179506,3.861578,0.0,0.0,6.779661,5.084746,5.084746,16.949153,18.644068,11.864407
0n1hSRK0Ip0,Başlangıçlar ve Sonların İlginç Hikayesi,20160131,manual,508,890,16,55.625,2.495506,0.0,çok_zor,0.657051,7.865169,1.123596,0.0,160,5,question,12.5,192,20.833333,418786,4.697409,4.494382,1.123596,12.359551,7.865169,28.089888,21.348315,19.101124,7.865169
PxuNT2Zdvlw,Camların içinden dijital dünyaya yolculuk,20160207,manual,632,1068,28,38.142857,2.797753,0.0,çok_zor,0.761647,9.363296,0.93633,0.0,162,2,question,12.345679,137,72.992701,201877,3.979242,6.554307,4.681648,9.363296,4.681648,9.363296,9.363296,31.835206,20.599251
L0LxnjQnCDE,A’mak-ı Hayal - OKU,20160211,automatic,785,1197,1,1197.0,2.493734,0.0,çok_zor,0.752626,0.0,0.0,0.0,145,0,direct_address,0.0,133,0.0,125000,3.512341,4.177109,1.670844,2.506266,4.177109,10.860485,16.708438,20.885547,4.177109
-9rVZZV8kQA,Simyacı - OKU,20160218,manual,457,739,64,11.546875,2.653586,62.0798,orta,0.727017,4.05954,1.35318,0.0,155,0,surprising_claim,0.0,123,0.0,407102,4.674012,5.41272,2.70636,2.70636,2.70636,13.5318,13.5318,23.00406,16.23816
in2jHEGhX-E,Davullar kimin için çalıyor?,20160221,automatic,757,974,1,974.0,2.586242,0.0,çok_zor,0.693473,0.0,0.0,0.0,95,0,direct_address,0.0,94,31.914894,267377,4.259246,4.106776,0.0,9.240246,8.213552,4.106776,11.293634,10.26694,5.13347
C69OP_o2g-g,Barış Özcan'ın Kamera Arkası - VLOG 1,20160222,manual,765,447,27,16.555556,2.545861,53.335,orta,0.668904,0.0,0.0,0.0,152,0,story,6.578947,0,0.0,370951,4.58296,2.237136,0.0,15.659955,4.474273,6.711409,11.185682,24.608501,42.505593
DCK_vzNoZ68,Pazar Rutinimiz - VLOG 2,20160223,manual,355,405,26,15.576923,2.239506,68.1971,orta,0.654321,41.975309,4.938272,0.0,87,6,question,0.0,103,0.0,1012249,5.580581,0.0,0.0,0.0,2.469136,0.0,19.753086,54.320988,7.407407
Es5aYB0n9vk,Seyahat Planları - VLOG 3,20160224,manual,505,877,7,125.285714,2.625998,0.0,çok_zor,0.721942,4.561003,0.0,0.0,155,1,question,0.0,105,38.095238,190192,3.925107,3.420753,3.420753,3.420753,11.402509,3.420753,17.103763,29.646522,13.68301
Iwg8yMGymv4,Japonya'ya gidiyorum - Çantamda ne var - VLOG 4,20160225,automatic,489,855,2,427.5,2.34152,0.0,çok_zor,0.676338,0.0,0.0,0.0,159,0,surprising_claim,0.0,78,25.641026,285490,4.324926,3.508772,5.847953,3.508772,3.508772,4.678363,11.695906,11.695906,15.204678
bf0G7v0NE68,İmkansızın Şarkısı - OKU,20160226,automatic,394,693,1,693.0,2.619048,0.0,çok_zor,0.735466,0.0,0.0,0.0,155,0,surprising_claim,0.0,143,13.986014,90652,3.206046,1.443001,0.0,10.10101,12.987013,5.772006,17.316017,28.860029,11.544012
BGvWVRT5pPY,Kyoto'da Japon atıştırmalıklarını tadıyoruz - VLOG 5,20160227,manual,672,707,90,7.855556,2.374823,82.9135,kolay,0.663995,49.50495,1.414427,0.0,83,0,surprising_claim,0.0,36,0.0,422130,4.712257,16.973126,1.414427,7.072136,4.243281,2.828854,31.117397,33.946252,12.729844
D6hB82zC1PQ,Japonya Hakkında İlginç Bilgiler,20160228,manual,395,632,71,8.901408,2.65981,68.7345,orta,0.836333,0.0,0.0,0.0,174,0,surprising_claim,5.747126,96,41.666667,1276967,5.813415,3.164557,3.164557,6.329114,1.582278,3.164557,4.746835,1.582278,6.329114
8ZKt5U3v-9I,"Kyoto tapınakları, Nagoya Üniversitesi'nde deprem araştırmaları - VLOG 6",20160303,manual,508,521,67,7.776119,2.637236,72.5784,kolay,0.861,9.596929,0.0,0.0,96,1,question,0.0,114,0.0,157398,3.741996,5.758157,1.919386,5.758157,7.677543,5.758157,7.677543,23.03263,1.919386
GPVNITEDK3w,İstanbul bir masaldı - OKU,20160304,automatic,191,259,1,259.0,2.664093,0.0,çok_zor,0.737452,0.0,0.0,0.0,137,0,story,0.0,116,34.482759,32007,2.238218,0.0,3.861004,7.722008,7.722008,3.861004,3.861004,30.888031,27.027027
xysXdujMWVI,Çok gezen ne bilir?,20160306,manual,503,674,72,9.361111,2.554896,71.7495,kolay,0.70569,16.320475,1.48368,0.0,157,4,question,0.0,120,0.0,451847,4.781771,2.967359,0.0,8.902077,7.418398,7.418398,23.738872,10.385757,5.934718
zvBNYCVe9nc,Japon evinde kalıyoruz - VLOG 7,20160307,automatic,714,970,143,6.783217,2.498969,80.7247,kolay,0.684298,13.402062,0.0,0.0,101,1,question,9.90099,122,16.393443,484067,4.850353,1.030928,2.061856,4.123711,6.185567,9.278351,21.649485,23.71134,13.402062
JECMFu33Ebc,Yanartaş - OKU,20160310,manual,265,457,51,8.960784,2.68709,67.4835,orta,0.726477,10.940919,0.0,0.0,139,4,question,28.776978,170,17.647059,34154,2.297829,10.940919,0.0,4.376368,6.564551,17.50547,24.070022,30.634573,13.129103
BNiLoPcYMVI,3.14159265358979323846264338327950288419716939937510582097494459230781640628620899862803482534211706,20160313,manual,791,1103,116,9.508621,2.514053,73.0054,kolay,0.713275,12.692656,3.626473,0.0,103,1,question,0.0,165,24.242424,4516278,7.078133,3.626473,1.813237,4.533092,1.813237,4.533092,16.31913,12.692656,6.346328
VVjd9FtvtZU,Pi Günü - Pi Sanatı,20160314,manual,334,590,59,10.0,2.476271,73.2408,kolay,0.755111,13.559322,1.694915,0.0,175,1,question,5.714286,152,0.0,477083,4.837755,11.864407,1.694915,11.864407,5.084746,5.084746,15.254237,3.389831,1.694915
aAAQ8SLJ-AU,Biz esir düştük - OKU,20160318,automatic,536,900,1,900.0,2.638889,0.0,çok_zor,0.796,0.0,0.0,0.0,168,0,surprising_claim,5.952381,156,0.0,39550,2.432627,6.666667,1.111111,5.555556,3.333333,10.0,0.0,18.888889,2.222222
Bf5Ra6YzoAA,Takım olan Mikrorobotlar,20160320,manual,449,635,139,4.568345,2.792126,74.728,kolay,0.712481,12.598425,0.0,0.0,152,4,question,13.157895,107,0.0,191757,3.939561,9.448819,4.724409,18.897638,4.724409,1.574803,7.874016,14.173228,1.574803
vbEpsS7mk3g,"Ego, Hayatın Kaynağı, Manası ve Haysiyeti - OKU",20160324,automatic,262,441,41,10.756098,2.689342,62.7073,orta,0.743764,4.535147,0.0,0.0,134,1,question,0.0,166,18.072289,102017,3.326456,2.267574,2.267574,15.873016,2.267574,2.267574,11.337868,24.943311,6.802721
sUr8_xT-4AQ,Ayabe'de Japon köyü turu - VLOG 8,20160325,automatic,1136,1538,336,4.577381,2.293888,94.7211,çok_kolay,0.705763,23.407022,0.0,0.0,85,1,question,11.764706,166,6.024096,221856,4.084011,8.452536,8.452536,4.551365,3.250975,6.501951,16.905072,40.312094,9.752926
eHi0Vz6whNM,Kumanda kimde?,20160327,manual,460,619,61,10.147541,2.723748,62.9133,orta,0.79858,16.155089,3.231018,6.462036,67,2,question,0.0,97,0.0,273072,4.289073,0.0,4.846527,8.077544,6.462036,1.615509,17.770598,30.694669,12.924071
J5dvyUycR3s,Mantıku't-Tayr - OKU,20160331,automatic,275,351,1,351.0,2.319088,0.0,çok_zor,0.740741,0.0,0.0,0.0,141,0,surprising_claim,0.0,121,0.0,87985,3.185963,0.0,0.0,8.547009,8.547009,14.245014,5.698006,0.0,2.849003
_oLx7iP-G4o,Osaka'da kapsül otelde kalıyoruz - VLOG 9,20160401,automatic,508,487,1,487.0,2.328542,0.0,çok_zor,0.646817,0.0,0.0,0.0,71,0,statement,0.0,77,0.0,225576,4.102175,2.053388,2.053388,10.26694,20.533881,0.0,16.427105,45.174538,10.26694
vivmNq-Znfs,#40sabahErkenKalk,20160403,manual,481,761,71,10.71831,2.423127,73.5011,kolay,0.702648,11.826544,7.884363,0.0,116,4,question,8.62069,111,36.036036,2211192,6.37037,2.628121,1.31406,2.628121,1.31406,2.628121,24.967148,17.082786,14.454665
4GD7fptG1TI,Momo - OKU,20160407,automatic,383,553,1,553.0,2.683544,0.0,çok_zor,0.848698,0.0,0.0,0.0,139,0,surprising_claim,0.0,142,35.211268,152472,3.719941,1.808318,0.0,10.84991,0.0,1.808318,19.891501,19.891501,9.041591
OdgyYhCn0O0,Beni uçabildiğine inandır Superman ya da Batman!,20160410,manual,475,837,25,33.48,2.643967,5.2208,çok_zor,0.710018,16.726404,9.557945,0.0,160,2,question,6.25,154,12.987013,427971,4.737077,4.778973,2.389486,8.363202,5.973716,14.336918,9.557945,16.726404,4.778973
eygQXHuawDw,Fırtınalı bir havada Ise Grand Shrine yolculuğu - VLOG 10,20160411,automatic,589,551,1,551.0,2.248639,0.0,çok_zor,0.734157,0.0,0.0,0.0,71,0,question,14.084507,79,0.0,127512,3.546929,1.814882,1.814882,5.444646,5.444646,5.444646,19.963702,27.22323,3.629764
7oL2xEQwwng,Semerkant - OKU,20160414,automatic,325,476,1,476.0,2.567227,0.0,çok_zor,0.747899,0.0,0.0,0.0,134,0,question,7.462687,140,28.571429,130769,3.572204,4.201681,2.10084,6.302521,2.10084,8.403361,8.403361,21.008403,8.403361
gGVXwuucBYY,Japonya'ya Veda - VLOG 11,20160415,automatic,741,896,3,298.666667,2.204241,0.0,çok_zor,0.626919,0.0,0.0,0.0,100,0,statement,0.0,74,0.0,163854,3.792318,0.0,1.116071,3.348214,4.464286,4.464286,12.276786,47.991071,8.928571
rjjoJIRdG1k,Kelimeler arasında,20160417,manual,310,530,58,9.137931,2.635849,69.0798,orta,0.822333,20.754717,1.886792,0.0,142,4,question,0.0,165,12.121212,224380,4.101104,5.660377,1.886792,11.320755,0.0,1.886792,11.320755,24.528302,3.773585
3evkMmZdp9M,100000 aboneye 100000 teşekkür,20160420,manual,331,509,73,6.972603,2.414538,83.6224,kolay,0.816,1.964637,0.0,0.0,154,0,surprising_claim,0.0,86,69.767442,239177,4.164724,0.0,5.89391,7.858546,3.929273,7.858546,33.398821,35.363458,39.292731
m-wBrexzxns,Martı Jonathan Livingston - OKU,20160421,automatic,414,766,1,766.0,2.631854,0.0,çok_zor,0.751263,0.0,0.0,0.0,139,0,question,14.388489,191,36.649215,125336,3.532787,5.221932,7.832898,5.221932,3.916449,6.527415,27.415144,20.887728,26.109661
guxpK5znaME,23 Nisan Ulusal Egemenlik ve Çocuk Bayramı Kutlu Olsun! 4K Bonus Video,20160423,manual,451,510,18,28.333333,2.333333,31.1333,zor,0.715,11.764706,1.960784,0.0,107,2,question,0.0,103,19.417476,387091,4.641014,1.960784,1.960784,7.843137,0.0,3.921569,23.529412,29.411765,9.803922
ax9AZ9s5Mbo,İyi Uykular - Kaliteli Uykunun Sırları,20160424,manual,803,1554,115,13.513043,2.585586,59.6801,orta,0.731222,13.513514,0.0,0.0,233,5,question,0.0,153,0.0,2300637,6.415504,3.861004,2.574003,5.791506,5.148005,13.513514,19.305019,22.522523,12.226512
gtCZygNFG7E,Aylak Adam - OKU,20160429,manual,242,396,21,18.857143,2.669192,42.3731,zor,0.729798,7.575758,0.0,0.0,136,3,question,0.0,166,12.048193,109961,3.408044,7.575758,5.050505,22.727273,7.575758,0.0,37.878788,37.878788,22.727273
sXm5UoYzLZU,Filmlerdeki Renklerin Sembolik Anlamı,20160501,manual,622,1007,69,14.594203,2.574975,57.2845,orta,0.796,8.937438,0.0,0.0,160,7,question,12.5,109,0.0,594495,5.068806,4.965243,4.965243,13.902681,8.937438,11.916584,6.951341,15.888779,2.979146
gXgkX010XO8,Gog - OKU,20160505,automatic,278,470,3,156.666667,2.608511,0.0,çok_zor,0.795745,0.0,0.0,0.0,149,0,surprising_claim,0.0,179,27.932961,50776,2.67469,2.12766,2.12766,4.255319,6.382979,2.12766,10.638298,25.531915,12.765957
JHCua49CYxs,Kuantum bilgisayar kullanmaya hazır mısınız?,20160508,manual,488,915,72,12.708333,2.598907,61.2452,orta,0.663554,12.021858,1.092896,0.0,143,2,question,0.0,142,0.0,795876,5.360797,1.092896,2.185792,6.557377,7.650273,8.743169,4.371585,16.393443,4.371585
UcrVUbYA2ZQ,Açlık - OKU,20160511,manual,441,762,76,10.026316,2.750656,62.1487,orta,0.80813,0.0,0.0,0.0,154,0,question,6.493506,167,35.928144,76718,3.065341,3.937008,0.0,5.249344,3.937008,5.249344,15.748031,15.748031,10.498688
BzKMSfnGquE,Hayatın sanal gerçekliği,20160515,automatic,569,791,1,791.0,2.620733,0.0,çok_zor,0.704515,0.0,0.0,0.0,173,0,surprising_claim,0.0,44,0.0,223754,4.105674,6.321113,3.792668,13.906448,5.05689,15.17067,36.662453,32.869785,1.264223
1pBC0lnFbDY,İskambil Kağıtlarının Esrarı - OKU,20160520,automatic,225,411,1,411.0,2.552311,0.0,çok_zor,0.742092,0.0,0.0,0.0,170,0,surprising_claim,0.0,167,17.964072,64249,2.89925,0.0,2.43309,0.0,7.29927,4.86618,2.43309,21.89781,12.16545
YuljhpMfAkQ,Instagram'ın logosu neden değişti?,20160522,manual,379,754,77,9.792208,2.649867,66.8089,orta,0.726921,7.95756,10.61008,0.0,172,1,question,11.627907,190,10.526316,1194277,5.768804,5.30504,2.65252,7.95756,5.30504,9.28382,9.28382,21.220159,7.95756
YuL1p0bzZMU,Böyle buyurdu Zerdüşt - OKU,20160527,manual,340,558,11,50.727273,2.580645,0.0,çok_zor,0.791655,0.0,1.792115,0.0,170,0,question,5.882353,109,18.348624,347558,4.543343,1.792115,0.0,5.376344,1.792115,3.584229,5.376344,43.010753,12.544803
dNPFjxvYfkc,YouTube Muhabbetleri'nin Kamera Arkası - VLOG 12,20160529,automatic,323,487,1,487.0,2.361396,0.0,çok_zor,0.64271,0.0,0.0,0.0,62,0,question,16.129032,197,15.228426,91913,3.242927,2.053388,2.053388,0.0,6.160164,6.160164,22.587269,32.854209,16.427105
eX0uvsbPKyg,100 yıl önceden 2000'li yılların ilginç resimleri - İmkansız tahminler,20160529,manual,454,788,37,21.297297,2.611675,38.315,zor,0.730583,2.538071,0.0,0.0,187,0,surprising_claim,5.347594,108,0.0,1451106,5.964904,5.076142,2.538071,1.269036,10.152284,7.614213,12.690355,11.42132,6.345178
n2FF_egsBPU,TEDxBahcesehirUniversity Kamera Arkası - VLOG 13,20160601,automatic,713,1418,251,5.649402,2.53385,82.2826,kolay,0.67253,25.38787,0.0,0.0,205,4,question,4.878049,113,35.39823,60099,2.839295,8.462623,2.820874,11.283498,7.052186,1.410437,18.335684,34.555712,13.399154
gKcXGgMSHDI,İnsan neyle yaşar? - OKU,20160603,manual,431,787,39,20.179487,2.735705,36.2496,zor,0.719885,2.541296,11.435832,0.0,170,0,story,0.0,175,51.428571,212542,4.060129,3.811944,1.270648,3.811944,5.082592,21.601017,8.894536,22.871665,19.05972
XjR4hA2E_BE,Dünyanın en uzun yaşayan canlıları,20160605,manual,529,1107,83,13.337349,2.469738,64.7928,orta,0.754592,5.420054,0.903342,0.0,190,1,question,5.263158,161,0.0,999465,5.595071,4.516712,3.613369,7.226739,4.516712,7.226739,5.420054,14.453478,1.806685
fOeNdTYP4c4,Gün Olur Asra Bedel - OKU,20160609,manual,296,526,72,7.305556,2.576046,76.2649,kolay,0.826538,11.406844,30.418251,0.0,170,2,question,5.882353,147,13.605442,123740,3.533036,1.901141,0.0,5.703422,5.703422,5.703422,15.209125,1.901141,3.802281
INnAYTwubeo,Aynı anda kaç işe birden odaklanabilirsiniz? Konsantrasyonun önemi,20160612,manual,443,743,118,6.29661,2.48856,82.413,kolay,0.695658,21.53432,18.84253,0.0,184,5,question,0.0,77,0.0,746901,5.30691,5.38358,0.0,10.76716,9.421265,2.69179,13.45895,16.15074,8.07537
QFdiMyC5NBA,Babalar da ağlar - OKU,20160616,automatic,249,367,1,367.0,2.754768,0.0,çok_zor,0.73842,0.0,0.0,0.0,129,0,question,7.751938,124,0.0,55157,2.762483,5.449591,0.0,5.449591,0.0,0.0,10.899183,46.321526,8.174387
TrpcaK30_mw,Yapay bir zeka sanatçı olabilir mi?,20160619,manual,576,952,114,8.350877,2.637605,71.0634,kolay,0.720788,15.756303,0.0,0.0,183,4,question,10.928962,77,0.0,192118,3.965148,4.201681,1.05042,15.756303,4.201681,11.554622,30.462185,10.504202,0.0
C30IWWJP5uY,Her şey ben yaşarken oldu - OKU,20160624,automatic,643,1246,1,1246.0,2.619583,0.0,çok_zor,0.679171,0.0,0.0,0.0,178,0,surprising_claim,0.0,197,65.989848,66581,2.941867,1.605136,1.605136,4.815409,4.012841,5.617978,8.025682,28.892456,31.300161
-2BLGQ1Zci8,Her şey hakkında hiçbir şey - OKU,20160630,manual,337,565,23,24.565217,2.628319,29.1171,çok_zor,0.791846,8.849558,0.0,0.0,157,0,surprising_claim,0.0,185,21.621622,78853,3.104334,7.079646,0.0,0.0,8.849558,14.159292,15.929204,44.247788,7.079646
gOteZpU1io8,Terör Kurbanları Anısına 14 Filmden 12 Havalimanı Hikayesi,20160703,manual,552,354,53,6.679245,2.680791,73.6914,kolay,0.751412,0.0,0.0,0.0,131,0,surprising_claim,0.0,45,0.0,138533,3.649134,0.0,0.0,11.299435,0.0,8.474576,5.649718,11.299435,5.649718
xVAmXGOhnnw,Denemeler - OKU,20160707,manual,296,511,15,34.066667,2.661448,2.9873,çok_zor,0.783091,0.0,0.0,0.0,155,0,question,25.806452,154,45.454545,117076,3.486653,7.827789,0.0,7.827789,1.956947,3.913894,7.827789,27.39726,17.612524
n1oRGDqvC-w,Eyfel Kulesi’nin sembolik ve ilginç hikayesi,20160710,manual,373,751,44,17.068182,2.521971,52.9569,orta,0.720462,5.326232,0.0,0.0,195,1,question,5.128205,119,0.0,917129,5.518828,3.994674,0.0,3.994674,6.65779,3.994674,6.65779,2.663116,1.331558
VxNk9RqtkxQ,Mrs. Dalloway - OKU,20160714,manual,227,410,32,12.8125,2.568293,62.2032,orta,0.690244,2.439024,0.0,0.0,167,1,question,5.988024,144,6.944444,81110,3.134928,7.317073,0.0,7.317073,2.439024,9.756098,12.195122,17.073171,2.439024
N_YiiG5a3XA,Türkiye Adındaki Büyük İnsan,20160717,manual,178,288,48,6.0,2.375,87.7494,kolay,0.694444,0.0,10.416667,0.0,165,0,question,6.060606,128,0.0,422355,4.749994,3.472222,3.472222,6.944444,3.472222,10.416667,24.305556,13.888889,13.888889
nB0Q5v1_kUs,The Night Of - İZLE,20160722,manual,541,1073,84,12.77381,2.625349,60.0119,orta,0.740904,0.931966,1.863933,0.0,190,0,surprising_claim,0.0,208,67.307692,241035,4.196914,2.795899,0.0,2.795899,8.387698,4.659832,13.979497,27.027027,29.822926
iBCplZNP9Ek,7 Milyar insan Facebook'a girerse ne olur?,20160724,manual,417,884,20,44.2,2.782805,0.0,çok_zor,0.705979,4.524887,0.0,0.0,210,1,question,9.52381,182,71.428571,595903,5.093592,6.78733,3.393665,11.312217,10.180995,5.656109,15.837104,16.968326,18.099548
SSaPNS7WoA0,Göğü Delen Adam - OKU,20160725,manual,381,691,3,230.333333,2.662808,0.0,çok_zor,0.769466,1.447178,0.0,0.0,156,0,statement,0.0,162,37.037037,70704,3.006845,2.894356,2.894356,11.577424,1.447178,2.894356,4.341534,18.813314,8.683068
rKnX3VuOPhM,Gattaca - İZLE,20160728,automatic,567,1097,93,11.795699,2.59526,63.7737,orta,0.742454,9.11577,0.0,0.0,198,2,question,10.10101,174,74.712644,264715,4.290888,5.469462,2.734731,6.381039,7.292616,9.11577,18.231541,17.319964,17.319964
ZqIIEH7n0L0,Kendi Pokemon Go Oyunumu Tasarladım: #hakikiPokemon,20160731,manual,452,530,74,7.162162,2.449057,81.7409,kolay,0.823333,22.641509,1.886792,0.0,218,3,question,0.0,0,0.0,545887,5.00838,7.54717,1.886792,1.886792,3.773585,7.54717,5.660377,24.528302,3.773585
44mAmCwk2kA,Sivrisinek Şehirde - OKU,20160801,manual,350,640,81,7.901235,2.61875,72.9945,kolay,0.739714,46.875,0.0,0.0,186,13,question,16.129032,169,35.502959,62436,2.890811,14.0625,1.5625,9.375,1.5625,4.6875,15.625,56.25,9.375
tc6rSVC3QJs,10 Cloverfield Lane - Cloverfield Yolu No: 10 - İZLE,20160804,manual,530,1085,76,14.276316,2.515207,60.5154,orta,0.715098,13.824885,0.0,0.0,188,2,question,0.0,158,6.329114,135914,3.639006,0.921659,5.529954,1.843318,7.373272,10.138249,13.824885,25.806452,2.764977
0CmccJBVHUI,Çalışırken müzik dinlenir mi?,20160807,manual,425,327,39,8.384615,2.492355,76.8108,kolay,0.657492,21.406728,0.0,0.0,186,4,question,0.0,0,0.0,1141704,5.744654,0.0,0.0,0.0,6.116208,0.0,27.522936,3.058104,0.0
Bz9hG3GZzZU,Uçurtma Avcısı - OKU,20160808,manual,308,584,55,10.618182,2.628425,65.5146,orta,0.772714,5.136986,0.0,0.0,166,3,question,0.0,199,20.100503,244296,4.214712,0.0,1.712329,6.849315,1.712329,11.986301,1.712329,5.136986,6.849315
hwkBI7kftlE,"Me and Earl and the Dying Girl - Ben, Earl ve Ölen Kız - İZLE",20160811,automatic,605,1200,1,1200.0,2.575,0.0,çok_zor,0.703333,0.0,0.0,0.0,169,0,story,0.0,193,46.632124,134553,3.631067,0.0,4.166667,7.5,6.666667,10.0,23.333333,30.0,18.333333
Wf9GncTMjjs,Olimpiyat Sembollerinin İlginç Anlamları,20160814,manual,613,1187,80,14.8375,2.694187,51.8602,orta,0.733365,10.95198,0.0,0.0,185,2,question,5.405405,161,37.267081,422173,4.757126,5.89722,2.52738,13.47936,0.84246,6.73968,13.47936,10.95198,5.89722
tzqx0ZzeONY,Demirciler Çarşısı Cinayeti - OKU,20160815,manual,346,502,22,22.818182,2.685259,31.3893,zor,0.871,0.0,0.0,0.0,143,0,statement,0.0,124,0.0,87216,3.21282,0.0,7.968127,11.952191,0.0,0.0,9.960159,15.936255,0.0
z4FYRTrL_A4,Sherlock - İZLE,20160818,manual,472,861,55,15.654545,2.521487,56.6659,orta,0.702186,2.32288,1.16144,0.0,185,1,question,5.405405,189,10.582011,1257858,5.844244,2.32288,0.0,3.484321,2.32288,8.130081,8.130081,16.260163,4.645761
bH_LtNSnNOE,Neden Not Tutmalıyız?,20160821,manual,355,677,58,11.672414,2.5613,65.4598,orta,0.708056,4.431315,5.908419,0.0,184,3,question,0.0,186,5.376344,646732,5.18256,0.0,4.431315,5.908419,8.862629,10.339734,13.293944,16.248154,2.95421
YHbyVTkgT0U,Olasılıksız - OKU,20160822,manual,340,684,80,8.55,2.619883,71.2557,kolay,0.73587,7.309942,0.0,0.0,163,0,surprising_claim,0.0,189,58.201058,415168,4.742709,5.847953,4.385965,5.847953,2.923977,10.233918,17.54386,8.77193,17.54386
_DDeF00hglI,The Jungle Book (2016) Orman Çocuğu - İZLE,20160825,manual,424,593,47,12.617021,2.527825,64.3392,orta,0.728849,0.0,0.0,0.0,187,0,surprising_claim,0.0,9,111.111111,85855,3.200356,1.686341,5.059022,5.059022,8.431703,18.549747,1.686341,37.099494,5.059022
OtiI_iP-ypc,Yıldızlar Arasında 20 Yıl,20160828,manual,280,597,55,10.854545,2.370184,75.2725,kolay,0.74368,11.725293,5.025126,0.0,216,2,question,4.62963,172,0.0,589329,5.092067,6.700168,3.350084,10.050251,3.350084,8.375209,3.350084,28.475712,1.675042
LfWHbFgpS5M,Yusuf ile Züleyha - OKU,20160829,manual,254,453,58,7.810345,2.377483,82.9246,kolay,0.693157,13.245033,17.660044,0.0,142,0,surprising_claim,0.0,174,11.494253,151672,3.752648,13.245033,2.207506,6.622517,4.415011,13.245033,4.415011,68.432671,4.415011
oHC9mKJLEQY,Star Trek Beyond (2016) Star Trek Sonsuzluk - İZLE,20160901,manual,285,545,42,12.97619,2.394495,68.7583,orta,0.765556,5.504587,0.0,0.0,170,0,surprising_claim,0.0,166,0.0,74201,3.062685,0.0,1.834862,5.504587,5.504587,7.33945,11.009174,18.348624,7.33945
VGuBIOT6uAg,İnsan Kontrollü Dev Robotlar,20160904,manual,339,578,34,17.0,2.633218,48.6655,zor,0.765487,12.110727,0.0,0.0,157,3,question,0.0,169,0.0,112644,3.464851,1.730104,0.0,15.570934,6.920415,6.920415,8.650519,6.920415,1.730104
6C0ksTO_0pQ,Foucault’yu Sayıklamak - OKU,20160905,manual,234,378,18,21.0,2.830688,30.2921,zor,0.746032,2.645503,2.645503,0.0,158,0,question,6.329114,128,62.5,210865,4.07743,7.936508,0.0,0.0,7.936508,5.291005,10.582011,7.936508,21.164021
7VLdm-aOkTQ,Jerry Maguire (1996) Yeni Bir Başlangıç - İZLE,20160908,manual,394,761,64,11.890625,2.515112,66.7459,orta,0.684406,0.0,0.0,0.0,169,0,surprising_claim,0.0,176,0.0,160424,3.810155,0.0,0.0,10.512484,10.512484,3.942181,9.198423,17.082786,2.628121
VE_pbts8qnA,Dünyanın En İlginç Merdiven Tasarımları,20160911,manual,359,543,70,7.757143,2.650092,72.1114,kolay,0.816116,23.941068,0.0,0.0,153,5,question,6.535948,142,0.0,543500,5.015454,1.841621,0.0,5.524862,3.683241,0.0,38.674033,9.208103,0.0
3UZJJ5COPGs,Yeni Yayın Dönemi ve İyi Bayramlar,20160912,manual,205,446,25,17.84,2.556054,49.5731,zor,0.647982,6.726457,2.242152,0.0,214,0,surprising_claim,0.0,186,0.0,46260,2.620843,0.0,2.242152,4.484305,2.242152,4.484305,29.147982,15.695067,15.695067
euAVuBxW9iw,Bozcaada'ya Çadır Kampı Kurmaya Gidiyoruz - VLOG 14,20160918,manual,821,1154,283,4.077739,2.320624,94.951,çok_kolay,0.643593,62.391681,6.065858,0.0,74,4,question,13.513514,117,17.094017,385521,4.676647,6.932409,5.199307,6.065858,1.733102,5.199307,20.797227,26.863085,12.998267
2qJmx9E7uX8,Kampta Sabah Rutinimiz - Bozcaada'da Bağ Bozumu - VLOG 15,20160921,automatic,592,697,1,697.0,2.35868,0.0,çok_zor,0.736168,0.0,0.0,0.0,107,0,story,0.0,90,0.0,113616,3.477715,1.43472,2.86944,5.738881,7.173601,5.738881,10.043042,21.520803,5.738881
4VM8tDd6naU,YouTube’un seçtiği 12 değişim elçisinden biri oldum #CreatorsforChange,20160925,manual,430,824,64,12.875,2.671117,57.9091,orta,0.714914,4.854369,6.067961,0.0,173,1,question,5.780347,159,25.157233,976314,5.602113,4.854369,1.213592,4.854369,2.427184,14.563107,26.699029,35.194175,15.776699
2fBm2iYs2d8,"Geometrik şekillerden cadı, çamurdan eşya, incir yaprağından yemek yapıyoruz - VLOG 16",20160929,manual,725,1043,153,6.816993,2.462128,82.1166,kolay,0.727907,28.763183,0.0,0.0,103,0,story,0.0,96,10.416667,84483,3.194154,2.876318,3.835091,4.793864,2.876318,10.5465,26.845638,38.350911,9.587728
0PwLkj07HDY,Dünyanın En Sıra Dışı Müzik Enstrümanları Nasıl Ses Çıkartıyor?,20161002,manual,758,676,46,14.695652,2.550296,58.0112,orta,0.715318,7.39645,0.0,0.0,161,4,question,12.42236,0,0.0,658996,5.212748,2.95858,5.91716,13.313609,7.39645,2.95858,10.35503,19.230769,1.47929
uLFh-gq8gCY,"-12345.Gün #SenKimsin | Who are you? (English, German, Azerbaijani, Arabic, Albanian, Greek Sub)",20161004,manual,202,363,55,6.6,2.355372,86.9719,kolay,0.688705,44.077135,2.754821,0.0,157,6,question,0.0,167,11.976048,364828,4.626388,2.754821,5.509642,13.774105,2.754821,11.019284,33.057851,49.586777,8.264463
YCVoTANsICM,"Yoga, batık gemi macerası, şişe sanatı, Bozcaada Kalesi ve yıldızlı geceler - VLOG 17",20161009,manual,534,430,5,86.0,2.548837,0.0,çok_zor,0.716279,2.325581,2.325581,0.0,103,0,statement,9.708738,64,0.0,83081,3.180769,4.651163,2.325581,13.953488,6.976744,4.651163,6.976744,55.813953,2.325581
RdYQdyL6t48,Palyaçolardan neden korkarız?,20161016,manual,483,779,60,12.983333,2.598203,60.5557,orta,0.751136,8.985879,0.0,0.0,81,1,question,24.691358,146,0.0,2003799,6.325049,8.985879,2.567394,21.82285,3.851091,6.418485,6.418485,16.688062,0.0
8AxqvEpTOKc,Çadırda son gün - Her son yeni bir başlangıçtır - VLOG 18,20161023,manual,477,450,22,20.454545,2.504444,44.8226,zor,0.704444,28.888889,6.666667,0.0,119,5,question,0.0,0,0.0,93088,3.29377,0.0,0.0,11.111111,2.222222,0.0,24.444444,22.222222,4.444444
TXaIwtEfFAU,"Kristal Elma'da kimlerle karşılaştım? Ruhi Çenet, Orkun Işıtmak, Murat Abi, Duygu Özaslan - VLOG 19",20161030,automatic,942,1553,2,776.5,2.301996,0.0,çok_zor,0.711698,0.0,0.0,0.0,162,0,question,12.345679,159,6.289308,650413,5.207456,5.15132,0.643915,2.57566,7.72698,5.795235,28.976175,43.78622,15.45396
GL6Qb76-hfc,Soluk Mavi Nokta,20161106,manual,391,749,41,18.268293,2.531375,49.4468,zor,0.766582,4.00534,0.0,0.0,194,3,question,15.463918,161,0.0,481647,4.910919,4.00534,1.335113,8.010681,6.675567,6.675567,8.010681,18.691589,1.335113
Fuv59BhKf_Q,Stresle başa çıkmanın en iyi yolu (4K),20161113,manual,456,588,65,9.046154,2.571429,71.9074,kolay,0.784182,8.503401,1.70068,0.0,130,2,question,0.0,94,0.0,3033514,6.746927,0.0,1.70068,13.605442,5.102041,3.401361,15.306122,20.408163,1.70068
8Ca7jkZzC9o,Daha iyi hissetmek için şu düğmeye basın!,20161120,manual,458,792,17,46.588235,2.661616,0.0,çok_zor,0.727973,11.363636,1.262626,1.262626,170,2,question,0.0,136,0.0,1980983,6.323383,1.262626,1.262626,2.525253,5.050505,11.363636,23.989899,8.838384,3.787879
C73183abxRc,Mükemmel olmak için kahverengi şeker yemeyin,20161127,manual,475,870,73,11.917808,2.577011,64.1881,orta,0.728973,6.896552,4.597701,0.0,170,2,question,0.0,111,0.0,784566,5.401857,3.448276,0.0,9.195402,5.747126,2.298851,10.344828,11.494253,1.149425
ZKpVeaqZ_eA,Mandela Etkisiyle Haritaların Ne İlgisi Var?,20161204,manual,547,869,98,8.867347,2.64557,69.3955,orta,0.718854,21.864212,0.0,0.0,132,10,question,15.151515,99,0.0,959881,5.604677,9.205984,3.452244,12.658228,5.75374,5.75374,24.165708,14.959724,6.904488
Pa1uwQHegSA,Kelime Kavanozu,20161211,manual,442,641,79,8.113924,2.681747,69.9085,orta,0.771986,4.680187,4.680187,0.0,117,2,question,8.547009,95,10.526316,962653,5.609518,9.360374,1.560062,10.920437,4.680187,9.360374,10.920437,12.480499,7.800312
Fns44jjZ-sk,2016'da Zincire Eklenen Yeni Halkalar,20161218,manual,296,512,19,26.947368,2.482422,28.7611,çok_zor,0.860333,3.90625,0.0,0.0,153,2,question,13.071895,145,20.689655,261394,4.317586,9.765625,3.90625,5.859375,0.0,7.8125,9.765625,23.4375,9.765625
ZoOTMQQzsJY,2017'de Zinciri Kırma,20161225,manual,543,978,22,44.454545,2.358896,0.0,çok_zor,0.606749,12.269939,5.112474,0.0,203,3,question,0.0,120,8.333333,490265,4.94223,4.08998,3.067485,11.247444,4.08998,3.067485,11.247444,18.404908,4.08998
uxgqns2CF6k,Dünyanın en eski kehanetler kitabı nasıl okunur?,20170101,manual,739,1340,151,8.874172,2.49403,75.4658,kolay,0.706627,11.19403,0.0,0.0,181,2,question,0.0,161,24.84472,985415,5.638734,4.477612,0.0,7.462687,2.238806,5.970149,13.432836,11.19403,5.970149
O3Xde6lnWqw,Gelecekte hangi mesleği seçmeliyim?,20170108,manual,490,946,86,11.0,2.522199,68.7857,orta,0.666354,15.856237,3.171247,0.0,222,5,question,4.504505,79,0.0,2138694,6.41369,5.285412,3.171247,1.057082,4.22833,5.285412,15.856237,20.084567,5.285412
U0cHS6_RxvA,Cinematic 4K Vlog: The Spirit within the Snow,20170110,manual,154,97,28,3.464286,2.453608,91.2095,çok_kolay,0.804124,30.927835,10.309278,0.0,61,1,question,0.0,60,33.333333,84762,3.225081,20.618557,0.0,51.546392,0.0,20.618557,0.0,10.309278,20.618557
4PAPLBTnHFI,Kara Aynadan Yansıyan Korku - Black Mirror S03E05,20170115,manual,618,984,120,8.2,2.64126,71.3104,kolay,0.719405,19.308943,0.0,0.0,189,3,question,10.582011,108,0.0,572756,5.102654,4.065041,1.01626,11.178862,4.065041,7.113821,5.081301,13.211382,2.03252
JqumdJdv8yI,Daha iyi öğrenmek için SODTİ tekniği,20170122,manual,647,1086,147,7.387755,2.481584,79.8453,kolay,0.754326,19.337017,5.524862,0.0,170,1,question,0.0,175,40.0,1982914,6.342179,4.604052,0.92081,8.287293,1.841621,12.891344,11.970534,7.366483,13.812155
AJNDOhrTBsg,Dünyanın en popüler emojisi,20170129,manual,654,1329,23,57.782609,2.613995,0.0,çok_zor,0.701244,14.296464,0.0,0.0,198,4,question,0.0,196,51.020408,283051,4.40798,4.514673,5.267118,3.762227,3.762227,3.009782,16.5538,19.563582,18.058691
Es7EfSMiXmU,Yeniden kreatif olmak için ne yapmak gerek? Noktaları birleştirin!,20170205,manual,642,1076,114,9.438596,2.547398,71.8486,kolay,0.732246,11.152416,5.576208,0.0,168,3,question,11.904762,126,0.0,311145,4.503497,7.434944,3.717472,6.505576,2.788104,10.223048,29.739777,13.011152,5.576208
qqX2jLlqKwI,Newton'un Beşiği,20170212,manual,616,1154,89,12.966292,2.643847,58.7664,orta,0.716398,7.79896,0.866551,0.0,188,2,question,21.276596,133,0.0,795775,5.437793,5.199307,1.733102,6.932409,1.733102,3.466205,22.530329,16.464471,1.733102
JWcr4TwcupA,Arrival - Bu Dünyaya Neden Geldiler?,20170219,manual,651,1135,22,51.590909,2.687225,0.0,çok_zor,0.723728,7.048458,0.0,0.0,198,1,question,20.20202,120,0.0,1407799,6.008378,8.810573,0.881057,8.810573,7.929515,15.859031,5.286344,33.480176,2.643172
V4KlI1pG_HA,Akıllı Şehirler için 13 Proje Fikri,20170226,manual,609,1150,228,5.04386,2.74087,75.5461,kolay,0.753111,8.695652,0.869565,0.0,167,2,question,0.0,140,0.0,543275,5.062121,6.086957,2.608696,5.217391,0.869565,4.347826,18.26087,18.26087,6.956522
CgXPnpvrGNM,Yabancı dil öğrenmenin en hızlı yolu: KO-KO Tekniği,20170305,manual,897,1420,87,16.321839,2.691549,48.092,zor,0.710349,9.15493,1.408451,0.0,182,2,question,5.494505,96,10.416667,6915614,7.602214,3.521127,2.112676,3.521127,4.929577,9.15493,10.56338,14.084507,4.929577
pq9m7AgXZMI,Fikir balığı nasıl yakalanır?,20170312,manual,518,865,80,10.8125,2.557225,67.8678,orta,0.684164,15.028902,4.624277,0.0,175,5,question,17.142857,120,8.333333,218407,4.16423,16.184971,1.156069,8.092486,3.468208,3.468208,24.277457,10.404624,6.936416
ShWyggEYMrM,Gitarım usulca ağlarken,20170319,manual,879,937,16,58.5625,2.522946,0.0,çok_zor,0.654808,3.201708,1.067236,0.0,173,0,surprising_claim,0.0,105,0.0,443918,4.867599,6.403415,8.537887,7.470651,4.268943,8.537887,22.411953,9.605123,10.672359
pTouc201G3o,Neden yeni bir kanal?,20170326,manual,601,1125,121,9.297521,2.558222,71.7819,kolay,0.755333,10.666667,2.666667,0.0,198,4,question,5.050505,125,0.0,386605,4.732521,8.0,1.777778,6.222222,5.333333,2.666667,16.0,11.555556,3.555556
adh1JDl2mDk,İğne deliğinden Hindistan’ı seyretmek,20170402,manual,579,1004,32,31.375,2.467131,17.8192,çok_zor,0.779333,7.968127,0.996016,0.0,189,1,question,5.291005,84,0.0,1559030,6.12233,4.98008,6.972112,10.956175,4.98008,9.960159,13.944223,27.888446,1.992032
oj2mZkz-lc0,Asansörlerin Sessizliği,20170409,manual,664,1036,84,12.333333,2.562741,63.6769,orta,0.762815,7.722008,0.0,0.0,160,2,question,0.0,128,0.0,1008453,5.689918,1.930502,2.895753,7.722008,3.861004,3.861004,26.061776,18.339768,3.861004
mBN0zj4e1ow,Lola'nın üçüncü çığlığı,20170416,manual,581,850,96,8.854167,2.583529,71.9223,kolay,0.736429,12.941176,1.176471,0.0,170,1,question,0.0,109,0.0,923249,5.603997,2.352941,3.529412,20.0,4.705882,7.058824,14.117647,16.470588,2.352941
1X1tr7ctRUg,New York'ta 23 Nisan,20170423,manual,763,852,117,7.282051,2.478873,80.2301,kolay,0.680011,17.605634,8.215962,0.0,148,3,question,0.0,99,10.10101,1264050,5.919228,3.521127,12.910798,3.521127,4.694836,4.694836,10.56338,37.558685,9.389671
SeTVL2V369s,Seth Godin’e sordum: Ikarus bizi neden aldattı?,20170430,manual,527,888,29,30.62069,2.545045,16.6578,çok_zor,0.685515,12.387387,4.504505,0.0,137,0,story,0.0,147,6.802721,190902,4.045927,2.252252,4.504505,6.756757,4.504505,14.63964,11.261261,21.396396,4.504505
u3WcJy1B3Mc,Grand Central Tren İstasyonu'ndan çıktım ve New York Giants futbol oyuncusuyla tanıştım - VLOG 20,20170502,automatic,855,895,139,6.438849,2.181006,94.3977,çok_kolay,0.687177,20.111732,0.0,0.0,100,3,question,10.0,78,0.0,85895,3.269019,2.234637,1.117318,5.586592,1.117318,2.234637,11.173184,10.055866,4.469274
dHyAItfBNI8,36 saatte 3200km - VLOG 21,20170505,automatic,761,733,1,733.0,2.267394,0.0,çok_zor,0.71512,0.0,0.0,0.0,121,0,surprising_claim,0.0,49,0.0,115170,3.553444,1.364256,9.549795,4.092769,0.0,10.914052,4.092769,13.642565,5.457026
10ZtGtHhhcI,Arşiv Rüyası,20170507,automatic,707,1275,3,425.0,2.574902,0.0,çok_zor,0.672848,0.0,0.0,0.0,126,0,surprising_claim,0.0,152,6.578947,234015,4.248356,6.27451,5.490196,16.470588,7.058824,5.490196,31.372549,26.666667,3.921569
0Db0oQKM1tU,"Evde deney yapıyoruz, bir de Wasabi tadıyoruz! - VLOG 22",20170511,automatic,573,763,1,763.0,2.235911,0.0,çok_zor,0.62949,0.0,0.0,0.0,97,0,question,20.618557,111,0.0,189428,4.041497,9.174312,3.931848,6.55308,3.931848,6.55308,6.55308,24.901704,3.931848
tUiP0_B6pP4,Dünya yuvarlak değildir!,20170514,manual,667,1414,18,78.555556,2.51273,0.0,çok_zor,0.693659,7.779349,0.0,0.707214,175,9,question,17.142857,134,7.462687,8239739,7.797781,5.657709,0.707214,7.072136,5.657709,7.779349,6.364922,14.851485,4.243281
7uHP-WoNqgw,Görünen Adamın Görünmeyen Dünyası,20170516,automatic,491,844,1,844.0,2.593602,0.0,çok_zor,0.735907,0.0,0.0,3.554502,192,0,question,5.208333,149,46.979866,368826,4.700693,2.369668,2.369668,9.478673,5.924171,5.924171,31.990521,27.251185,20.14218
1BM3ozlfLzo,500000 aboneye 19 saniye daveti,20170517,automatic,270,581,2,290.5,2.547332,0.0,çok_zor,0.761407,0.0,0.0,0.0,223,0,surprising_claim,0.0,166,18.072289,202681,4.109715,6.884682,0.0,1.72117,3.442341,5.163511,25.817556,18.932874,37.865749
hr1Umhz5q9M,19 SANİYE,20170521,automatic,3121,6026,11,547.818182,2.545138,0.0,çok_zor,0.777385,0.0,0.0,0.331895,145,0,surprising_claim,0.0,165,6.060606,488336,4.980613,3.816794,3.153004,5.144374,4.148689,5.310322,21.905078,20.41155,5.808165
-ykpyhb_QPo,Murphy Kanunlarını Yanlış mı Anladık?,20170528,automatic,436,822,1,822.0,2.486618,0.0,çok_zor,0.685696,0.0,0.0,0.0,154,0,question,12.987013,154,6.493506,2082454,6.42771,7.29927,0.0,6.082725,13.381995,9.73236,10.948905,14.59854,3.649635
TqHw5tneci8,Zamanı ve hayatı yönetmenin Japoncası: Kanban Tekniği,20170604,manual,527,1110,185,6.0,2.637838,77.1899,kolay,0.738242,5.405405,3.603604,0.0,187,2,question,5.347594,180,5.555556,1635364,6.188545,3.603604,0.900901,8.108108,3.603604,6.306306,13.513514,19.81982,12.612613
G89XRGQVm3o,Dünyanın en çok animasyonu yapılan karakteri,20170611,automatic,468,760,1,760.0,2.639474,0.0,çok_zor,0.742538,0.0,0.0,0.0,186,0,question,5.376344,110,0.0,425703,4.850549,6.578947,2.631579,14.473684,10.526316,10.526316,11.842105,13.157895,0.0
CMK0grd0RFA,Neden herkes farklı şekilde daire çiziyor?,20170618,automatic,531,852,1,852.0,2.57277,0.0,çok_zor,0.661273,0.0,0.0,0.0,114,0,question,8.77193,104,0.0,1070041,5.769618,7.042254,0.0,7.042254,7.042254,5.868545,12.910798,9.389671,1.173709
yT1re8kVrhI,Yaz için 7 Kitap Önerisi,20170625,automatic,792,1228,131,9.374046,2.677524,66.7892,orta,0.766363,5.700326,0.0,0.0,144,0,surprising_claim,6.944444,145,0.0,733128,5.395001,4.071661,0.0,5.700326,4.071661,6.514658,17.915309,17.100977,6.514658
MO5aRpDYIfE,İki ayda iki yıl tatil yapmış gibi yapmak,20170702,manual,469,764,57,13.403509,2.557592,61.0906,orta,0.707318,6.544503,1.308901,0.0,166,1,question,0.0,148,33.783784,403419,4.803439,1.308901,0.0,7.853403,2.617801,3.926702,26.17801,11.780105,13.089005
LRHIYT9ljdM,Martin Luther King'in hayaline kimin ihtiyacı var? - VLOG 23,20170709,manual,884,479,3,159.666667,2.688935,0.0,çok_zor,0.728601,0.0,0.0,0.0,89,0,surprising_claim,0.0,0,0.0,253851,4.347104,4.175365,2.087683,12.526096,4.175365,4.175365,8.350731,31.31524,4.175365
UAmR7Z1wIDI,Neden meslek tercihi yapmak resim yapmak kadar zordur?,20170723,manual,530,1080,100,10.8,2.575926,67.1492,orta,0.716833,12.962963,5.555556,0.0,208,2,question,9.615385,150,20.0,453019,4.924767,6.481481,1.851852,8.333333,2.777778,3.703704,25.0,14.814815,8.333333
rXu47vgvID8,Bruce Lee'den özgüven konusunda ne öğrenebiliriz?,20170730,automatic,559,913,89,10.258427,2.64184,65.9146,orta,0.706932,9.857612,0.0,0.0,129,4,question,31.007752,136,7.352941,1795757,6.298679,5.476451,2.190581,7.667032,3.285871,6.571742,6.571742,13.143483,3.285871
5u79w4DTDjI,IKEA etkisiyle hazır kek yapmak  (Bu video yemek tarifi ya da reklam içermez),20170806,automatic,651,1067,1,1067.0,2.502343,0.0,çok_zor,0.746866,0.0,0.0,0.0,175,0,question,11.428571,141,0.0,517383,5.060918,4.686036,0.0,5.623243,2.811621,5.623243,14.058107,21.555764,5.623243
x7Zghqs9cI0,YouTube’un logosu neden değişti? Kırmızının İntikamı,20170903,manual,382,777,55,14.127273,2.580438,58.2837,orta,0.724061,7.722008,0.0,0.0,199,1,question,0.0,137,7.29927,1487698,6.121476,3.861004,2.574003,3.861004,1.287001,1.287001,3.861004,3.861004,2.574003
p7yN5vm0rK8,Sherlock’un hafıza sarayı nasıl yapılır? Mekan Metodu,20170910,manual,829,1353,133,10.172932,2.682188,64.5168,orta,0.71007,5.912786,5.173688,0.0,168,0,surprising_claim,0.0,83,0.0,2776035,6.746389,4.43459,0.739098,5.912786,3.695492,8.86918,11.825573,19.216556,4.43459
RSCMeeApEpc,Yeni bir Proje: SCARECROW | Korkuluk,20170917,manual,660,1224,77,15.896104,2.501634,56.833,orta,0.719845,11.437908,3.267974,0.0,189,2,question,5.291005,65,15.384615,264242,4.407703,7.352941,0.0,4.901961,4.901961,10.620915,19.607843,31.862745,13.888889
VaDAzFJcIxY,Creators for Change: Baris Ozcan | SCARECROW Korkuluk Episode 1,20170918,manual,470,539,71,7.591549,2.543599,76.822,kolay,0.797538,7.42115,3.710575,0.0,148,0,story,0.0,125,0.0,1229242,5.935686,3.710575,9.276438,11.131725,11.131725,16.697588,33.395176,50.092764,3.710575
45-mzhsn0Wo,Creators for Change: Baris Ozcan | SCARECROW Korkuluk Episode 2,20170919,manual,649,949,176,5.392045,2.43941,86.7485,kolay,0.703143,38.988409,5.268704,0.0,183,1,question,16.393443,137,7.29927,217222,4.214996,8.429926,5.268704,5.268704,7.376185,4.214963,18.967334,28.451001,12.644889
OJx72Wjiyds,Creators for Change: Baris Ozcan | SCARECROW Korkuluk Episode 3,20170920,manual,654,691,112,6.169643,2.534009,80.9184,kolay,0.784702,30.390738,5.788712,0.0,155,3,question,12.903226,140,0.0,143721,3.809777,5.788712,7.23589,8.683068,5.788712,7.23589,10.130246,15.918958,10.130246
T09cIhkBnBA,Creators for Change: Baris Ozcan | SCARECROW Korkuluk Episode 4,20170921,manual,549,570,100,5.7,2.517544,82.8057,kolay,0.804,21.052632,7.017544,0.0,122,2,question,8.196721,146,6.849315,110316,3.552236,1.754386,7.017544,14.035088,7.017544,8.77193,1.754386,21.052632,5.263158
RFibAz6hLrs,Creators for Change: Baris Ozcan | SCARECROW Korkuluk Episode 5,20170922,manual,734,935,156,5.99359,2.716578,74.0432,kolay,0.753115,33.15508,8.55615,0.0,86,1,question,0.0,130,0.0,86657,3.318935,7.486631,2.139037,2.139037,1.069519,6.417112,17.112299,22.459893,6.417112
QsoIN-SkBVE,Creators for Change: Baris Ozcan | SCARECROW Korkuluk Episode 6,20170923,manual,808,818,164,4.987805,2.602689,81.2438,kolay,0.735931,48.899756,14.669927,1.222494,103,3,question,29.126214,80,25.0,83893,3.288007,7.334963,3.667482,6.112469,6.112469,8.557457,40.342298,31.784841,17.114914
wGjjAnhsb20,Creators for Change: Baris Ozcan | SCARECROW Short Movie,20170924,manual,2761,2858,576,4.961806,2.552834,83.3146,kolay,0.709434,38.488453,12.946116,0.349895,49,1,question,0.0,63,31.746032,655499,5.311075,5.598321,5.598321,6.648006,5.248425,5.248425,24.492652,31.840448,12.246326
ZWxqQ7MZM7Y,Blade Runner - Film Analizi,20171001,manual,579,998,15,66.533333,2.440882,0.0,çok_zor,0.676345,2.004008,0.0,0.0,199,1,question,10.050251,60,0.0,410915,4.849137,7.014028,3.006012,10.02004,3.006012,7.014028,1.002004,27.054108,5.01002
qkswPEQJtEY,İngilizce’yi Arnold Schwarzenegger’den öğrenmek,20171008,manual,846,1598,20,79.9,2.371089,0.0,çok_zor,0.727439,0.0,0.0,0.0,208,0,surprising_claim,0.0,132,7.575758,884171,5.61335,3.128911,1.877347,5.006258,3.128911,4.380476,10.012516,17.521902,5.006258
RHOg3FA9UwU,Tek istediğim bunun gibi bir şey. Farklı bir motivasyon videosu.,20171015,manual,503,656,113,5.80531,2.539634,81.6433,kolay,0.595077,6.097561,4.573171,0.0,108,0,surprising_claim,0.0,111,27.027027,2821145,6.773251,1.52439,0.0,16.768293,3.04878,6.097561,13.719512,6.097561,12.195122
wJ3nJS2qRTg,İki yıldız çarpışırsa ne olur?,20171022,manual,519,931,69,13.492754,2.566058,60.5175,orta,0.693789,7.518797,0.0,0.0,166,0,surprising_claim,0.0,132,0.0,2697288,6.730574,7.518797,3.222342,3.222342,6.444683,6.444683,6.444683,20.408163,3.222342
biOpGkPG_Ho,Mr.Robot’tan Siber Güvenlik Dersleri,20171029,manual,774,680,86,7.906977,2.601471,73.6737,kolay,0.745444,5.882353,1.470588,0.0,163,0,surprising_claim,0.0,0,0.0,1361863,6.050519,2.941176,1.470588,4.411765,0.0,2.941176,10.294118,17.647059,1.470588
NSZ2AHJ-odE,6 yaşındaki oğlumla 10 ayda 1000 kitap okuduk!,20171102,manual,1163,2259,77,29.337662,2.55467,19.6198,çok_zor,0.624568,5.754759,1.328021,0.0,193,3,question,5.181347,166,6.024096,5469127,7.440257,3.984064,1.328021,4.869411,6.640106,19.034971,14.608234,25.675077,7.968127
YeoHProFCA8,iPhone X'in yüz tanıma teknolojisi en kötü kabusumuz olabilir mi?,20171105,manual,522,909,92,9.880435,2.728273,63.4287,orta,0.720308,11.0011,2.20022,0.0,164,1,question,0.0,120,0.0,1039873,5.783665,0.0,4.40044,3.30033,5.50055,3.30033,23.10231,16.50165,2.20022
8ywsjyr-fow,YouTube için nasıl video hazırlıyorum? (Barış Özcan Kanalı),20171109,manual,648,1360,34,40.0,2.721324,0.0,çok_zor,0.723963,8.088235,0.0,0.0,202,1,question,19.80198,111,36.036036,1686211,6.267115,4.411765,0.0,2.941176,4.411765,11.764706,16.176471,21.323529,30.147059
hQXLrPlcbeo,Kim ulan* bu Elon Musk?,20171112,manual,939,1878,213,8.816901,2.576677,72.2949,kolay,0.735831,13.312034,4.792332,0.532481,188,5,question,5.319149,124,0.0,9573926,8.003045,4.792332,1.064963,5.857295,2.129925,9.052183,7.98722,13.312034,4.792332
5guS-TtJq9Y,Az bilinen ama takibe değer 25 Kanal - YouTube'un dibi hareketi,20171116,manual,806,1850,64,28.90625,2.554054,20.7706,çok_zor,0.682,2.702703,0.540541,0.0,241,2,question,4.149378,164,24.390244,1711785,6.284321,2.702703,0.540541,7.027027,10.27027,5.945946,5.405405,40.540541,28.648649
gqKfG0izuwI,Uzaylılar için Elektronik Spor Dünyası Rehberi - Efsaneler Asla Ölmez,20171119,manual,758,1452,108,13.444444,2.588843,59.7282,orta,0.726696,8.264463,11.707989,0.0,131,2,question,0.0,39,0.0,470602,4.998881,4.132231,0.688705,12.396694,4.132231,7.575758,11.019284,11.019284,4.132231
EMlNstwTHfU,Daha etkili öğrenmek için ne yapmak gerek? Feynman Tekniği ve Ötesi,20171126,manual,561,1149,138,8.326087,2.590078,73.0375,kolay,0.694277,7.832898,25.239339,0.0,191,4,question,15.706806,132,0.0,4084931,7.156133,6.092254,3.481288,6.962576,6.092254,11.314186,9.573542,26.979983,6.092254
OeKfSosXsuU,Bu tasarımları insan mı yaptı yoksa yapay zeka mı?,20171203,manual,496,916,43,21.302326,2.623362,37.8323,zor,0.67875,10.917031,2.183406,0.0,170,1,question,5.882353,137,0.0,502275,5.067953,3.275109,0.0,4.366812,7.641921,9.825328,12.008734,9.825328,1.091703
ENwtC8LgPcw,Bitcoin insanlık tarihinin en önemli icadı olabilir mi?,20171210,manual,915,1958,188,10.414894,2.4857,71.7791,kolay,0.635068,17.875383,0.510725,0.0,185,5,question,5.405405,165,24.242424,3287466,6.94353,5.107252,3.575077,6.128703,3.064351,4.596527,11.235955,13.789581,4.085802
DK1DtmPjnWw,Hollywood’a giden 5 ünlüden 4 İngilizce öğrenme tekniği,20171217,manual,726,1469,145,10.131034,2.625596,66.8997,orta,0.684233,10.211028,3.403676,0.0,220,4,question,13.636364,112,0.0,1620738,6.239489,3.403676,2.722941,4.765146,4.084411,8.168822,17.699115,6.807352,3.403676
_5fwRs94pvE,2018'de Zinciri Kırma!,20171224,manual,674,1400,139,10.071942,2.403571,75.9737,kolay,0.6135,7.857143,7.857143,0.0,213,1,question,0.0,115,0.0,900996,5.656115,3.571429,2.857143,7.142857,10.0,6.428571,6.428571,25.714286,5.714286
PFlQAO54VXw,1 Milyon Aboneye 1 Milyon Teşekkür!,20171226,manual,391,782,29,26.965517,2.419437,31.2441,zor,0.691837,8.951407,0.0,0.0,140,1,question,0.0,158,18.987342,428926,4.918367,3.836317,1.278772,1.278772,7.672634,8.951407,5.11509,21.73913,17.902813
iGZ6IJzBQ-w,İlk günden önceki son gün,20171231,manual,398,822,12,68.5,2.478102,0.0,çok_zor,0.712565,4.86618,0.0,0.0,203,2,question,4.926108,156,0.0,471905,5.014768,2.43309,1.216545,2.43309,3.649635,2.43309,17.03163,17.03163,10.948905
kJhmz-nM-cQ,Kara aynanın içinde mi yoksa dışında mı yaşıyoruz? - Black Mirror S04E04,20180107,manual,939,1580,153,10.326797,2.491139,71.7905,kolay,0.711875,10.759494,3.164557,0.0,208,1,question,0.0,79,12.658228,1180989,5.930319,5.063291,3.164557,12.025316,6.329114,11.392405,8.860759,24.050633,3.164557
6WCjer_Fmsk,13 sayısı uğursuz mudur?,20180114,manual,673,1237,129,9.589147,2.461601,74.9025,kolay,0.682433,12.126112,0.808407,0.0,202,6,question,14.851485,77,12.987013,4152604,7.188024,3.23363,4.850445,6.467259,8.892482,4.850445,8.084074,11.317704,1.616815
nWNn4O78hn4,Nükleer Füzeler ve Tombul Parmaklar,20180121,manual,989,1766,94,18.787234,2.611552,44.8712,zor,0.709808,7.92752,0.0,0.0,165,0,surprising_claim,0.0,72,0.0,1971170,6.44598,2.265006,1.698754,4.530011,3.96376,3.397508,9.060023,7.361268,1.698754
BPFVcPmootQ,117 Yıldır Yanan Ampul,20180128,manual,722,1478,118,12.525424,2.450609,67.6804,orta,0.690455,13.5318,1.35318,0.0,201,3,question,14.925373,147,0.0,2806512,6.801057,4.73613,2.02977,7.44249,2.70636,8.79567,13.5318,8.79567,1.35318
-4Vufms0r3U,Kanalımın kategorisini neden eğitim olarak seçtim?,20180201,manual,927,1786,123,14.520325,2.690929,52.8189,orta,0.656689,5.039194,0.55991,0.0,138,0,surprising_claim,0.0,151,13.245033,336502,4.689365,2.799552,3.919373,8.398656,6.718925,2.799552,15.117581,23.516237,19.596865
NTG7NZgQals,2018 Teknoloji Tasarım Trendi,20180204,manual,722,1500,123,12.195122,2.716667,57.8536,orta,0.682,8.0,2.0,0.0,208,3,question,0.0,125,24.0,491924,5.067132,3.333333,0.0,6.0,3.333333,15.333333,10.666667,14.0,5.333333
FfW2yyxBHpg,3. Rokete ne oldu? Falcon Heavy fırlatışının sonuçları,20180208,manual,1179,2146,179,11.988827,2.469711,68.3135,orta,0.692504,6.989748,6.989748,0.0,149,0,surprising_claim,0.0,53,0.0,1668006,6.285021,2.329916,0.931966,5.125815,7.921715,9.785648,9.319664,15.377446,3.727866
oB2u8dbYQLI,Evrende gözlemlenebilen en büyük ve en küçük şey nedir?,20180211,manual,669,1382,134,10.313433,2.484081,72.109,kolay,0.628925,7.959479,2.170767,0.0,211,1,question,0.0,130,0.0,4248166,7.219709,1.447178,0.723589,10.130246,4.341534,5.788712,2.170767,6.512301,0.0
NgsM4mRc5uk,Antarktika'ya gitmek yasak mı?,20180218,manual,573,1193,132,9.037879,2.525566,73.7715,kolay,0.683827,7.544007,0.838223,0.0,156,1,question,0.0,152,13.157895,4857489,7.355902,2.514669,0.838223,4.191115,5.029338,4.191115,6.705784,16.764459,4.191115
jW-kdWUVgV0,Japonya'dan misafirlerim geldi. Tanıdınız mı?,20180223,manual,728,894,39,22.923077,1.457494,80.4409,kolay,0.48801,16.778523,1.118568,0.0,73,2,question,0.0,135,0.0,367455,4.7836,1.118568,2.237136,2.237136,0.0,1.118568,6.711409,13.422819,4.474273
GVzLvceMC1I,"Bir fincan kahve daha, ben gitmeden",20180304,manual,771,1560,193,8.082902,2.523718,76.3383,kolay,0.709167,7.051282,0.641026,0.0,186,0,story,0.0,145,0.0,1067994,5.847933,6.410256,1.282051,21.153846,3.846154,12.820513,17.948718,35.897436,2.564103
-k49ykDKi68,Başarılı olmak için öğrenmemiz gereken en önemli kelime nedir?,20180311,manual,666,1114,45,24.755556,1.448833,76.0061,kolay,0.519848,10.771993,8.078995,0.0,171,8,question,0.0,117,0.0,2437951,6.67395,0.897666,0.0,4.48833,0.897666,0.897666,4.48833,4.48833,1.795332
4N7QCxlifXQ,"π (Pi) gününe hazır mıyız? 🥧NASA'nın ""Pi in the Sky"" etkinliği",20180313,manual,675,1512,97,15.587629,2.363757,63.1774,orta,0.706667,9.259259,0.0,0.0,248,4,question,12.096774,132,0.0,493332,5.081832,4.62963,0.661376,8.597884,0.661376,3.306878,7.936508,9.259259,4.62963
FgorLc4K2eA,Kimdi bu Stephen Hawking?,20180318,manual,930,1782,159,11.207547,2.630191,63.9054,orta,0.715784,8.978676,0.561167,1.122334,205,6,question,0.0,87,0.0,6235861,7.61461,2.805836,0.0,10.10101,6.734007,7.295174,12.345679,12.345679,4.489338
hPZ1n7oZYpE,DISS atmanın ne demek olduğunu nihayet öğrendim!,20180322,manual,757,1591,161,9.881988,2.428661,75.4615,kolay,0.76378,2.514142,1.257071,0.0,211,0,surprising_claim,0.0,161,24.84472,2679782,6.771983,1.885607,1.257071,10.685104,5.028284,10.685104,14.456317,30.169705,16.341923
LGCZCo-rgu4,Barış Özcan & Şanışer - Korkudan,20180325,manual,234,346,6,57.666667,2.768786,0.0,çok_zor,0.763006,11.560694,2.890173,0.0,150,3,question,0.0,115,26.086957,6602398,7.673976,0.0,0.0,0.0,2.890173,2.890173,14.450867,28.901734,14.450867
AwL5uSm4hL8,Facebook'u silelim mi? #deleteFacebook Psikografik Propaganda Teknikleri ve Cambridge Analytica,20180401,manual,1276,2308,251,9.195219,2.609185,70.0015,kolay,0.723948,16.031196,0.866551,0.0,183,3,question,10.928962,88,0.0,2855190,6.838571,3.89948,0.866551,3.466205,4.766031,4.766031,15.59792,7.79896,3.89948
DmzRtjjtp8k,Hangi Kamerayı Kullanıyorum?,20180405,manual,891,1702,84,20.261905,2.445358,47.6992,zor,0.663267,1.175088,0.0,0.0,138,0,question,36.231884,81,0.0,630157,5.332724,4.112808,0.587544,4.700353,10.575793,7.050529,8.813161,21.73913,14.101058
LEh2PA_I7cQ,Hepimizin ihtiyaç duyduğu bir yetenek,20180408,manual,740,1006,103,9.76699,2.66998,66.0667,orta,0.829333,11.928429,1.988072,0.0,152,1,question,6.578947,40,0.0,2140741,6.553227,2.982107,0.0,7.952286,1.988072,3.976143,17.892644,7.952286,7.952286
mUEkPoMMsMc,Hibrit düşünebiliyor musunuz?,20180415,manual,697,1388,108,12.851852,2.572767,61.9208,orta,0.691986,20.172911,0.720461,0.0,167,8,question,11.976048,116,0.0,1535547,6.223812,5.043228,0.720461,5.763689,6.48415,7.925072,18.731988,22.334294,1.440922
6oUUkdGMYDs,23 Nisan’da sihirli bir kalem diliyorum!,20180422,manual,702,1366,18,75.888889,2.401903,0.0,çok_zor,0.666485,5.856515,0.0,1.464129,207,2,question,0.0,75,0.0,522830,5.152543,4.392387,3.660322,5.124451,2.196193,9.516837,5.124451,13.17716,2.196193
QpVMwU70OwI,Otomatik piyanoyu kim çalıyor? Westworld'ün felsefesi,20180429,manual,784,1368,123,11.121951,2.399854,73.3826,kolay,0.683268,15.350877,0.0,0.0,151,1,question,0.0,129,0.0,907854,5.70421,2.923977,0.730994,10.233918,9.502924,5.847953,13.888889,21.929825,2.192982
1shT8RLFQT8,Cep Telefonuyla Yavaş Çekim Teknikleri #SENDEYAVAŞLAT,20180503,manual,861,876,7,125.142857,1.625571,0.0,çok_zor,0.50683,3.424658,1.141553,0.0,143,1,question,13.986014,13,0.0,464371,5.038297,2.283105,1.141553,4.56621,2.283105,2.283105,18.26484,10.273973,3.424658
vXrWJ-FuoxI,GIF nasıl internetin en başarılı resim formatı oldu?,20180506,manual,549,1048,19,55.157895,2.388359,0.0,çok_zor,0.769444,12.40458,0.0,0.0,160,6,question,18.75,154,6.493506,341598,4.734557,5.725191,3.816794,13.358779,8.587786,5.725191,7.633588,22.900763,4.770992
kMCyfPLqTjY,İnsan trolleyen 'ro'botlara doğru... Google’dan tüyler ürpertici bir teknoloji,20180510,manual,518,1016,8,127.0,2.214567,0.0,çok_zor,0.7605,0.984252,0.0,0.0,182,0,question,21.978022,118,0.0,546771,5.202965,8.858268,0.984252,11.811024,5.905512,2.952756,19.685039,13.779528,4.92126
fZU4BNf1WlE,7 Çalışma Tekniği 🌴1 Harita,20180513,manual,630,1211,78,15.525641,2.585467,54.432,orta,0.726098,2.477291,0.825764,0.0,189,2,question,5.291005,114,0.0,999883,5.805067,3.303055,3.303055,9.909166,4.128819,16.515277,14.863749,16.515277,1.651528
_1EabmR1F4I,Bu kavanoza kaç taş sığar?,20180517,manual,598,904,111,8.144144,2.636062,71.665,kolay,0.693772,7.743363,0.0,0.0,70,1,question,0.0,144,0.0,599875,5.297475,4.424779,2.212389,7.743363,7.743363,13.274336,18.80531,12.168142,6.637168
1HDZVQgLLY4,Laurel mi duyuyorsunuz Yanny mi? İşitsel illüzyonun bilimsel açıklaması,20180520,manual,599,703,91,7.725275,2.506401,77.9674,kolay,0.719626,18.492176,0.0,0.0,171,5,question,0.0,0,0.0,2144525,6.56881,5.6899,0.0,8.534851,5.6899,8.534851,18.492176,21.337127,12.802276
woWxbXQ1Ty0,Gökyüzündeki en parlak 3. cisim,20180527,manual,677,1276,59,21.627119,2.467085,43.2631,zor,0.751952,0.783699,0.783699,0.783699,194,1,question,0.0,134,7.462687,1082611,5.888962,2.351097,0.783699,1.567398,5.485893,5.485893,15.673981,13.322884,3.134796
scry4y-dBLg,Oynamadan oyun analizi yapılır mı? Detroit: Become Human,20180603,manual,829,1299,158,8.221519,2.678984,69.7387,orta,0.719906,9.237875,0.0,0.0,87,1,question,22.988506,90,0.0,1417482,6.160139,5.388761,3.079292,6.158584,4.618938,5.388761,15.396459,25.404157,3.079292
B8pJQqgNz-Y,Örümceği eğitip sıçratabilir misiniz?,20180607,manual,424,801,55,14.563636,2.740325,50.7214,orta,0.731382,6.242197,1.248439,0.0,156,1,question,0.0,152,6.578947,515054,5.152794,3.745318,0.0,3.745318,1.248439,7.490637,8.739076,7.490637,3.745318
WrWb-hTJ8cA,Gökdelen camlarını neden hala insanlar temizliyor?,20180610,manual,564,1037,93,11.150538,2.665381,62.6404,orta,0.809658,5.785921,0.0,0.0,173,1,question,0.0,132,22.727273,2657461,6.789976,2.89296,1.92864,7.714561,2.89296,4.821601,11.571842,0.96432,2.89296
wed8hQp6wqI,17 adımda müzik nasıl aktif dinlenir?,20180614,manual,475,664,83,8.0,2.570783,74.6638,kolay,0.728098,13.554217,0.0,0.0,135,3,question,7.407407,148,0.0,528974,5.181635,7.53012,0.0,7.53012,1.506024,0.0,10.542169,3.012048,1.506024
c1VQ3KvixwY,Nasıl el sıkışılmaz?,20180617,manual,753,1487,130,11.438462,2.472764,69.6273,orta,0.66501,9.414929,0.0,0.0,130,5,question,23.076923,147,0.0,1468755,6.200267,4.707465,1.34499,3.362475,2.017485,7.397445,11.432414,13.449899,4.03497
B0QcVWErLlM,Biz Şampiyonlarız! - Büyük sınavlardan önce motivasyona ihtiyacı olanlara,20180624,manual,488,684,97,7.051546,2.340643,86.3851,kolay,0.642391,17.54386,46.783626,0.0,151,4,question,0.0,62,0.0,524294,5.176131,1.461988,0.0,4.385965,0.0,1.461988,14.619883,92.105263,4.385965
2guO7TEnwmA,Instagram TV yeni YouTube olabilir mi?,20180701,manual,694,1475,118,12.5,2.571525,62.889,orta,0.644421,12.20339,2.033898,0.0,219,7,question,4.56621,133,7.518797,320694,4.690477,6.779661,0.677966,9.491525,4.745763,5.423729,18.983051,27.79661,8.135593
kpulBzumuKI,Yazın yapılabilecek en güzel aktivite: Öğrenmeyi Öğrenmek,20180705,manual,512,948,105,9.028571,2.617089,70.1189,kolay,0.686304,14.767932,1.054852,0.0,143,3,question,0.0,129,7.751938,738458,5.520687,8.438819,1.054852,5.274262,0.0,7.383966,32.700422,18.987342,5.274262
KXcgiR05Eu8,Bunu size okulda öğretmeyecekler - Yaz Okulu 1,20180708,manual,751,1329,129,10.302326,2.481565,72.2391,kolay,0.692683,10.534236,3.009782,0.0,128,2,question,0.0,170,0.0,772406,5.566465,3.009782,2.257336,7.524454,2.257336,3.762227,21.820918,9.029345,4.514673
6nupxl23oeU,Asgardia: 2.8 kg ağırlığında bir uzay ülkesi. Şimdilik!,20180712,manual,789,1463,47,31.12766,2.62201,12.2426,çok_zor,0.699127,12.303486,1.367054,0.0,132,2,question,0.0,156,51.282051,1053288,5.876952,3.417635,5.468216,6.83527,4.784689,2.050581,12.303486,20.50581,10.252905
4THSU0om71Q,Beyin nasıl çalışır? - Yaz Okulu 2,20180715,manual,796,1315,130,10.115385,2.659316,65.5858,orta,0.703926,7.604563,0.0,0.0,99,1,question,20.20202,142,0.0,664900,5.419562,4.562738,0.0,10.646388,6.844106,8.365019,20.532319,14.448669,0.760456
hCCPbYes2zI,"Hitler neden 4,5 km uzunluğunda bir bina tasarladı? PRORA Oteli",20180722,manual,478,940,80,11.75,2.560638,65.2839,orta,0.722545,3.191489,1.06383,0.0,171,1,question,0.0,155,0.0,2889542,6.88773,2.12766,4.255319,6.382979,4.255319,5.319149,6.382979,13.829787,4.255319
egsTmOJt5_o,27 Temmuz gecesi gökyüzüne bakın! Yüzyılın en uzun ay tutulması ve Mars’ın en parlak gecesi,20180726,manual,485,967,102,9.480392,2.559462,71.2548,kolay,0.667118,4.136505,0.0,0.0,206,0,surprising_claim,4.854369,133,7.518797,1102731,5.927426,2.068252,2.068252,4.136505,7.238883,5.170631,9.307135,4.136505,4.136505
7b9pzxZBlbs,VAZGEÇTİM! - Yaz Okulu 3,20180729,manual,511,1028,112,9.178571,2.377432,79.3556,kolay,0.705619,3.891051,0.0,0.0,136,1,question,7.352941,154,0.0,487633,5.115813,4.863813,0.0,1.945525,7.782101,8.754864,13.618677,11.673152,0.0
1HzfO453f24,Yeni bir geometrik şekil keşfedildi! SCUTOID,20180805,manual,742,1107,81,13.666667,2.534779,61.3203,orta,0.696361,11.743451,1.806685,0.0,148,5,question,6.756757,74,0.0,1313065,6.104965,9.033424,0.903342,8.130081,8.130081,2.710027,9.936766,14.453478,1.806685
lgN6dTJvCvA,52 Mavi - Dünyanın En Yalnız Yaratığı,20180812,manual,409,680,89,7.640449,2.560294,76.0236,kolay,0.721111,10.294118,1.470588,0.0,142,0,surprising_claim,0.0,104,0.0,1403193,6.173589,4.411765,2.941176,14.705882,14.705882,10.294118,13.235294,11.764706,0.0
InhONwjflFE,Shenandoah Canavarını Arıyoruz :),20180816,manual,940,939,236,3.978814,2.396166,92.1743,çok_kolay,0.67577,51.118211,10.649627,0.0,96,4,question,0.0,73,13.69863,506144,5.158949,5.324814,5.324814,5.324814,0.0,3.194888,15.974441,21.299255,4.259851
3x-sqXwyy-s,Iron Man'in çekildiği yere gittik!,20180819,manual,653,964,14,68.857143,2.067427,0.0,çok_zor,0.660733,1.037344,0.0,0.0,171,0,surprising_claim,0.0,91,0.0,406651,4.942507,4.149378,4.149378,4.149378,3.112033,2.074689,8.298755,13.485477,9.3361
xHat6bFuyWY,"İlk kadın seri katilin, kölelerin ve kasırgaların kenti",20180826,manual,809,321,20,16.05,2.58567,53.0552,orta,0.825545,12.461059,0.0,0.0,162,1,question,0.0,0,0.0,650284,5.411671,0.0,3.115265,6.23053,3.115265,6.23053,12.461059,24.922118,12.461059
qFEJlKs79uc,Bu saat 10000 yıl çalışacak!,20180902,manual,1014,2102,160,13.1375,2.422931,67.1949,orta,0.684024,11.893435,0.0,0.0,122,7,question,0.0,139,0.0,1135585,5.969652,5.708849,1.90295,1.90295,2.378687,6.660324,16.650809,6.660324,3.805899
ag33VJ0cN38,Deli Dahi DALİ,20180906,manual,601,765,84,9.107143,2.545098,72.806,kolay,0.735226,3.921569,0.0,0.0,114,1,question,0.0,97,20.618557,433970,5.013214,3.921569,1.30719,7.843137,0.0,5.228758,9.150327,14.379085,7.843137
ULTw1LQDssk,2 Günde 4 Disney Parkı Gezmek,20180909,manual,946,1406,31,45.354839,2.357752,0.0,çok_zor,0.711688,4.978663,2.84495,0.0,175,1,question,0.0,94,0.0,349408,4.799111,0.0,0.0,4.978663,5.6899,2.133713,13.513514,9.957326,3.556188
7qKWkJmsC_A,Ne zaman UÇAN ARABALARımız olacak?,20180916,manual,632,1220,81,15.061728,2.67459,52.0622,orta,0.732606,5.737705,2.459016,0.819672,180,0,surprising_claim,0.0,163,0.0,486519,5.130224,6.557377,2.459016,6.557377,1.639344,9.836066,4.098361,10.655738,1.639344
NzwCFn2VQFM,Bir Anadolu Süper Kahramanı: PUDUHEPA,20180918,manual,719,1206,64,18.84375,1.602819,85.2495,kolay,0.484201,8.291874,2.487562,0.0,217,8,question,4.608295,108,0.0,516917,5.191169,0.829187,0.829187,4.975124,0.0,5.804312,9.950249,10.779436,1.658375
zTxyIMuvs1o,Elon Musk şimdi de AY'a insan gönderiyor! 🌙Hem de kimi gönderiyor biliyor musunuz?,20180920,manual,494,999,76,13.144737,2.601602,59.9979,orta,0.709723,6.006006,1.001001,0.0,192,0,surprising_claim,0.0,136,0.0,1109727,5.952869,7.007007,1.001001,6.006006,1.001001,9.009009,24.024024,3.003003,2.002002
56vxGr_TOiE,Japonlar bir asteroide ROBOT indirdi!,20180923,manual,748,1343,157,8.55414,2.664929,69.4352,orta,0.755001,3.723008,0.0,0.0,138,1,question,0.0,105,28.571429,1017356,5.867233,0.744602,0.744602,7.446016,2.233805,18.615041,9.679821,21.593448,6.701415
WzNA02gjcPE,Kodlayarak nasıl sanat yapılır?,20180927,manual,582,1068,114,9.368421,2.614232,69.3466,orta,0.753922,14.981273,0.0,0.0,173,6,question,11.560694,129,7.751938,373875,4.872428,6.554307,2.808989,14.981273,4.681648,6.554307,42.134831,3.745318,8.426966
7m50hJglZs8,Kasırgalar durdurulabilir mi? 7 Başarısız Girişim,20180930,manual,618,924,39,23.692308,1.522727,75.8125,kolay,0.500962,4.329004,4.329004,0.0,164,4,question,6.097561,99,0.0,979465,5.831806,1.082251,0.0,0.0,0.0,2.164502,2.164502,1.082251,0.0
kk6aCzx3kZs,Kafe Duvarı İllüzyonu,20181007,manual,429,852,23,37.043478,2.703052,0.0,çok_zor,0.694477,8.215962,2.347418,0.0,175,1,question,11.428571,144,6.944444,536123,5.234005,5.868545,0.0,9.389671,10.56338,4.694836,18.779343,3.521127,3.521127
HStCv8ixyWg,Geri dönülemeyecek o noktaya sadece 12 yıl kaldı!,20181011,manual,559,1146,111,10.324324,2.537522,69.9336,orta,0.72979,12.216405,0.0,0.0,195,4,question,5.128205,135,0.0,3864053,7.205902,3.490401,2.617801,6.980803,3.490401,1.745201,13.961606,13.961606,5.235602
joZvGqg0K_U,Banksy’nin 8.000.000 TL değerindeki tablosu neden kendini imha etti?,20181014,manual,744,1482,126,11.761905,2.539136,66.1166,orta,0.66034,8.77193,2.024291,0.674764,153,2,question,6.535948,127,39.370079,2637108,6.825259,5.398111,2.024291,6.747638,5.398111,6.747638,14.17004,10.121457,6.747638
bQGb69S_fZ4,ÇİN neden uzaya YAPAY AY gönderecek?,20181021,manual,602,1012,160,6.325,2.592885,78.1476,kolay,0.811333,5.928854,0.988142,0.0,195,2,question,5.128205,124,40.322581,1696351,6.387098,4.940711,0.988142,11.857708,5.928854,6.916996,6.916996,6.916996,8.893281
BN-yIQT6gq0,Geleceğin Kısa Tarihi - 11 Dakikada 245 Yıl,20181028,manual,682,1452,159,9.132075,2.818182,61.7698,orta,0.781658,0.688705,0.0,0.0,198,0,surprising_claim,0.0,158,0.0,5984110,7.648968,2.754821,0.0,1.37741,0.0,2.754821,2.754821,3.443526,0.688705
3LDTgXzWKes,2 hafta sonra kilogramın tanımı değişecek,20181104,manual,569,1117,49,22.795918,2.65085,32.8297,zor,0.760479,10.743062,0.0,0.0,182,5,question,5.494505,128,7.8125,1134576,5.990605,5.371531,0.895255,7.162041,6.266786,2.685765,17.009848,17.009848,2.685765
itAO8RXm2ZI,2 MİLYON Aboneye Özel 5 Saniyelik Hediye,20181106,manual,291,586,2,293.0,2.561433,0.0,çok_zor,0.769047,1.706485,0.0,0.0,211,0,surprising_claim,0.0,139,43.165468,659427,5.450463,3.412969,1.706485,1.706485,5.119454,5.119454,22.1843,20.477816,29.010239
N31AVgz21c4,Sakın beyaz bir ayı düşünme!,20181108,manual,631,980,86,11.395349,2.663265,62.0865,orta,0.695667,3.061224,2.040816,0.0,153,2,question,6.535948,52,0.0,1656059,6.369403,3.061224,4.081633,10.204082,2.040816,3.061224,19.387755,9.183673,4.081633
MfRXdjOznRQ,Dünyanın ilk yapay zeka TV sunucusu,20181111,manual,881,1635,142,11.514085,2.440979,70.7069,kolay,0.7265,4.281346,1.223242,0.0,167,0,surprising_claim,0.0,60,0.0,1483128,6.260369,0.0,0.611621,6.727829,2.446483,6.116208,15.29052,19.571865,4.281346
Z06PqZ-t7EI,Tekvin - OKU,20181114,manual,465,939,75,12.52,2.496273,65.86,orta,0.706936,4.259851,0.0,0.0,183,0,surprising_claim,0.0,121,33.057851,588805,5.340505,6.389776,3.194888,12.779553,7.454739,2.129925,8.519702,14.909478,10.649627
rovTz6ejwvc,Kimdi bu Stan Lee?,20181118,manual,702,1344,60,22.4,2.37128,45.0948,zor,0.690682,12.64881,0.0,0.0,192,1,question,0.0,107,9.345794,1252041,6.093806,9.672619,0.0,11.160714,5.952381,11.160714,7.440476,17.113095,0.744048
xX6E5mQ1XP0,11 dakikada MARS Turu,20181125,manual,697,1202,130,9.246154,2.529118,73.0852,kolay,0.71701,0.831947,0.0,0.0,168,0,surprising_claim,0.0,0,0.0,3749113,7.191519,2.49584,0.0,5.823627,1.663894,17.470882,4.159734,9.983361,0.831947
TyKZVXlXess,Bir taşı suda en fazla kaç kez sektirebilirsiniz?,20181202,manual,668,1281,136,9.419118,2.323185,80.9071,kolay,0.688512,11.709602,0.78064,0.0,172,3,question,0.0,112,0.0,1636665,6.366109,7.806401,0.78064,5.464481,1.56128,10.928962,23.419204,17.174083,2.34192
-98iqLJYXdo,Çinliler Ay’ın karanlık yüzüne rover gönderdi!,20181209,manual,644,1312,121,10.842975,2.557165,67.7907,orta,0.68906,4.573171,0.762195,0.0,173,0,surprising_claim,0.0,197,5.076142,1304266,6.142008,1.52439,0.0,6.097561,5.335366,3.04878,9.908537,19.054878,5.335366
5uIl38UFVh0,En güzel yeni yıl hediyesi - 2019'da Zinciri Kırma,20181216,manual,757,1613,160,10.08125,2.409795,75.6994,kolay,0.665265,9.919405,3.099814,0.0,183,5,question,5.464481,135,0.0,1413189,6.224539,3.099814,0.619963,3.719777,3.719777,6.199628,14.879107,12.399256,13.019219
q_XSTEZWIrA,Satürn’ün Halkaları Neden Kayboluyor?,20181223,manual,517,1048,95,11.031579,2.61355,65.0332,orta,0.752333,3.816794,0.954198,0.0,198,3,question,15.151515,150,0.0,2123148,6.633424,5.725191,0.0,4.770992,2.862595,8.587786,4.770992,15.267176,0.954198
mpMUBJL01Hw,2018’de izlediğim en iyi 18 Film,20181227,manual,931,2008,174,11.54023,2.539841,66.6669,orta,0.7612,1.992032,0.996016,0.0,202,0,question,4.950495,156,32.051282,1941632,6.545605,4.482072,1.992032,9.462151,5.478088,10.458167,8.466135,20.916335,8.466135
qmgpLn8qAXg,2019'a girmeden önce en son bu videoyu izle!,20181230,manual,672,848,113,7.504425,2.538915,77.2375,kolay,0.647092,17.688679,3.537736,0.0,127,2,question,0.0,97,0.0,1792289,6.466763,8.254717,2.358491,14.150943,2.358491,2.358491,30.660377,2.358491,0.0
8QOE7g7D9J8,Benzine Veda! Tesla Model 3 ile elektrikli otomobil dünyasına merhaba!,20190106,manual,1199,1894,195,9.712821,2.611932,68.5402,orta,0.662129,3.695882,0.527983,0.0,123,0,surprising_claim,0.0,16,0.0,3041427,6.997467,1.055966,0.527983,5.807814,8.975713,5.279831,14.255544,16.895459,8.44773
hGXftt8ZHN4,Şerefsizim benim aklıma gelmişti!,20190113,manual,922,1960,216,9.074074,2.470918,75.8725,kolay,0.681826,14.285714,0.510204,0.0,216,6,question,0.0,120,0.0,2210570,6.68125,4.081633,1.530612,7.653061,3.061224,7.653061,23.979592,14.795918,5.102041
1MZWaFdcy3Q,Tek bir makas kesiğiyle bu şekli nasıl yaparsınız? Cevap: algoritma yazarak,20190120,manual,916,1624,197,8.243655,2.50431,76.6984,kolay,0.676194,15.394089,3.078818,0.0,168,5,question,23.809524,69,0.0,1019981,5.911764,9.852217,2.463054,2.463054,3.078818,6.773399,17.241379,10.46798,2.463054
qfzNQAgfsZA,Dünyanın ilk TASARLANMIŞ BEBEKLERİ doğdu!,20190127,manual,964,1645,219,7.511416,2.613374,74.2279,kolay,0.720897,7.294833,0.607903,0.0,183,1,question,5.464481,0,0.0,3186143,7.051478,4.863222,1.823708,6.68693,6.68693,5.471125,9.118541,15.197568,3.039514
hFh3JUQ_a5U,TRAMVAY PROBLEMİ - Siz olsanız ne yapardınız?,20190203,manual,1025,1913,197,9.71066,2.451124,75.0063,kolay,0.657571,11.500261,0.0,0.0,220,2,question,0.0,75,0.0,3978500,7.275935,6.27287,0.522739,3.659174,3.136435,3.136435,22.477784,3.659174,2.613696
B-lic__ZFA4,Dünyanın kutupları neden yer değiştiriyor?,20190207,manual,619,1239,109,11.366972,2.595642,64.8773,orta,0.677467,8.071025,0.807103,0.0,174,0,question,5.747126,134,0.0,1189375,6.071529,5.649718,1.614205,4.842615,4.842615,6.45682,9.68523,4.035513,1.614205
ptDKt8JqERo,500 yıllık deney olur mu? Dünyanın en uzun deneyleri,20190210,manual,733,541,45,12.022222,2.426987,69.9428,orta,0.792415,9.242144,0.0,0.0,215,1,question,4.651163,0,0.0,1474597,6.287128,3.696858,5.545287,5.545287,1.848429,7.393715,1.848429,9.242144,1.848429
m1xr6ngPiBU,Neden kimse bu diziyi konuşmuyor?,20190217,manual,1136,732,69,10.608696,2.595628,66.8569,orta,0.725552,8.196721,0.0,0.0,161,2,question,0.0,0,0.0,2865155,6.953011,9.562842,0.0,9.562842,5.464481,23.224044,15.027322,15.027322,5.464481
KW0yOEw2UqY,Uzaylılar bizi buldu mu? Oumuamua nedir?,20190224,manual,638,1176,147,8.0,2.516156,76.8584,kolay,0.662182,5.952381,1.70068,0.0,132,2,question,15.151515,154,0.0,4903589,7.492514,5.102041,0.0,11.054422,5.102041,4.251701,1.70068,21.258503,0.0
oMyAtjwlags,Dünyanın en Tehlikeli Tırmanışı,20190303,manual,845,1451,15,96.733333,2.626465,0.0,çok_zor,0.687599,2.06754,0.0,0.0,128,1,question,7.8125,112,0.0,4375887,7.381285,4.135079,2.06754,7.580979,6.202619,6.202619,8.959338,9.648518,0.68918
-3DvuLtuf1U,AYNA DÜNYALAR,20190310,automatic,912,1630,4,407.5,2.67546,0.0,çok_zor,0.697115,0.0,0.0,0.0,164,0,question,6.097561,141,0.0,2335353,6.75645,1.840491,1.840491,7.361963,6.134969,6.134969,14.723926,10.429448,0.613497
meRNpiyORVs,Bilim insanları zamanı geriye aldı mı?,20190317,manual,637,1169,123,9.504065,2.665526,66.9319,orta,0.742051,16.253208,5.132592,0.0,182,2,question,0.0,112,17.857143,2504261,6.828777,2.566296,0.0,5.132592,2.566296,4.27716,13.686912,15.397776,3.421728
1iMmenHFdCE,"Yapay zeka GauGAN, çizimleri tabloya dönüştürmeyi öğrendi!",20190320,manual,480,862,84,10.261905,2.721578,62.702,orta,0.722547,13.921114,0.0,0.0,146,4,question,6.849315,154,12.987013,624027,5.443578,4.640371,0.0,3.480278,4.640371,2.320186,20.881671,12.761021,4.640371
SvoFQ-x898U,Google Stadia oyun konsollarını bitirecek mi?,20190324,manual,847,1747,169,10.337278,2.640527,65.7615,orta,0.728929,9.158558,0.57241,0.0,187,2,question,16.042781,136,0.0,749633,5.627715,2.862049,1.14482,6.868918,2.289639,8.586148,8.586148,16.599886,4.579279
cUKVgiq9D4c,DOKUZUNCU ve SONUNCU,20190331,manual,756,1259,138,9.123188,2.543288,72.8369,kolay,0.703586,18.268467,5.559968,0.0,180,7,question,5.555556,68,0.0,1291824,6.173016,3.971406,1.588562,14.297061,0.794281,20.651311,23.034154,12.708499,0.794281
Qv8LnK8RsxQ,10 Nisan’da astronomlar kara deliklerle ilgili “çığır açıcı bilgiler” açıklayacak,20190403,manual,503,1015,73,13.90411,2.612808,57.5657,orta,0.758667,5.91133,3.940887,0.0,186,1,question,10.752688,128,0.0,1147446,6.055871,8.866995,0.985222,5.91133,4.926108,5.91133,9.852217,14.778325,5.91133
f6kVa7kkQiI,Marmara Denizi’nde  yüzen bir kent yapılamaz mı?,20190407,manual,749,1573,126,12.484127,2.642721,60.0701,orta,0.760877,5.721551,1.907184,0.0,188,4,question,15.957447,145,13.793103,996092,5.916254,4.450095,0.635728,5.085823,1.907184,1.907184,17.800381,8.900191,5.085823
WAIW0i4DW7g,FALCON ROKETLERİ nasıl dikey olarak inebildi?,20190414,manual,827,1788,136,13.147059,2.623602,59.108,orta,0.716368,5.592841,0.0,0.0,213,0,surprising_claim,0.0,189,5.291005,909553,5.82822,3.914989,0.0,6.711409,6.152125,5.592841,9.50783,16.219239,2.237136
OegB_0J5Ac8,Günde 2 BARDAK BONCUK Stratejisi,20190417,manual,519,821,8,102.625,1.299635,0.0,çok_zor,0.434031,3.65408,0.0,0.0,179,3,question,0.0,126,0.0,805147,5.707788,0.0,0.0,0.0,2.436054,4.872107,4.872107,0.0,0.0
YpagaIm3AUU,TETRİS neden bu kadar bağımlılık yapıyor?,20190421,manual,690,1440,116,12.413793,2.465972,67.3546,orta,0.692667,2.777778,0.0,0.0,209,0,surprising_claim,0.0,113,0.0,882294,5.800486,2.777778,2.083333,5.555556,1.388889,4.861111,6.944444,4.861111,4.861111
tLb_1XBG0ZM,Çok GÜÇLÜ OLMAK için ne yapmak gerek? - 23 Nisan Özel Videosu,20190423,manual,596,185,26,7.115385,2.351351,85.7883,kolay,0.654054,16.216216,21.621622,0.0,80,2,question,0.0,108,9.259259,1458156,6.302438,0.0,0.0,21.621622,0.0,43.243243,16.216216,21.621622,5.405405
BO4EFUnpQ48,Uzay Merkezi'ne Yolculuk Hazırlıkları,20190428,manual,900,1734,119,14.571429,2.623414,55.3979,orta,0.714124,5.190311,0.0,0.0,207,1,question,4.830918,139,14.388489,767449,5.664093,5.190311,2.883506,4.036909,2.306805,6.920415,13.264129,23.644752,12.110727
n1kuBmHuKJI,NASA'da 1 Hafta - Astronotla Tanıştım,20190505,manual,1189,1804,45,40.088889,1.424058,36.9815,zor,0.487618,1.662971,0.554324,0.0,226,2,question,0.0,27,0.0,3783958,7.259401,0.554324,0.0,1.662971,0.554324,1.662971,0.554324,3.325942,0.554324
cl8JNLBaJvw,Game of Thrones'daki Starbucks Bardağı,20190512,manual,767,1375,26,52.884615,1.943273,0.0,çok_zor,0.582667,4.363636,0.727273,0.0,192,0,surprising_claim,0.0,116,0.0,1467885,6.316189,4.363636,0.0,4.363636,6.545455,5.818182,5.818182,9.454545,0.727273
YLqksBowQAE,10 ülkeden 10 kelime ile mutlu olma sanatı,20190515,manual,598,790,61,12.95082,2.606329,60.3141,orta,0.74431,8.860759,37.974684,0.0,168,2,question,0.0,0,0.0,676750,5.545148,0.0,1.265823,6.329114,5.063291,6.329114,8.860759,12.658228,3.797468
HTFTvfin5Es,Yürüyelim Arkadaşlar!,20190519,manual,744,1216,40,30.4,2.546053,17.1933,çok_zor,0.704988,16.447368,0.822368,0.0,150,3,question,0.0,108,0.0,559747,5.357648,4.934211,0.0,3.289474,5.756579,4.934211,5.756579,21.381579,6.578947
f69FZ66NvGU,Milyonlarca Türk Mars’a neden ismini gönderiyor?,20190526,manual,879,1772,219,8.091324,2.582393,73.959,kolay,0.711176,12.979684,4.514673,0.0,197,3,question,0.0,128,15.625,1337583,6.228679,1.693002,2.257336,4.514673,3.386005,2.257336,28.781038,15.801354,18.058691
hbTXsHZBWdI,HAZIRLANIN! Yapay zeka insan zekasını geçmek üzere...,20190602,manual,920,1770,167,10.598802,2.584181,67.3427,orta,0.683667,8.474576,0.0,0.0,164,1,question,0.0,114,0.0,1724282,6.484831,3.389831,1.129944,9.60452,3.389831,5.084746,12.429379,6.214689,0.0
qL4OydeNzFE,Dünyanın en derin noktasında ne var?,20190605,manual,701,1362,104,13.096154,2.550661,62.1712,orta,0.710589,7.342144,1.468429,0.0,201,1,question,0.0,118,8.474576,4646599,7.476333,0.734214,0.734214,2.936858,2.202643,10.279001,8.076358,8.076358,7.342144
WRgkyImOYzA,Kim ulan bu Billy Bauer (!) Black Mirror S05E02,20190609,manual,983,1860,149,12.483221,2.460753,67.3831,orta,0.697639,8.602151,2.150538,1.075269,100,0,surprising_claim,0.0,155,0.0,1289533,6.197469,3.225806,1.075269,3.763441,4.83871,5.913978,6.989247,16.129032,4.301075
J1UWh5tVuww,100 bebek bir odaya kapatılıp büyütülürse hangi dili konuşurlar?,20190612,manual,571,1109,70,15.842857,2.67358,50.0641,orta,0.751229,6.311993,0.0,0.0,223,3,question,13.452915,135,0.0,10937470,8.334728,8.115419,1.803427,5.41028,4.508566,5.41028,6.311993,13.525699,5.41028
C7T7IK3BWhg,Heykeller neden beyazdır?,20190616,manual,484,943,93,10.139785,2.76246,61.3783,orta,0.746104,9.544008,1.060445,1.060445,204,1,question,9.803922,119,0.0,1079974,6.02318,4.241782,0.0,9.544008,6.362672,1.060445,16.967126,9.544008,0.0
2lPigwZnV1g,90 günde okunabilecek 12 kitap,20190619,manual,641,1327,117,11.34188,2.607385,64.471,orta,0.743664,20.346647,0.0,0.0,197,6,question,15.228426,148,0.0,2534972,6.876178,9.796534,0.0,3.767898,3.767898,7.535795,15.82517,12.810852,10.550113
9r2ZJhJ8zCE,DÜNYANIN EN İYİ BELGESELİ tam 56 yıldır çekiliyor ve muhtemelen hiç izlemediniz!,20190623,manual,730,1420,131,10.839695,2.559155,67.7193,orta,0.700095,5.633803,0.0,0.0,214,1,question,14.018692,129,0.0,1793079,6.531883,8.450704,2.112676,6.338028,5.633803,11.971831,19.014085,12.676056,3.521127
pQxgqESeGtI,Dünyanın ilk gerçek bilim insanı kimdir?,20190630,manual,763,1513,193,7.839378,2.668209,71.1689,kolay,0.787,6.609385,0.0,0.0,189,3,question,15.873016,99,0.0,863657,5.805607,6.609385,0.660939,7.270324,3.965631,7.270324,10.575017,9.253139,3.965631
KCJDriDjktE,Sadece 235 atom kullanarak bir yarış arabası tasarladık!,20190707,manual,995,1596,75,21.28,1.615915,78.3648,kolay,0.504625,1.253133,0.0,0.0,170,0,question,11.764706,108,0.0,713369,5.617742,1.253133,0.0,0.626566,1.253133,2.506266,0.626566,0.626566,0.626566
4wVfT6K9m04,Satürn'ün halkalarının videosunu çektim!,20190710,manual,344,210,45,4.666667,2.542857,84.4857,kolay,0.67619,0.0,0.0,0.0,136,0,question,7.352941,25,40.0,1842062,6.565308,4.761905,0.0,0.0,14.285714,0.0,23.809524,14.285714,23.809524
qgkeWRjdPas,MONTAUK PROJESİ,20190714,manual,790,1336,96,13.916667,2.582335,58.7572,orta,0.716651,3.742515,0.0,0.0,117,2,question,8.547009,120,0.0,2021852,6.65985,2.994012,2.994012,7.48503,8.982036,10.479042,5.988024,11.976048,4.491018
31xYUbF3V2M,Ay'a GERÇEKTEN gidildi mi?,20190721,manual,1103,2355,204,11.544118,2.564331,65.6728,orta,0.707239,6.794055,2.547771,0.0,180,1,question,16.666667,107,0.0,6205003,7.783029,6.369427,0.0,2.972399,3.397028,8.492569,5.52017,8.917197,2.547771
DghQPqsA4R8,Elon Musk’ın son girişimi Neuralink 2020’de insan beynine çip takacak,20190728,manual,743,1489,130,11.453846,2.640027,62.8674,orta,0.704147,6.044325,1.343183,0.0,203,2,question,9.852217,126,7.936508,2244626,6.769654,4.701142,0.671592,6.715917,2.686367,2.014775,6.715917,6.715917,4.701142
5L-lRcg4TTY,Sanal Gerçeklik -VR- Turu,20190804,manual,1448,2203,59,37.338983,2.558783,0.0,çok_zor,0.682242,19.518838,2.269632,0.0,169,0,story,0.0,142,0.0,1598970,6.43365,3.631412,1.815706,4.539265,10.440309,6.35497,28.143441,32.228779,8.624603
JmMBZruthxQ,RASTGELE SORULAR,20190811,manual,998,1917,145,13.22069,2.380282,68.6912,orta,0.708956,17.736046,0.521648,0.0,211,0,surprising_claim,0.0,126,0.0,1739217,6.520316,5.216484,0.521648,4.173187,2.086594,3.12989,5.738132,8.346375,4.173187
N4m_xt4vFwY,Böyle bir insan yok!,20190818,manual,833,1604,75,21.386667,2.739401,32.9503,zor,0.709827,2.493766,1.246883,0.0,177,0,question,5.649718,134,0.0,2291176,6.79832,2.493766,0.623441,6.857855,4.987531,3.740648,11.845387,8.72818,1.246883
M9xiMdGRDsg,MEGA VLOG: Niagara Şelaleleri'nde Duş Almak!,20190825,manual,1799,1089,154,7.071429,2.512397,79.433,kolay,0.798449,28.466483,6.427916,0.0,140,1,question,0.0,0,0.0,2310745,6.809552,5.509642,1.836547,10.10101,2.754821,14.692378,10.10101,22.038567,3.673095
oN_8J6W8iJE,Erteleme hastalığınız varsa bu videoyu hiç ertelemeden izleyin!,20190904,manual,726,1460,154,9.480519,2.617123,68.9379,orta,0.700145,5.479452,29.452055,0.0,151,2,question,6.622517,156,12.820513,5717274,7.718741,0.684932,2.054795,2.739726,4.109589,14.383562,16.438356,13.013699,6.849315
QzhnczDfR0s,Hindistan Ay’a iniş denemesinde başarısız mı oldu?,20190908,manual,536,988,91,10.857143,2.623482,65.0895,orta,0.704434,6.072874,0.0,0.0,160,0,surprising_claim,0.0,135,7.407407,1269526,6.21702,2.024291,0.0,2.024291,3.036437,11.133603,8.097166,7.08502,3.036437
Ot0vYkRT1Mg,YEDİNCİ KITA,20190915,manual,623,1330,192,6.927083,2.62782,75.1727,kolay,0.724162,3.007519,0.0,0.0,195,1,question,5.128205,173,0.0,2925019,7.053307,3.007519,0.75188,4.511278,0.75188,6.766917,16.541353,8.270677,2.255639
rt3ZthtLbWQ,2050 yılında Dünya nasıl bir yer olacak?,20190918,manual,778,1535,118,13.008475,2.702932,56.2826,orta,0.765929,0.651466,0.651466,0.0,189,0,surprising_claim,0.0,150,13.333333,4133105,7.399967,4.560261,1.954397,13.029316,1.954397,4.560261,9.120521,15.635179,5.863192
HDLBSElbMOA,Pentagon'un doğruladığı UFO görüntüleri,20190922,manual,540,850,69,12.318841,2.685882,58.7675,orta,0.720429,1.176471,1.176471,0.0,146,0,surprising_claim,0.0,57,0.0,3649334,7.277146,0.0,1.176471,3.529412,5.882353,3.529412,11.764706,9.411765,7.058824
c5rqQDeEWhM,Hayalet Adalar,20190929,manual,708,1374,102,13.470588,2.581514,59.9544,orta,0.741148,2.911208,2.183406,0.0,174,0,surprising_claim,0.0,122,0.0,2294867,6.816459,3.63901,3.63901,8.733624,5.822416,9.461426,7.27802,14.556041,1.455604
h0_0HL0nP0U,Mutluluğun formülü D+O+S+E,20191002,manual,683,1300,124,10.483871,2.586154,67.5634,orta,0.68,9.230769,0.0,0.0,168,7,question,17.857143,145,0.0,2328606,6.832229,3.846154,1.538462,10.0,1.538462,7.692308,14.615385,12.307692,3.846154
oBlVL9Jj7Do,Ayakkabı bağcığı neden kendiliğinden çözülür?,20191006,manual,728,1282,121,10.595041,2.687207,63.2134,orta,0.698832,10.920437,0.780031,0.0,200,3,question,10.0,90,0.0,1848077,6.602975,3.900156,3.120125,6.24025,7.020281,8.580343,8.580343,17.160686,4.680187
oZtkK7Nvcw8,2019 Nobel Fizik Ödülleri kime ve neden verildi?,20191013,manual,821,1517,293,5.177474,2.579433,81.6831,kolay,0.7425,5.932762,0.0,0.0,176,0,surprising_claim,0.0,125,0.0,1203399,6.177493,3.955175,1.977587,5.932762,3.295979,4.61437,10.547132,32.959789,2.636783
7AW4dTcgyRk,23 Ekim'de sevdiklerinize 602214076000000000000000 molekül hediye edin,20191020,manual,581,1119,93,12.032258,2.308311,74.6844,kolay,0.678913,16.085791,1.78731,0.0,193,5,question,5.181347,142,21.126761,909600,5.901056,7.14924,0.893655,1.78731,12.511171,4.468275,11.617516,16.085791,6.255585
Il42qK7_dGc,4-7-8 -Derin Nefes Alma- Tekniği,20191103,manual,668,1071,94,11.393617,2.557423,66.3432,orta,0.719052,4.668534,7.469655,0.933707,202,0,question,9.90099,128,0.0,874574,5.867506,4.668534,0.933707,8.403361,5.602241,3.734827,13.071895,23.34267,2.80112
4g3XaR35m04,Rüzgar Yükseliyor,20191110,manual,919,1609,137,11.744526,2.397763,71.8417,kolay,0.735303,3.729024,1.864512,0.0,192,0,surprising_claim,0.0,119,0.0,744210,5.709403,1.243008,0.0,4.972032,2.486016,12.430081,6.21504,14.916097,3.10752
iDh0NUGquI0,Bilseydiniz Seveceğiniz 15 Web Sitesi,20191113,manual,1378,2597,80,32.4625,2.645745,7.8051,çok_zor,0.735151,2.695418,0.0,0.0,182,0,surprising_claim,0.0,146,0.0,3508722,7.258684,3.465537,0.770119,7.701194,2.695418,3.080477,33.885252,11.551791,3.080477
4_jY3kYMxYo,Bu cihaz öğrencilerin beynini okuyor!,20191117,manual,697,1331,143,9.307692,2.843727,60.2852,orta,0.755478,14.274981,0.0,0.0,204,1,question,0.0,142,0.0,698973,5.649729,2.253944,0.0,9.767092,3.756574,5.259204,15.026296,7.513148,0.751315
Yvj23C_XB_A,Nereden çıktı bu EJDERHALAR?,20191120,manual,661,1241,133,9.330827,2.74859,64.0469,orta,0.730963,11.281225,1.611604,0.0,142,1,question,0.0,127,0.0,1237826,6.22091,1.611604,1.611604,9.669621,4.834811,2.417405,11.281225,9.669621,0.0
CgESCTp0UqI,Tesla CyberTruck siparişi verdim! Etkinlik ve Araç Tasarım Analizi,20191124,manual,1552,2963,359,8.253482,2.56463,74.2494,kolay,0.690537,9.787378,6.749916,0.0,168,1,question,0.0,110,9.090909,4840595,7.584733,3.712454,3.037462,6.41242,3.712454,6.41242,14.512319,23.287209,12.82484
1EUEB2wW2zA,Uykunun en güçlü şekli: KAHVUYKU,20191201,manual,775,1593,129,12.348837,2.630257,60.9239,orta,0.682048,5.021971,0.0,0.0,208,2,question,4.807692,136,7.352941,2130089,6.767351,1.255493,1.255493,4.394225,8.160703,13.810421,10.043942,13.810421,10.043942
UBQEFuTRK0E,Yeni bir SpaceX doğuyor!,20191208,manual,1073,2286,168,13.607143,2.586614,59.3931,orta,0.687838,0.874891,0.437445,0.0,205,0,surprising_claim,0.0,124,0.0,1313294,6.287292,1.312336,2.624672,8.748906,2.624672,8.748906,9.186352,11.373578,2.187227
7HERFTSaBcU,İlk 8K Vlog - Güney Kore 2.Bölüm: Dijital Bir Kent,20191215,manual,511,846,100,8.46,2.615839,71.6531,kolay,0.724052,7.092199,0.0,0.0,113,0,surprising_claim,0.0,154,6.493506,733010,5.708485,10.638298,1.182033,4.728132,8.274232,4.728132,4.728132,24.822695,7.092199
G16TpbnSpFw,İlk 8K Vlog - Güney Kore 1.Bölüm: Han Nehri Mucizesi,20191215,manual,928,1740,225,7.733333,2.445402,80.397,kolay,0.661125,21.264368,3.448276,0.0,89,4,question,22.47191,182,0.0,1024545,6.042385,9.770115,2.873563,6.896552,13.218391,3.448276,10.91954,27.011494,2.873563
C5xQly4mhig,2020'de Zinciri Kırma,20191222,manual,784,1491,150,9.94,2.598256,68.4967,orta,0.667158,2.682763,3.353454,0.0,134,1,question,0.0,112,0.0,1324627,6.301596,1.341382,0.670691,8.04829,6.036217,5.365526,19.450034,14.755198,8.04829
nCbLpangfo4,2019’da izlediğim EN İYİ 19 FİLM,20191229,manual,1453,2986,257,11.618677,2.517415,67.3631,orta,0.693178,0.334896,0.0,0.0,213,0,surprising_claim,0.0,141,0.0,2326329,6.866845,3.348962,3.014066,8.037508,8.372405,12.391159,12.056263,21.098459,9.377093
De2-TMkxNSY,2020'ye girmeden önce en son bu videoyu KEŞFET!,20191230,manual,500,833,145,5.744828,2.57623,80.3309,kolay,0.67536,1.20048,7.202881,1.20048,162,0,statement,0.0,101,0.0,1227011,6.228479,1.20048,2.40096,2.40096,6.002401,9.603842,21.608643,22.809124,9.603842
hSVv6NQ0wH8,Yapay Zeka PROMETHEUS dünyayı nasıl ele geçirdi? (Modern bir Masal),20200105,automatic,1159,2227,178,12.511236,2.796587,53.8178,orta,0.699126,2.245173,0.0,0.0,167,1,question,0.0,147,6.802721,2127359,6.780419,2.245173,0.898069,7.633588,2.694207,15.267176,8.082622,5.388415,3.592277
yBHDgyFceSs,Kara tahta mı yoksa beyaz tahta mı?,20200112,manual,813,1511,135,11.192593,2.621443,64.2959,orta,0.7565,1.98544,0.0,0.0,183,0,question,5.464481,139,7.194245,1446966,6.398433,2.647253,1.98544,13.236267,3.97088,7.94176,5.95632,16.545334,4.632694
aom0IXUcTcY,Güneşi hiç bu kadar yakından görmedik! En yüksek çözünürlüklü fotoğrafı çekildi,20200202,manual,654,1310,156,8.397436,2.625954,71.41,kolay,0.690903,6.10687,4.580153,0.0,175,3,question,11.428571,137,0.0,1977625,6.719149,7.633588,2.290076,1.526718,3.816794,5.343511,7.633588,6.870229,1.526718
tAYKCmpORS0,Neden bu tablo bizi içine çekiyor? Nedimeler’in 364 yıllık gizemi,20200301,manual,703,1285,118,10.889831,2.463035,71.4501,kolay,0.686269,21.789883,0.77821,0.77821,153,11,question,6.535948,142,14.084507,2305825,6.884286,4.669261,6.225681,10.116732,8.560311,1.55642,18.677043,29.571984,4.669261
XbCdankkJxU,Neden tek gözlü değiliz?,20200308,automatic,875,1690,2,845.0,2.550296,0.0,çok_zor,0.708105,0.0,0.0,0.0,114,0,surprising_claim,0.0,149,6.711409,1695152,6.579951,1.775148,2.366864,5.325444,6.508876,3.550296,7.692308,25.443787,1.775148
WiqeyJDKO4g,Cep telefonuyla portre fotoğraf çekme teknikleri,20200310,automatic,934,1750,2,875.0,2.648571,0.0,çok_zor,0.695,0.0,0.0,0.0,129,0,question,7.751938,103,9.708738,700203,5.698611,2.857143,0.571429,8.0,7.428571,1.142857,14.857143,13.142857,2.285714
Ty6k-nh0MBE,İzole günlerde izlenebilecek 12 FİLM ÖNERİSİ,20200315,automatic,1016,1699,1,1699.0,2.572101,0.0,çok_zor,0.777055,0.0,0.0,0.0,136,0,surprising_claim,0.0,121,33.057851,2381712,6.922571,1.765745,1.177163,5.885815,3.531489,6.474397,16.480283,23.543261,2.942908
YjCUt-pWdQU,5 KİTAP 5 SORU,20200319,automatic,850,1655,1,1655.0,2.708761,0.0,çok_zor,0.730903,0.0,0.0,0.0,199,0,story,0.0,156,44.871795,421999,5.198259,10.271903,0.60423,6.042296,5.438066,14.501511,22.356495,12.084592,13.293051
oC1aqpZ1TGM,#EVDEKAL Yeni Alışkanlıklar Kazan!,20200322,automatic,1129,2368,2,1184.0,2.674831,0.0,çok_zor,0.679774,0.0,0.0,0.0,206,0,surprising_claim,0.0,139,14.388489,987910,6.046954,0.844595,2.533784,6.756757,5.489865,9.712838,8.445946,14.358108,4.222973
JOKlN9axzDA,Evde vakit geçirmek için her yaşa uygun 27 WEB SİTESİ,20200326,automatic,1022,1956,15,130.4,2.575665,0.0,çok_zor,0.704825,0.0,0.0,1.533742,192,0,surprising_claim,0.0,113,26.548673,1759652,6.624903,2.04499,4.601227,5.623722,3.067485,2.556237,25.051125,13.803681,11.758691
fXIbknxEzc0,Uzayda izole yaşayabilen astronotlar karantina konusunda bize ne öğretebilir?,20200329,automatic,728,1383,2,691.5,2.539407,0.0,çok_zor,0.74306,0.0,0.0,0.0,176,0,surprising_claim,0.0,125,24.0,625573,5.594382,4.338395,1.446132,7.230658,1.446132,7.953724,8.67679,16.630513,4.338395
hlojkr9FIYw,29 Nisan’da dünyaya asteroid çarpma olasılığı?,20200405,automatic,757,1520,7,217.142857,2.433553,0.0,çok_zor,0.728,0.0,0.0,1.315789,191,0,surprising_claim,0.0,156,12.820513,2310447,6.901194,1.315789,0.0,7.894737,1.315789,5.263158,6.578947,11.842105,3.289474
7zqn_kYKc9E,Neden yüzümüze dokunmadan duramıyoruz?,20200412,manual,726,1173,84,13.964286,2.681159,54.6626,orta,0.71975,3.41006,0.0,0.0,109,4,question,27.522936,146,6.849315,1066279,6.132107,5.967604,3.41006,11.082694,5.967604,9.377664,13.640239,6.820119,2.557545
EhY5dlV8N0Y,Evden öğrenme ve çalışmayı kolaylaştıran 18 uygulama,20200415,automatic,1069,2277,1,2277.0,2.779095,0.0,çok_zor,0.735557,0.0,0.0,0.0,186,0,surprising_claim,0.0,148,27.027027,1390345,6.398268,2.635046,1.756697,8.344313,2.635046,4.830918,23.276241,18.006148,7.905138
VgwG0vci_bU,Galaksimizin merkezindeki kara deliğin etrafında dans eden bir yıldız bulundu,20200417,automatic,478,903,2,451.5,2.534884,0.0,çok_zor,0.690598,0.0,0.0,0.0,169,0,question,5.91716,160,37.5,943962,6.012695,5.537099,0.0,3.322259,2.214839,6.644518,6.644518,13.289037,7.751938
mMH8yaEwL44,10 kitap tavsiye 10.000 KİTAP HEDİYE!,20200419,automatic,901,1739,5,347.8,2.585394,0.0,çok_zor,0.715469,0.0,0.0,0.0,182,0,surprising_claim,0.0,131,7.633588,2019316,6.772682,1.725129,4.600345,5.750431,4.025302,8.050604,15.526164,24.151811,8.625647
fHTRKYkgfG0,23 Nisan Özel - Çocuklara Film Tavsiyeleri,20200423,automatic,584,864,2,432.0,2.185185,0.0,çok_zor,0.663407,0.0,0.0,1.157407,158,0,question,6.329114,119,33.613445,1637934,6.565353,2.314815,5.787037,1.157407,3.472222,12.731481,20.833333,27.777778,12.731481
wBpVQln4MIU,Gökyüzünde bu ışıkları görürseniz korkmayın! STARLINK Uydu Treni,20200426,manual,1341,2643,183,14.442623,2.646992,54.7868,orta,0.712368,4.540295,0.756716,0.0,197,0,question,5.076142,100,0.0,2872099,7.127653,4.918653,1.513432,7.945516,4.918653,6.053727,9.458948,7.945516,0.378358
RYxfSkSyeeU,Komedi dizilerinden kahkaha efektini çıkartırsak ne kalır?,20200503,automatic,1138,2143,2,1071.5,2.557629,0.0,çok_zor,0.732039,0.0,0.0,0.0,148,0,question,6.756757,91,21.978022,3031032,7.184508,1.866542,1.399907,9.332711,6.066262,6.532898,19.132058,23.798413,3.266449
Wnz0HkCJ_Lw,Bu yazarı tanıdınız mı?,20200506,manual,799,1575,138,11.413043,2.622222,63.6892,orta,0.723333,4.444444,3.174603,0.634921,189,2,question,5.291005,95,0.0,809843,5.868069,2.539683,0.634921,3.174603,6.349206,16.507937,19.68254,20.31746,3.809524
gVAIv6Uk910,Neden 3 Adım? Sosyal Mesafe Simülasyonları,20200510,automatic,737,1472,1,1472.0,2.714674,0.0,çok_zor,0.706667,0.0,0.0,0.0,212,0,question,9.433962,136,14.705882,491572,5.372401,5.434783,0.679348,2.717391,5.434783,6.11413,6.11413,6.793478,0.679348
TUo2nPWlV74,Atom çarpıştırıcısına kafanızı sokarsanız ne olur?,20200514,automatic,818,1669,2,834.5,2.623727,0.0,çok_zor,0.737163,0.0,0.0,0.599161,182,0,question,10.989011,134,7.462687,1834134,6.68746,7.189934,1.198322,2.995806,5.392451,8.388256,8.388256,13.780707,3.594967
-EN7g6c7U_4,AH! OH! YUH!,20200517,automatic,672,1210,1,1210.0,2.533884,0.0,çok_zor,0.700444,0.0,0.0,0.0,150,0,surprising_claim,0.0,125,0.0,1090187,6.169396,2.479339,0.826446,8.264463,8.264463,2.479339,9.090909,14.049587,0.826446
0V2EyWqJNZI,27 Mayıs için geri sayım başladı! Tarihte ilk kez özel bir şirket uzaya insan gönderecek,20200521,automatic,754,1438,4,359.5,2.611961,0.0,çok_zor,0.720387,0.0,0.0,0.0,137,0,surprising_claim,0.0,148,6.756757,1051751,6.135327,2.781641,0.69541,7.649513,11.126565,4.867872,9.040334,8.344924,4.867872
AKzPC88Y_aA,Bu farenin %4'ü insan!,20200524,automatic,746,1467,1,1467.0,2.561691,0.0,çok_zor,0.690887,0.0,0.0,0.0,169,0,surprising_claim,0.0,140,0.0,1103730,6.184777,3.408316,2.04499,4.771643,4.08998,6.816633,7.498296,5.453306,1.363327
JpM81ae2PbI,Akıllı gözlükler mi geliyor? Apple Glass hakkında son bilgiler,20200531,automatic,1202,2457,1,2457.0,2.654457,0.0,çok_zor,0.706782,0.0,0.0,0.0,162,0,question,12.345679,147,13.605442,1383872,6.413621,3.256003,0.814001,5.291005,8.140008,6.512007,8.547009,13.838014,3.663004
qS6DnUBltSA,1001 (W)agonlu Tren: SNOWPIERCER,20200607,automatic,1131,1960,3,653.333333,2.604082,0.0,çok_zor,0.740391,0.0,0.0,0.0,150,0,question,13.333333,138,7.246377,2260237,6.906652,3.571429,0.510204,11.734694,6.122449,8.163265,6.122449,13.265306,1.020408
p9C1RGpOwVA,TAŞ-MAKAS-KAĞIT Oyunu Nasıl Kazanılır?,20200614,automatic,749,1556,4,389.0,2.502571,0.0,çok_zor,0.697929,0.0,0.0,0.0,201,0,question,4.975124,142,7.042254,2733247,7.099592,4.498715,2.570694,8.354756,8.997429,6.426735,17.994859,9.640103,1.285347
FQNmm_BbnsQ,Rüyalarımızı kontrol edebilir miyiz?,20200617,automatic,1071,1962,2,981.0,2.584608,0.0,çok_zor,0.696201,0.0,0.0,0.0,158,0,question,6.329114,161,18.63354,3770126,7.422312,3.567788,3.058104,6.116208,8.664628,9.174312,12.232416,7.135576,6.625892
rX2Cl0SvJP8,Kaç paralık adamım?,20200621,automatic,651,1299,20,64.95,2.354888,0.0,çok_zor,0.696858,0.0,0.0,0.0,182,0,surprising_claim,0.0,156,25.641026,1705934,6.631812,0.769823,1.539646,3.849115,3.849115,3.079292,13.08699,23.094688,4.618938
Vm3bbkX_Drs,GELECEĞİ HATIRLAMAK,20200628,automatic,675,1166,1,1166.0,2.774443,0.0,çok_zor,0.740996,0.0,0.0,0.0,148,0,question,6.756757,119,0.0,1827203,6.703509,2.572899,0.857633,11.149228,3.430532,12.864494,11.149228,17.152659,5.145798
1KN8foDEwQs,Tarihin en büyük teatral gösterisi - Cirque Du Soleil,20200702,manual,761,1214,19,63.894737,2.697694,0.0,çok_zor,0.748125,1.647446,0.0,0.0,100,1,question,10.0,86,0.0,585857,5.570416,4.118616,0.823723,8.237232,2.47117,10.708402,4.942339,9.060956,4.118616
6Is9Hc8R97U,Bermuda Şeytan Üçgeninin gizemi çözülebilir mi?,20200705,automatic,1217,2314,3,771.333333,2.617113,0.0,çok_zor,0.740451,0.0,0.0,0.432152,138,0,surprising_claim,0.0,173,5.780347,5040732,7.720615,3.025065,0.0,4.753673,5.185825,6.914434,6.914434,12.100259,3.025065
dVbF2j41KVA,21. Yüzyılın çıplak gözle görülebilen ilk kuyruklu yıldızı NEOWISE yaklaşıyor!,20200709,automatic,202,290,1,290.0,2.606897,0.0,çok_zor,0.810345,0.0,0.0,0.0,167,0,surprising_claim,0.0,94,0.0,739454,5.805581,0.0,0.0,6.896552,6.896552,13.793103,17.241379,10.344828,0.0
Lmw0NZsRza0,Su altında yaşanabilir mi?,20200712,automatic,1199,2370,3,790.0,2.649789,0.0,çok_zor,0.720789,0.0,0.0,0.0,182,0,question,5.494505,151,13.245033,2271753,6.927287,5.485232,2.109705,8.860759,4.64135,5.907173,8.438819,14.767932,3.797468
pVp2oDeX8gI,80.000 kişi tarafından çekilen belgesel,20200719,automatic,1423,2100,4,525.0,2.522857,0.0,çok_zor,0.73,0.0,0.0,0.0,110,0,question,36.363636,67,14.925373,715644,5.777427,4.761905,2.380952,9.047619,5.238095,10.0,17.619048,12.380952,11.428571
8rWPtAto2zc,Google Earth hakkında BİLMEDİĞİNİZ 15 ŞEY,20200726,automatic,1426,3007,2,1503.5,2.725308,0.0,çok_zor,0.762857,0.0,0.0,0.0,199,0,surprising_claim,0.0,172,0.0,2731323,7.117649,4.323246,0.0,7.981377,3.990688,6.983705,9.976721,13.302295,4.655803
RrBOYrxVQzk,"Bu taş Mars’tan geldi, yarın yine Mars’a gidecek!",20200729,automatic,760,1494,3,498.0,2.576305,0.0,çok_zor,0.725574,0.0,0.0,0.0,186,0,question,5.376344,146,0.0,771862,5.85732,2.008032,2.008032,4.016064,2.677376,6.69344,4.685408,16.064257,5.354752
eli9sU-a3tg,Dünyanın en eski çayı? Çay değil kızıl çalı rooibos,20200802,automatic,789,1568,2,784.0,2.49426,0.0,çok_zor,0.743559,0.0,0.0,0.0,203,0,surprising_claim,0.0,157,0.0,529727,5.483983,1.913265,2.55102,5.739796,5.739796,8.290816,7.015306,15.306122,10.204082
rKp31auTsEg,Stonehenge taşlarının kaynağı bulundu!,20200809,automatic,651,1302,2,651.0,2.619048,0.0,çok_zor,0.725709,0.0,0.0,0.0,203,0,question,24.630542,164,6.097561,1797793,6.706173,6.144393,2.304147,5.376344,3.840246,5.376344,8.448541,8.448541,2.304147
r2dQgdktUJg,Yapay zeka dünyasındaki en büyük sıçrama gerçekleşti! GPT-3 nedir?,20200816,automatic,994,1971,5,394.2,2.547945,0.0,çok_zor,0.673598,0.0,0.0,0.0,194,0,question,5.154639,133,7.518797,1909289,6.769453,2.536783,0.507357,5.580923,3.04414,6.595637,15.728057,17.757484,1.014713
NJXURWmrFgM,Kullandığım en iyi not tutma uygulaması,20200823,automatic,1000,2029,1,2029.0,2.738295,0.0,çok_zor,0.757007,0.0,0.0,0.0,177,0,question,11.299435,186,32.258065,1302942,6.39107,2.464268,0.0,8.378512,3.942829,7.885658,21.192706,17.74273,16.26417
k57MatNuv4U,"Bitkiler neden siyah değil, yeşildir?",20200830,automatic,848,1645,5,329.0,2.604255,0.0,çok_zor,0.727948,0.0,0.0,0.0,148,0,question,27.027027,128,7.8125,872295,5.993841,9.726444,1.215805,4.255319,5.471125,0.0,18.844985,12.158055,4.255319
6eSXsZ7ksmE,28000 yıl kapasiteli NANO-DIAMOND PİLLER mi geliyor?,20200906,automatic,885,1729,2,864.5,2.648352,0.0,çok_zor,0.748965,0.0,0.0,0.0,188,0,question,10.638298,160,6.25,1474422,6.520926,4.626952,1.156738,5.78369,4.048583,4.048583,5.78369,5.78369,3.470214
zqOEJllkLlk,Big Bang'den bu yana görülen en büyük patlama keşfedildi! İki kara deliğin çarpışması,20200913,automatic,877,1729,1,1729.0,2.555234,0.0,çok_zor,0.64148,0.0,0.0,0.0,184,0,surprising_claim,0.0,172,5.813953,2537716,7.06653,4.626952,0.578369,5.205321,2.313476,4.048583,9.832273,16.772701,2.891845
P5de69124g0,Venüs'te olası yaşam belirtisi sayılan fosfin bulundu!,20200915,automatic,557,1105,1,1105.0,2.561991,0.0,çok_zor,0.769397,0.0,0.0,0.0,184,0,question,16.304348,154,0.0,1156146,6.282298,6.334842,0.904977,7.239819,4.524887,2.714932,2.714932,17.19457,0.904977
bAv4XsWVXV4,Geleceğin kentlerinde MOBİLİTE,20200920,automatic,721,1390,1,1390.0,2.758273,0.0,çok_zor,0.729795,0.0,0.0,0.0,174,0,question,11.494253,150,6.666667,593499,5.61956,5.035971,0.719424,8.633094,5.035971,5.755396,7.194245,15.827338,2.877698
rPfu4RgRIAY,İnsanlık tarihi bir kitaba sığsaydı biz hangi sayfada olurduk?,20200927,automatic,946,1758,7,251.142857,2.507964,0.0,çok_zor,0.69114,0.0,0.0,0.0,156,0,question,6.410256,140,0.0,1163023,6.293765,5.119454,2.844141,5.688282,4.550626,8.532423,6.25711,22.1843,2.844141
mvfAF7RW3BI,Gerçek IRON MAN,20201004,automatic,818,1574,1,1574.0,2.613723,0.0,çok_zor,0.772473,0.0,0.0,0.0,140,0,surprising_claim,0.0,146,0.0,908225,6.050247,5.082592,2.541296,5.717916,3.811944,9.52986,7.623888,14.612452,1.905972
4Ag90YCgBqQ,Genetik alanındaki en büyük keşif Nobel ödülü aldı: CRISPR-Cas9 nedir?,20201011,automatic,949,1908,1,1908.0,2.506289,0.0,çok_zor,0.712936,0.0,0.0,0.0,187,0,surprising_claim,0.0,123,0.0,1280229,6.396125,3.668763,2.096436,5.765199,6.813417,7.337526,7.337526,10.48218,3.668763
9t99oHOYVBw,Yapay Zeka bunun neresinde?,20201018,automatic,847,1785,3,595.0,2.686835,0.0,çok_zor,0.720368,0.0,0.0,0.0,173,0,question,17.34104,161,31.055901,830044,5.966983,4.481793,1.120448,6.722689,3.921569,6.722689,17.927171,21.848739,21.848739
coutXRqrUeo,NASA Bennu asteroidinde ne arıyor?,20201025,automatic,912,1921,2,960.5,2.507028,0.0,çok_zor,0.697709,0.0,0.0,0.0,158,0,question,12.658228,179,5.586592,854391,5.999101,5.726184,1.041124,6.767309,6.767309,6.246746,6.246746,28.110359,2.082249
nMiHF0t7RSU,Ay'da su bulundu! Yine!,20201101,automatic,638,1254,1,1254.0,2.562201,0.0,çok_zor,0.70222,0.0,0.0,0.0,155,0,surprising_claim,6.451613,161,24.84472,1979489,6.841191,3.189793,3.189793,2.392344,4.784689,3.189793,3.189793,3.189793,3.189793
HFE6qJjY1u4,Odaklanmak için not tutma teknikleri - Cornell Metodu,20201108,automatic,641,1352,1,1352.0,2.630917,0.0,çok_zor,0.706356,0.0,0.0,0.0,179,0,question,5.586592,189,31.746032,799842,5.939888,4.43787,0.0,4.43787,2.95858,2.95858,19.230769,20.710059,14.792899
RETvChSmUpk,Yeni elektrikli BMW iX duyuruldu!,20201111,automatic,617,1060,5,212.0,2.536792,0.0,çok_zor,0.746889,0.0,0.0,0.0,170,0,question,11.764706,56,35.714286,517857,5.508022,2.830189,0.943396,1.886792,2.830189,4.716981,13.207547,11.320755,4.716981
59bevAZqcEs,Yılın 29. Kasırgasına yakalandık! 2020 tüm zamanların en fırtınalı yılı rekorunu kırdı!,20201115,automatic,724,1147,8,143.375,2.544028,0.0,çok_zor,0.728236,0.0,0.0,0.0,100,0,surprising_claim,0.0,52,0.0,547780,5.565867,4.359198,1.743679,7.846556,2.615519,3.487358,7.846556,9.590235,2.615519
zxFpkcQivKs,Dünyanın en ilginç haritaları,20201122,automatic,1353,2771,5,554.2,2.579213,0.0,çok_zor,0.663616,0.0,0.0,0.360881,197,0,surprising_claim,0.0,168,29.761905,914573,6.08024,4.691447,1.443522,9.022014,4.330567,3.969686,7.939372,10.826416,5.052328
bUFPiWaLv5E,Düz Dünya'dan Big Bang'e 15 EVREN MODELİ,20201129,automatic,1047,2201,2,1100.5,2.567469,0.0,çok_zor,0.699359,0.0,0.0,0.0,175,0,question,11.428571,142,0.0,1780974,6.748924,5.906406,1.363017,7.269423,6.360745,7.269423,4.543389,8.178101,1.363017
IpiTc4jaMP0,Oyunlaştırarak alışkanlık kazandıran 9 uygulama,20201206,automatic,701,1467,1,1467.0,2.811179,0.0,çok_zor,0.728677,0.0,0.0,0.0,186,0,direct_address,0.0,174,5.747126,667849,5.773367,1.363327,0.0,8.861622,2.726653,9.543286,42.944785,12.951602,7.498296
ex2RlkCjO9Q,Kaç parmak görüyorsun? 444 yıllık 4 tavsiye,20201213,automatic,734,1320,2,660.0,2.557576,0.0,çok_zor,0.752708,0.0,0.0,0.0,151,0,surprising_claim,0.0,162,6.17284,1206711,6.36693,3.030303,3.030303,11.363636,2.272727,5.30303,18.181818,15.151515,3.030303
L_Gqpg0q1xs,Nasıl Avrupa Şampiyonu olduk? Ritmik Cimnastik Milli Takımımızın Başarı Hikayesi,20201220,automatic,1083,1918,4,479.5,2.539103,0.0,çok_zor,0.716328,0.0,0.0,0.0,25,0,question,40.0,141,21.276596,380197,5.219051,2.085506,2.085506,9.384776,8.863399,16.684046,8.342023,37.539103,5.213764
aCepG-VIpIU,2021'DE ZİNCİRİ KIRMA!,20201227,automatic,709,1452,13,111.692308,2.360193,0.0,çok_zor,0.60328,0.0,0.0,0.0,196,0,question,5.102041,152,13.157895,1296888,6.445635,3.443526,0.688705,8.953168,4.132231,8.953168,9.641873,17.217631,8.953168
lyRVU3rzoTU,Dans eden bu robotlar GERÇEK Mİ?,20210103,automatic,797,1540,3,513.333333,2.542208,0.0,çok_zor,0.74425,0.0,0.0,0.0,81,0,question,24.691358,163,30.674847,749844,5.902326,4.545455,3.896104,10.38961,11.688312,3.896104,14.285714,24.025974,3.896104
Cq33iTwbkic,Ne dersen çizen yapay zeka çıktı! DALL-E,20210110,automatic,861,1749,1,1749.0,2.524871,0.0,çok_zor,0.712251,0.0,0.0,0.571755,209,0,question,4.784689,177,5.649718,1185466,6.362754,4.574042,1.143511,8.004574,5.145798,2.858776,18.296169,16.580903,7.432819
ONiFrZYI5ng,WhatsApp'ı silelim mi?,20210117,automatic,738,1693,3,564.333333,2.673952,0.0,çok_zor,0.738845,0.0,0.0,0.0,168,0,surprising_claim,0.0,162,6.17284,2139678,6.955924,1.181335,0.590667,8.860012,4.72534,6.497342,11.813349,16.538689,5.316007
3upaIpPj8JY,5 milyon aboneye 5 milyon kez teşekkürler!,20210121,automatic,300,693,4,173.25,2.539683,0.0,çok_zor,0.764964,0.0,0.0,0.0,235,0,surprising_claim,0.0,156,51.282051,1741916,6.752432,1.443001,1.443001,2.886003,7.215007,4.329004,11.544012,12.987013,33.189033
MGZ1e7pa2Es,Dünyanın içinden bir tünel kazarak öbür tarafa çıkılabilir mi?,20210124,automatic,541,1163,5,232.6,2.541702,0.0,çok_zor,0.732867,0.0,0.0,0.859845,199,0,surprising_claim,0.0,162,0.0,1582868,6.658274,0.859845,0.0,2.579536,6.018917,5.159071,6.018917,6.878762,2.579536
YnoslpFnzsQ,Cenk ve Erdem kanalımı ele geçirdi :),20210127,automatic,1018,1849,5,369.8,2.356409,0.0,çok_zor,0.679948,0.0,0.0,0.0,131,0,question,15.267176,145,34.482759,744794,5.907303,8.112493,2.163332,5.408329,7.030827,5.408329,26.500811,40.021633,10.275825
osqXCKxXQS0,Elon Musk iki roketle dünyaya nasıl meydan okudu?,20210131,automatic,796,1624,2,812.0,2.501232,0.0,çok_zor,0.755226,0.0,0.0,0.615764,180,0,surprising_claim,0.0,118,8.474576,1131809,6.326805,1.231527,1.231527,4.926108,4.926108,8.004926,8.62069,14.778325,7.389163
MOYsM_Qbrqc,Yeni bir Twitter/Facebook/Instagram mı doğuyor! CLUBHOUSE Çılgınlığı,20210207,automatic,1127,2578,1,2578.0,2.594647,0.0,çok_zor,0.724692,0.0,0.0,0.0,262,0,question,3.816794,161,12.42236,1406323,6.547072,2.327386,2.327386,12.800621,6.594259,8.533747,15.128006,25.989139,10.861133
_HcYU4Z3TKs,Astronot yerine Evrenot diyelim! Türkiye Uzay Ajansı Milli Uzay Programı açıklandı,20210209,automatic,1260,2780,3,926.666667,2.467626,0.0,çok_zor,0.6715,0.0,0.0,0.0,219,0,surprising_claim,0.0,204,19.607843,1008060,6.215676,4.676259,3.597122,6.115108,6.47482,7.913669,5.755396,39.928058,16.546763
IMoIXK7xpi4,Dünyanın en yalnız insanı kim?,20210214,automatic,551,1063,1,1063.0,2.506115,0.0,çok_zor,0.737048,0.0,0.0,0.0,194,0,question,15.463918,138,7.246377,1833199,6.815289,4.703669,1.881468,5.644403,3.762935,2.822201,10.348071,11.288805,7.52587
j_MGZKgf3ts,Cep telefonuyla video çekim teknikleri,20210221,automatic,704,1364,4,341.0,2.654692,0.0,çok_zor,0.694755,0.0,0.0,0.0,154,0,question,6.493506,165,6.060606,722872,5.889861,3.665689,1.466276,2.932551,8.797654,4.398827,13.929619,15.395894,9.530792
3_rr9MhpKpg,Mars Paraşütündeki GİZLİ MESAJ! Başka bir gezegenden gelen en net görüntüler ve ilk ses!,20210223,automatic,852,1611,2,805.5,2.628181,0.0,çok_zor,0.765721,0.0,0.0,0.0,194,0,question,5.154639,150,20.0,1674828,6.729516,4.96586,1.241465,5.586592,6.207325,9.931719,7.44879,16.759777,5.586592
y2EWbLKw3Qk,İyi tasarımın 10 KURALI - RAMS ilkeleri,20210228,automatic,673,1382,1,1382.0,2.618669,0.0,çok_zor,0.698426,0.0,0.0,0.0,222,0,question,4.504505,114,17.54386,547671,5.616671,5.788712,0.723589,8.683068,4.341534,1.447178,13.024602,7.959479,5.788712
fou5yveUIQs,21.Yüzyılda en büyük TYCOON kim olacak?,20210307,automatic,1457,2907,1,2907.0,2.657723,0.0,çok_zor,0.715945,0.0,0.0,0.0,163,0,question,12.269939,135,0.0,1241117,6.436232,6.19195,2.407981,11.695906,5.503956,4.815961,5.503956,11.695906,1.031992
Du81IHS8gNU,Bu JPEG Resim $69.300.000'a Satıldı! NFT Kripto Sanat Çağı Başladı,20210314,automatic,634,1288,3,429.333333,2.500776,0.0,çok_zor,0.710565,0.0,0.0,0.776398,187,0,question,10.695187,155,6.451613,1280259,6.470748,6.987578,0.776398,6.21118,4.658385,6.987578,20.962733,10.869565,3.10559
AA-fp-BLCa4,EN YÜKSEK SES ne kadar şiddetli olabilir?,20210321,automatic,638,1060,2,530.0,2.542453,0.0,çok_zor,0.769333,0.0,0.0,0.0,141,0,question,14.184397,117,8.547009,2043189,6.941148,4.716981,2.830189,5.660377,4.716981,2.830189,10.377358,13.207547,3.773585
khCs36vYbQM,Google’ın kurucusundan gizli hava gemisi projesi,20210328,automatic,575,1145,2,572.5,2.642795,0.0,çok_zor,0.766023,0.0,0.0,0.0,154,0,surprising_claim,0.0,173,0.0,629215,5.76906,3.49345,0.873362,2.620087,5.240175,7.860262,1.746725,4.366812,1.746725
lfrn5t12ryc,Dünyanın tüm sularını bir miskete sığdırmak,20210401,automatic,599,1152,2,576.0,2.532986,0.0,çok_zor,0.748912,0.0,0.0,0.0,165,0,question,24.242424,179,16.759777,917576,6.147367,5.208333,1.736111,11.284722,6.076389,3.472222,13.888889,10.416667,2.604167
9BV-hS0GYaU,En garip icatlar,20210404,automatic,621,1273,2,636.5,2.564808,0.0,çok_zor,0.716642,0.0,0.0,0.0,183,0,surprising_claim,0.0,153,0.0,1308088,6.502839,3.142184,2.356638,7.85546,4.713276,7.85546,21.209741,8.641005,2.356638
QhfmSaTjyok,Mars Helikopteri 14 Nisan'da başka bir gezegende uçan ilk makine olacak!,20210411,automatic,698,1470,7,210.0,2.634014,0.0,çok_zor,0.712496,0.0,0.0,0.0,193,0,surprising_claim,0.0,149,13.422819,708549,5.894565,2.721088,1.360544,1.360544,4.761905,10.884354,8.843537,6.802721,4.761905
2Wqgq407BHI,Beynine çip takılan maymun bilgisayar oyunu oynuyor!,20210418,automatic,864,1643,1,1643.0,2.720633,0.0,çok_zor,0.732059,0.0,0.0,0.0,162,0,question,6.17284,113,0.0,1597025,6.709289,2.434571,1.825928,10.346926,6.086427,3.651856,8.520998,11.564212,1.217285
rUk9zWkiBJk,23 Nisan Özel - Çocuklara Kitap Tavsiyeleri,20210423,automatic,697,934,1,934.0,2.189507,0.0,çok_zor,0.590931,0.0,0.0,0.0,149,0,surprising_claim,0.0,123,40.650407,528942,5.609287,3.211991,2.141328,2.141328,0.0,13.91863,20.342612,12.847966,17.130621
O5xG_ocTzBw,2021’de OSCAR’ı hangi film almalı?,20210425,automatic,710,1310,1,1310.0,2.524427,0.0,çok_zor,0.746065,0.0,0.0,0.0,180,0,surprising_claim,0.0,142,7.042254,463404,5.47855,2.290076,0.763359,9.923664,3.816794,6.870229,5.343511,16.030534,3.053435
7aF62RtiRm0,İkinci Uzay İstasyonu CSS,20210502,automatic,619,1281,4,320.25,2.588603,0.0,çok_zor,0.707571,0.0,0.0,0.0,162,0,surprising_claim,0.0,154,0.0,639399,5.802928,0.78064,0.78064,1.56128,3.12256,10.928962,5.464481,1.56128,3.12256
f1fzPoEj_B4,Bu toplar ne renk?,20210509,automatic,384,634,1,634.0,2.607256,0.0,çok_zor,0.759373,0.0,0.0,0.0,154,0,direct_address,6.493506,130,30.769231,529127,5.617866,6.309148,3.154574,7.886435,6.309148,3.154574,17.350158,12.618297,7.886435
17XGzNuyT8E,Köpekbalığının kuyruğunu tokatlayan adam,20210516,automatic,632,1220,2,610.0,2.605738,0.0,çok_zor,0.763576,0.0,0.0,0.0,134,0,story,0.0,126,7.936508,745175,5.962829,3.278689,2.459016,3.278689,4.098361,3.278689,10.655738,9.836066,2.459016
e_StF48eLhU,Kendi kendine saklambaç öğrenen makine,20210520,automatic,614,1214,5,242.8,2.769357,0.0,çok_zor,0.749234,0.0,0.0,0.0,187,0,question,5.347594,153,13.071895,762970,5.988446,3.294893,0.0,7.413509,8.237232,7.413509,8.237232,10.708402,1.647446
C45dZM5rc3w,Beethoven neden bir fincan kahveye 60 çekirdek koyardı?,20210523,automatic,626,1306,1,1306.0,2.562021,0.0,çok_zor,0.70705,0.0,0.0,0.0,186,0,direct_address,0.0,152,0.0,636453,5.809197,2.29709,1.531394,11.485452,8.422665,6.891271,25.267994,14.548239,0.765697
lIvOVGdm7sk,"Bu iki görselden birisi insan beyni, diğeri evren! Arada ne fark var?",20210530,automatic,620,1041,2,520.5,2.604227,0.0,çok_zor,0.72922,0.0,0.0,0.0,142,0,surprising_claim,0.0,116,8.62069,718106,5.933215,1.92123,0.0,3.842459,3.842459,0.960615,8.645533,23.054755,1.92123
4AgrxE11hG0,NAZCA çizgilerinin sırrı,20210606,automatic,814,1679,3,559.666667,2.562835,0.0,çok_zor,0.744617,0.0,0.0,0.0,192,0,question,5.208333,144,6.944444,1004712,6.271966,7.742704,1.191185,8.338297,5.360334,8.933889,7.147111,10.720667,1.786778
h43aXZKp44U,"Geleceğin iş modeli ""FREELANCE"" çalışmak mı?",20210613,automatic,893,1695,1,1695.0,2.702065,0.0,çok_zor,0.750564,0.0,0.0,0.0,175,0,surprising_claim,0.0,121,0.0,627148,5.805507,5.899705,1.179941,4.129794,8.849558,7.079646,9.439528,13.569322,7.079646
9RIwBLjZg7E,80 Günde Yarı Devr-i Alem Yapacağız! Üstelik sadece elektrikli bir araçla,20210620,automatic,804,1834,2,917.0,2.575791,0.0,çok_zor,0.713368,0.0,0.0,0.0,178,0,question,5.617978,94,53.191489,771080,6.015248,2.181025,6.543075,4.907306,4.36205,5.452563,11.995638,12.540894,18.538713
_YePCTMXKDw,Yolculuk başladı! 1200 km sonra geldiğimiz yer,20210624,automatic,1242,796,2,398.0,2.38191,0.0,çok_zor,0.721446,0.0,0.0,2.512563,100,0,question,20.0,20,50.0,965547,6.241777,15.075377,3.768844,5.025126,6.281407,5.025126,16.331658,18.844221,10.050251
-C2gSCLp9Sk,Tekerleği yeniden icat edebilir miyiz?,20210627,automatic,625,1234,2,617.0,2.713938,0.0,çok_zor,0.720137,0.0,0.0,0.0,180,0,question,16.666667,142,7.042254,639502,5.832353,5.672609,2.431118,4.051864,3.241491,4.862237,8.103728,6.482982,2.431118
23inKSoPOsc,Chicago'da kiminle karşılaştım?,20210701,automatic,1573,1412,2,706.0,2.450425,0.0,çok_zor,0.730809,0.0,0.0,0.708215,106,0,surprising_claim,0.0,111,18.018018,808184,6.067966,5.665722,1.416431,14.872521,6.373938,16.288952,9.206799,21.954674,9.206799
2Did_gRHz_A,Başka bir gezegenden notlar: BADLANDS,20210704,automatic,1887,1815,3,605.0,2.459504,0.0,çok_zor,0.743944,0.0,0.0,0.550964,91,0,story,0.0,39,25.641026,758591,6.006387,6.61157,0.550964,6.060606,6.060606,6.61157,11.019284,18.732782,7.162534
U2BLfskcD8c,Richard Branson'un ilk uzay yolculuğu! Virgin Galactic Unity 22 Spaceflight Canlı Yayını,20210711,automatic,8913,13055,6,2175.833333,2.423056,0.0,çok_zor,0.695502,0.0,0.0,0.229797,128,0,question,7.8125,196,20.408163,647189,5.85172,2.680965,3.523554,7.813098,8.885484,7.506702,7.6599,15.090004,7.736499
j58zcYd1BM4,Verilerin gücünü gösteren EN İYİ 5 FİLM,20210711,automatic,950,1682,1,1682.0,2.557075,0.0,çok_zor,0.741049,0.0,0.0,0.59453,141,0,surprising_claim,0.0,137,21.89781,683627,5.906341,2.972652,0.59453,3.567182,4.756243,6.539834,13.674197,19.619501,1.783591
eKeIQPz_xf8,Şeytan Kulesi'nin Sırrı,20210718,automatic,1046,1375,3,458.333333,2.428364,0.0,çok_zor,0.750444,0.0,0.0,0.0,104,0,surprising_claim,9.615385,89,0.0,1181711,6.456252,3.636364,1.454545,1.454545,6.545455,8.0,6.545455,16.727273,2.909091
fBvu7s5L6DE,Kim bu Satoshi Nakamoto? Bitcoin’in gizemli mucidi neden ortadan kayboldu?,20210725,automatic,954,1908,1,1908.0,2.607442,0.0,çok_zor,0.678471,0.0,0.0,0.0,167,0,question,5.988024,156,0.0,1409768,6.636227,4.192872,3.144654,8.385744,7.337526,6.813417,7.861635,12.578616,2.096436
oN9fUk6pU3g,Dünyanın en büyük süpervolkanı Yellowstone patlarsa ne olur?,20210801,automatic,1579,1886,8,235.75,2.461294,0.0,çok_zor,0.725334,0.0,0.0,0.0,125,0,surprising_claim,0.0,106,0.0,985596,6.282637,4.241782,3.181336,5.83245,5.83245,7.423118,8.483563,12.195122,1.060445
ryv5MTSiEdI,Orman Yangınları ve Evrenin Merkezi,20210808,automatic,2045,2762,2,1381.0,2.476466,0.0,çok_zor,0.720529,0.0,0.0,0.0,178,0,surprising_claim,0.0,115,17.391304,763418,6.031532,5.430847,1.086169,6.517017,5.068791,9.051412,7.965243,12.671977,5.068791
yUR3RBa1xP0,Başarı için 10000 Saat Kuralı,20210815,manual,768,1456,118,12.338983,2.574863,63.1751,orta,0.653427,13.736264,0.0,0.0,148,7,question,13.513514,116,0.0,2819417,7.340072,6.181319,0.686813,10.302198,6.868132,0.686813,11.675824,8.928571,3.434066
4nHjhfWap4k,Seattle'ın Uçan Dairesi,20210819,automatic,1474,1723,1,1723.0,2.456181,0.0,çok_zor,0.745704,0.0,0.0,0.0,153,0,story,0.0,121,0.0,433122,5.472554,2.321532,2.321532,8.705746,7.54498,8.125363,7.54498,15.670342,2.901915
N5WFrGnRtmE,Amerika'nın Pasifik Kuzeybatı bölgesinde çalışan Türkler,20210822,automatic,1764,2913,3,971.0,2.404394,0.0,çok_zor,0.688083,0.0,0.0,0.0,124,0,question,16.129032,151,0.0,947424,6.254638,2.059732,3.432887,5.492619,9.268795,4.462753,9.955372,25.403364,5.492619
cr2B2BwRwaI,En iyi korku filminin çekildiği otele gittim! Dünyanın en tuhaf yerinde...,20210829,automatic,1197,1538,2,769.0,2.545514,0.0,çok_zor,0.803421,0.0,0.0,0.650195,99,0,surprising_claim,0.0,128,15.625,550079,5.716173,1.950585,1.30039,9.102731,7.152146,3.250975,11.703511,10.403121,6.501951
7AWY4br91mk,Katlanabilir Telefonların Geleceği ve Galaxy Z Fold3,20210905,automatic,643,1435,1,1435.0,2.634146,0.0,çok_zor,0.692444,0.0,0.0,0.0,205,0,question,4.878049,177,16.949153,729092,6.000953,1.393728,3.484321,8.362369,4.878049,7.665505,5.574913,25.783972,9.059233
Pn4kPaqGcEA,Dijital Vücut Dilinin 4 Yasası 😉,20210912,manual,795,1528,142,10.760563,2.704843,62.0729,orta,0.776571,11.780105,0.0,0.0,174,4,question,11.494253,154,6.493506,336067,5.233209,3.272251,3.272251,3.926702,1.963351,3.926702,18.324607,7.853403,4.581152
kbDEojkAt9c,İnternetten sonra bu gelecek! METAVERSE,20210919,manual,869,1609,126,12.769841,2.660037,58.6287,orta,0.727422,13.673089,0.0,0.0,150,4,question,6.666667,136,7.352941,2584899,7.272574,4.350528,0.621504,6.21504,3.729024,11.808577,12.430081,11.808577,1.243008
84Q__dx_G4w,Dünya 2025’teki güneş fırtınasına hazır değil!,20210926,manual,732,1418,124,11.435484,2.550776,66.501,orta,0.66607,9.873061,0.0,0.0,153,2,question,0.0,126,0.0,3406393,7.552277,2.820874,0.0,9.167842,2.820874,5.641749,7.757405,9.873061,1.410437
qBuQzBwXqUI,Uzay aracındaki Türkçe mesajlar ne anlama geliyor?,20211003,manual,974,1959,164,11.945122,2.590607,63.5706,orta,0.680337,6.636039,0.0,0.0,196,0,question,5.102041,133,7.518797,608081,5.835498,5.61511,1.531394,8.677897,6.125574,9.698826,6.636039,19.397652,3.062787
OYezQ0bfQLk,Ölüm Taciri Öldü! Nobel Ödüllerinin Şaşırtıcı Hikayesi,20211010,manual,665,1293,120,10.775,2.49652,70.4046,kolay,0.718755,6.187162,0.0,0.0,178,3,question,5.617978,141,0.0,717773,6.004823,6.187162,2.320186,6.187162,6.960557,10.054138,8.507347,8.507347,0.773395
dt_lLSRX7tc,Neden herkes bu diziden bahsediyor? Squid Game,20211017,manual,1051,2109,164,12.859756,2.601233,60.7565,orta,0.723042,11.853959,0.0,0.0,165,2,question,12.121212,113,0.0,3136216,7.481487,4.741584,0.474158,6.164059,2.370792,4.267425,9.957326,23.707918,0.948317
XkBDejkRCjs,Elektrikli otomobiller çevreci değil mi? Mitler ve Gerçekler,20211021,manual,800,1776,139,12.776978,2.544482,63.2525,orta,0.689652,9.009009,0.0,0.0,203,3,question,0.0,174,11.494253,588618,5.813186,3.378378,0.0,7.31982,6.193694,2.815315,11.261261,22.522523,7.882883
AfJEHJxfHBM,A harfini kim icat etti?,20211024,manual,573,1068,96,11.125,2.595506,65.5143,orta,0.761686,9.363296,0.0,0.0,173,3,question,17.34104,143,0.0,1102155,6.440737,5.617978,0.0,3.745318,2.808989,8.426966,6.554307,15.917603,0.0
YuIQQ6Ce08Y,WEB 3.0 + METAVERSE,20211031,manual,876,1693,185,9.151351,2.670998,67.6326,orta,0.733368,5.906675,0.0,0.0,192,4,question,5.208333,125,0.0,1588958,6.810038,2.36267,1.772002,2.953337,2.953337,5.906675,12.994684,10.632014,10.632014
zkE5n7K5OpQ,DUNE filmine ilham veren kum tepeleri,20211104,automatic,1512,2230,1,2230.0,2.501794,0.0,çok_zor,0.736174,0.0,0.0,0.0,196,0,question,5.102041,126,39.68254,460680,5.576879,3.139013,2.690583,4.035874,2.690583,5.829596,8.071749,14.349776,12.107623
h5jG8zKHVQ8,DUNE Bölüm 1 Analizi,20211107,manual,1053,1761,153,11.509804,2.637706,62.8146,orta,0.734276,8.517888,1.135718,0.0,154,0,surprising_claim,0.0,102,0.0,2035546,7.061477,3.407155,0.567859,10.221465,4.542873,7.950028,5.110733,20.44293,2.271437
ylvT2GeGA8k,Vücudumuzun yarısından fazlası insan değil!,20211114,manual,915,1815,193,9.404145,2.809917,61.3918,orta,0.723921,4.958678,1.652893,0.0,185,0,surprising_claim,0.0,152,0.0,1532636,6.781994,5.509642,3.305785,6.61157,4.958678,2.203857,10.46832,12.672176,2.203857
vpcTjXhKcfM,Dijital kopyanız hazır mı? Avatar yerine MetaHuman,20211121,manual,1036,1880,144,13.055556,2.709043,55.9142,orta,0.696947,4.255319,0.531915,0.0,190,1,question,0.0,156,0.0,1286871,6.611461,1.06383,0.0,7.978723,3.723404,6.914894,18.085106,11.702128,2.659574
9htA990fPJI,1000 Beyin Teorisi,20211128,manual,823,1643,131,12.541985,2.646987,59.7477,orta,0.664818,7.912355,0.0,0.0,187,4,question,21.390374,147,0.0,1282279,6.611933,8.520998,3.651856,7.303713,3.651856,1.825928,9.738284,13.998783,1.825928
7PGLODg3Xg4,İnsansı ve üreyen robotlar,20211205,manual,647,1211,110,11.009091,2.73493,60.2155,orta,0.723504,11.560694,0.825764,0.0,153,8,question,0.0,128,0.0,1429886,6.724809,3.303055,1.651528,9.083402,7.431874,4.954583,14.863749,18.166804,0.0
CcCbIKp3Pzc,Geleceğin otomobili nasıl olmalı?,20211209,manual,757,1422,111,12.810811,2.840366,51.2771,orta,0.717678,4.922644,0.0,0.0,167,0,surprising_claim,0.0,151,0.0,582408,5.830698,2.81294,0.0,4.219409,3.516174,2.109705,4.219409,7.032349,1.40647
CFTs5EmWQDg,Matrix Uyanıyor!,20211212,manual,947,1355,127,10.669291,2.621402,65.6633,orta,0.713859,16.97417,0.738007,0.0,119,4,question,25.210084,82,0.0,1161469,6.521251,11.070111,1.476015,5.166052,2.214022,8.856089,11.808118,10.332103,7.380074
8dOdIN_E8fo,2021’de izlediğim en iyi 21 Film,20211215,manual,1388,3163,226,13.995575,2.564021,59.287,orta,0.715572,3.793867,0.316156,0.0,220,1,question,13.636364,206,0.0,1749534,6.932173,3.477711,0.316156,5.374644,5.374644,6.323111,10.116978,23.079355,8.5362
kWYlB5ktwzQ,AHA! Etkisi,20211219,manual,546,1132,110,10.290909,2.678445,64.3592,orta,0.733535,3.533569,14.134276,0.0,212,4,question,4.716981,127,0.0,948114,6.322706,3.533569,0.0,6.183746,8.833922,13.250883,13.250883,10.600707,5.300353
-4RdNSFynvo,WEBB Uzay Teleskobu neden çok önemli?,20211221,manual,1066,2139,151,14.165563,2.630201,56.1846,orta,0.701712,5.14259,0.0,0.0,186,1,question,5.376344,94,0.0,1744393,6.932746,4.207574,0.0,10.28518,5.14259,11.687705,5.610098,4.675082,3.740065
hvSsTCvMHXs,Zinciri Kırma! 2022'de Metaverse'te ;-),20211226,manual,660,1347,136,9.904412,2.495174,72.7309,kolay,0.656096,8.908686,2.969562,0.0,185,5,question,0.0,151,0.0,1347247,6.677627,0.0,0.74239,10.393467,2.227171,5.939124,20.044543,20.786934,12.620638
7USqEZWi308,“Yukarı Bakma!”ya Bakma!,20220102,manual,785,1467,117,12.538462,2.629175,60.4725,orta,0.680651,4.08998,2.04499,0.0,217,0,question,4.608295,106,9.433962,1660925,6.890827,4.771643,2.04499,8.861622,4.08998,10.224949,3.408316,12.951602,4.771643
CD7TrhMXSXc,ÇİN'İN YAPAY GÜNEŞİ,20220109,manual,919,1689,144,11.729167,2.564831,65.1698,orta,0.711913,8.288928,0.0,0.0,133,0,surprising_claim,0.0,120,0.0,3062210,7.50627,2.960332,0.592066,8.880995,4.144464,1.776199,5.920663,5.920663,3.552398
JA8_UMRMll4,"Kazayla ""DAHİ"" olan adam!",20220116,manual,889,1606,169,9.502959,2.625778,68.5316,orta,0.742406,8.094645,0.0,0.0,182,2,question,0.0,114,0.0,1559292,6.836056,3.113325,2.49066,9.339975,4.98132,17.43462,6.22665,13.075965,2.49066
epKLucWhn7U,2022'nin ilk viral oyunu: WORDLE,20220123,manual,633,1282,145,8.841379,2.580343,72.0837,kolay,0.687348,4.680187,0.780031,0.0,202,1,question,4.950495,161,18.63354,837886,6.22005,4.680187,2.340094,9.360374,4.680187,5.460218,16.380655,10.140406,11.700468
EYlDo1Zdqwo,Çin roketi 4 Mart’ta Ay’a çarpacak!,20220130,manual,990,1953,155,12.6,2.557092,63.2078,orta,0.694671,3.072197,0.512033,0.0,189,0,question,10.582011,113,0.0,756387,6.122126,3.072197,2.560164,4.608295,4.096262,10.752688,8.704557,11.264721,3.072197
D4GHc3g6dFw,"BABA, neden bu kadar ""Baba"" bir film?",20220206,manual,1182,1979,178,11.117978,2.548257,67.4309,orta,0.6963,5.558363,0.505306,0.0,144,4,question,34.722222,121,0.0,2219987,7.201597,4.547751,1.515917,8.590197,3.53714,5.558363,9.095503,16.675088,0.505306
Q9EOXkEdqGQ,Arıları NFT kurtarabilir mi?,20220210,manual,505,944,75,12.586667,2.809322,53.1093,orta,0.711234,6.355932,0.0,0.0,165,2,question,6.060606,142,7.042254,494618,5.705133,4.237288,2.118644,3.177966,3.177966,4.237288,19.067797,13.771186,2.118644
FUH7m6tHgm0,METAVERSE'ü Anlama Rehberi: MetaVerse vs. VerseMeta,20220213,manual,977,1944,178,10.921348,2.644547,64.0756,orta,0.704739,9.773663,0.514403,0.0,207,1,question,4.830918,120,16.666667,983780,6.392908,7.716049,1.028807,6.17284,2.572016,7.716049,21.604938,21.604938,4.62963
V_hLK1_hh4Q,WEBB Uzay Teleskobu’na ilk fotonlar ulaştı!,20220215,manual,385,755,56,13.482143,2.709934,54.765,orta,0.710471,1.324503,1.324503,0.0,203,0,surprising_claim,0.0,160,0.0,752048,6.126032,2.649007,0.0,10.596026,1.324503,9.271523,2.649007,9.271523,0.0
01ghGqxKtJU,Tüm zamanların en çok satan kitapları. Birini hiçbir zaman okuyamayacağız!,20220227,manual,1062,2293,210,10.919048,2.463149,71.3693,kolay,0.678332,3.924989,0.43611,0.0,203,2,question,9.852217,173,5.780347,2413297,7.297784,2.616659,2.180549,3.052769,6.977758,6.541648,6.105539,10.466638,3.924989
HVpl3doIAPs,Uzay boşluğunda yaşayabilen tek hayvan başka bir yıldıza gönderilecek!,20220306,manual,785,1481,107,13.841121,2.727211,53.134,orta,0.721349,8.102633,0.675219,0.0,182,0,surprising_claim,0.0,140,7.142857,2161851,7.192121,3.376097,0.675219,2.025658,4.051317,8.102633,8.777853,11.478731,1.350439
EmjViC8yPUY,"3,141592653589793",20220313,manual,652,1242,113,10.99115,2.616747,65.0103,orta,0.697218,11.272142,0.805153,0.0,162,3,question,0.0,123,0.0,1135986,6.553639,2.415459,1.610306,4.025765,0.0,10.466989,12.077295,9.661836,2.415459
0zyMQr-MJDA,Dünyanın en derin deliği açılıyor!,20220320,manual,747,1484,126,11.777778,2.6031,63.5055,orta,0.706116,8.760108,1.347709,0.0,185,2,question,0.0,135,0.0,2111999,7.177439,1.347709,1.347709,2.695418,2.695418,2.021563,6.06469,8.086253,2.021563
nw1CukUm7pY,Beyninizi çiple ikiye ayırmak ister miydiniz?,20220327,manual,1102,2106,203,10.374384,2.531339,70.0513,kolay,0.710777,7.122507,1.899335,0.0,169,4,question,5.91716,91,21.978022,911961,6.342989,3.79867,1.899335,9.496676,8.072175,7.597341,11.396011,19.94302,10.921178
yIVVdPwT49Q,Şimdiye kadar KAÇ KİŞİ yaşadı?,20220403,manual,855,1736,165,10.521212,2.497696,71.0197,kolay,0.719593,6.336406,1.728111,0.0,178,4,question,5.617978,145,0.0,1223129,6.640471,3.456221,2.304147,4.032258,2.304147,5.760369,12.672811,21.889401,7.488479
S7sbw097l3E,Ne dersen çizebilen DALL-E'nin yenisi çok daha şaşırtıcı,20220410,manual,577,1221,99,12.333333,2.716626,57.4946,orta,0.72451,4.095004,0.0,0.0,202,4,question,4.950495,157,0.0,643502,6.003779,4.095004,0.0,10.647011,6.552007,1.638002,13.923014,9.82801,1.638002
kKqpiFir8ug,Çizgi romandan otomobil tasarımına,20220417,manual,821,1605,137,11.715328,2.705919,59.5377,orta,0.717214,4.361371,0.0,0.0,191,1,question,5.235602,154,0.0,300067,5.248062,4.361371,0.0,9.345794,7.476636,1.246106,9.968847,12.461059,3.738318
HGpWJRvzVDA,7 YILDA NASIL DEĞİŞTİM? Son Video!,20220424,automatic,1711,2697,2,1348.5,2.252874,0.0,çok_zor,0.60919,0.0,0.0,0.0,141,0,question,14.184397,31,0.0,1472541,6.839025,5.190953,7.044865,3.707824,4.078606,4.820171,19.280682,30.774935,12.235818
o5BG9pTNuSI,Elon Musk TWITTER'ı neden aldı?,20220427,manual,906,1814,152,11.934211,2.502205,67.1506,orta,0.70099,7.717751,0.0,0.0,194,1,question,0.0,136,0.0,1916181,7.104022,1.653804,4.961411,7.166483,4.410143,6.615215,6.615215,15.98677,4.410143
WsbuisT5H90,Geleceği en çok tahmin eden film hangisi?,20220501,manual,1366,2420,196,12.346939,2.709917,57.7286,orta,0.737352,4.545455,0.0,0.0,213,1,question,18.779343,141,7.092199,1276773,6.700973,4.132231,4.132231,6.61157,7.85124,7.024793,11.570248,15.702479,2.066116
tZwgSsCEjhA,Dünya’nın gölgesini görebilir miyiz?,20220508,manual,765,1400,137,10.218978,2.546429,69.8507,orta,0.652833,6.428571,0.714286,0.0,133,3,question,7.518797,147,0.0,651604,6.03395,2.857143,0.0,5.714286,6.428571,8.571429,11.428571,13.571429,1.428571
QMaEk1UoaL0,Galaksimizin merkezindeki kara deliğin ilk fotoğrafı,20220512,manual,1028,1940,151,12.847682,2.718041,56.0952,orta,0.687977,2.061856,0.0,0.0,176,1,question,17.045455,95,10.526316,1402721,6.801955,3.092784,1.030928,7.216495,3.092784,3.092784,2.061856,15.463918,4.123711
o7NhJiu1nCA,"Gökbilimciler, galaksimizin merkezindeki kara deliğin ilk görüntüsünü açıklıyor ESO BASIN TOPLANTISI",20220512,automatic,5518,9133,8,1141.625,2.38662,0.0,çok_zor,0.717766,0.0,0.0,0.109493,37,0,statement,0.0,27,370.37037,608228,5.967786,3.503778,1.861382,4.927187,6.022118,4.927187,13.029673,25.949852,9.087923
Vu9P_QeA4KI,"ŞU 3 KELİMEYİ UNUTMAYIN! Citius, Altius, Fortius",20220515,manual,862,1529,131,11.671756,2.523872,66.9652,orta,0.718017,5.8862,1.308044,0.0,186,1,question,0.0,119,8.403361,577797,5.918512,1.962067,0.654022,10.464356,4.578156,5.8862,9.810334,17.6586,7.194245
_22z2rwaQ3o,KOZMOS: Bilimle ilgili tek bir kitap okuma hakkım olsaydı bu olurdu,20220522,manual,1160,2186,197,11.096447,2.506862,69.1501,orta,0.637914,10.978957,0.914913,0.457457,141,3,question,7.092199,78,0.0,752723,6.186856,5.032022,0.457457,5.489478,8.234218,4.574565,9.149131,11.89387,2.744739
bWqz9Exk-v0,Saatler neden hep 10.10'u gösterir?,20220529,manual,700,1456,124,11.741935,2.556319,65.4784,orta,0.681444,7.554945,0.0,0.0,176,2,question,5.681818,156,6.410256,1016959,6.491713,3.434066,0.686813,8.928571,8.241758,1.373626,6.868132,10.302198,2.747253
L9ETeZ4rb9I,"Dünyanın en büyük ""Yıldız Savaşları"" buluşmasına katıldık!",20220605,automatic,2403,2861,1,2861.0,2.47396,0.0,çok_zor,0.721474,0.0,0.0,0.0,130,0,question,7.692308,11,0.0,317763,5.336299,3.84481,2.446697,5.242922,6.641035,7.689619,9.43726,18.874519,6.291506
n1ybNDk9NUo,Neden tişörtlerimin veritabanı var?,20220612,manual,658,1456,127,11.464567,2.599588,64.464,orta,0.663749,2.747253,0.686813,0.0,197,2,question,5.076142,159,0.0,320607,5.349709,4.120879,2.06044,6.181319,7.554945,6.868132,13.049451,24.725275,15.10989
sEhRqPshDc4,Türkiye'den uzaya gönderilen ilk dondurma!,20220617,manual,820,1497,156,9.596154,2.580494,70.1077,kolay,0.690071,6.012024,0.668003,0.0,149,2,question,0.0,155,6.451613,730531,6.173863,0.668003,0.668003,3.340013,1.336005,6.680027,10.02004,14.028056,3.340013
eO5LaCVOPYg,"Çin, uzaylı bir medeniyetten gelen sinyalleri mi yakaladı?",20220619,manual,633,1291,97,13.309278,2.687064,56.135,orta,0.73652,5.422153,1.549187,0.0,195,1,question,5.128205,128,7.8125,1683585,7.008903,3.872967,2.32378,10.069713,4.64756,6.97134,3.098373,15.491867,2.32378
d1pHOsXRdEg,Hangi boğayı çizmek daha kolay?,20220622,manual,760,1528,158,9.670886,2.649215,67.1518,orta,0.760571,11.780105,0.0,0.0,140,6,question,0.0,147,0.0,408829,5.598298,2.617801,0.0,7.198953,3.272251,6.544503,17.015707,13.089005,7.198953
T7aDau5nXpg,Bu keman çöplerden yapıldı!,20220626,manual,672,1310,128,10.234375,2.662595,65.1435,orta,0.725247,3.053435,0.0,0.0,159,0,surprising_claim,0.0,139,0.0,223909,5.001912,2.290076,2.290076,3.816794,0.0,9.160305,12.977099,7.633588,5.343511
5MJvo0UV924,En sevdiğiniz renk neden MAVİ?,20220703,manual,813,1612,142,11.352113,2.545285,66.9391,orta,0.685768,13.647643,0.0,0.0,192,4,question,20.833333,155,0.0,852051,6.337969,8.684864,3.722084,9.305211,2.48139,3.101737,5.583127,15.508685,4.962779
r-AkMPntoHE,En büyük LEGO setlerini yaptık!,20220707,manual,1227,1796,299,6.006689,2.455457,84.4996,kolay,0.717655,21.714922,1.670379,0.0,99,2,question,0.0,153,0.0,1229741,6.706989,3.89755,2.783964,6.681514,3.89755,8.908686,15.033408,17.260579,3.89755
sbzC2WeOkv0,Dünyanın EN GARİP Bayramları!,20220710,manual,929,1669,171,9.760234,2.576393,69.8442,orta,0.727911,5.991612,0.599161,0.599161,185,3,question,0.0,149,0.0,419635,5.636161,1.198322,1.797484,8.987418,4.194128,5.392451,22.168963,13.780707,1.198322
pZTreTu_HFc,James Webb Teleskobunun ilk görüntüleri hakkında ilginç sorular,20220717,manual,656,1268,108,11.740741,2.600158,63.7203,orta,0.663701,7.886435,0.0,0.0,168,2,question,5.952381,138,0.0,879552,6.378985,7.886435,0.788644,10.252366,10.252366,7.097792,19.716088,19.716088,0.788644
ttrhQvlrt_o,HER ŞEY HER YERDE AYNI ANDA,20220724,manual,1114,1995,220,9.068182,2.542857,72.9978,kolay,0.697758,14.536341,6.516291,1.503759,154,5,question,32.467532,102,19.607843,856921,6.357648,10.025063,2.005013,12.030075,3.007519,4.010025,7.017544,18.546366,6.516291
dkBIPJYcTfg,Suudi Arabistan neden çizgi şeklinde bir şehir inşa ediyor?,20220731,manual,927,2009,150,13.393333,2.532106,62.1411,orta,0.762,9.955202,0.0,0.0,194,4,question,10.309278,143,0.0,4069520,7.918927,7.964161,2.4888,15.430562,3.982081,6.470881,5.475361,12.941762,2.4888
FvaBCK_yf3Q,Kahve soğuyana kadar... Zamanda yolculuk,20220807,manual,863,1573,148,10.628378,2.671329,63.7643,orta,0.767027,6.357279,0.635728,0.0,149,1,question,0.0,95,0.0,1588128,6.983259,1.907184,4.450095,5.085823,5.085823,8.900191,15.25747,13.986014,0.635728
0e2qtcvGYZ0,Dünya atom saatlerinin icat edilmesinden bu yana EN KISA GÜN rekorunu kırdı!,20220814,manual,709,1419,126,11.261905,2.625793,63.9402,orta,0.697095,4.933051,0.0,0.0,173,3,question,0.0,137,0.0,928831,6.452285,6.342495,1.409443,8.45666,4.22833,9.161381,9.866103,14.094433,5.637773
iOE1VwqgO2g,Yapay Zeka Sanatının Şafağı,20220821,manual,889,1835,176,10.426136,2.617984,66.4353,orta,0.713328,9.264305,0.0,0.0,135,0,surprising_claim,0.0,151,6.622517,870235,6.392003,1.634877,1.634877,5.449591,3.269755,6.53951,15.258856,14.713896,6.53951
pUUoRExmU1E,İnsanlık Ay’a dönüyor. Bu kez kalıcı olarak!,20220828,manual,1219,2499,173,14.445087,2.565026,58.0734,orta,0.674673,2.80112,0.0,0.0,79,1,question,0.0,137,0.0,1844181,7.146948,2.40096,1.60064,8.003201,4.401761,6.002401,4.801921,6.802721,3.601441
z0ZcKLV6Hcs,Yüzüklerin Efendisi: Güç Yüzükleri,20220904,manual,1210,2346,203,11.55665,2.539642,66.632,orta,0.703755,8.098892,0.852515,0.426257,200,0,surprising_claim,0.0,174,0.0,1130579,6.662962,3.836317,0.426257,4.262575,4.262575,14.066496,5.967604,21.73913,5.967604
X2C6hMF6cVQ,Duyduklarınıza inanamayacaksınız! İşitsel İllüzyonlar,20220911,manual,1172,1982,225,8.808889,2.624622,70.3896,kolay,0.64805,17.65893,0.0,0.0,152,1,question,0.0,153,0.0,573252,5.989884,3.027245,5.045409,9.586276,9.081736,3.531786,17.15439,22.199798,4.540868
QbjEbUomUMQ,NOPE - Bu bildiğiniz UFO filmlerinden değil!,20220918,manual,917,1738,151,11.509934,2.666858,61.643,orta,0.736332,4.027618,0.575374,0.0,150,1,question,6.666667,130,0.0,533863,5.923746,5.178366,2.301496,11.50748,4.027618,8.055236,4.027618,9.205984,1.726122
kCYMOhweZZI,40 günde $40000000,20220925,manual,655,1369,129,10.612403,2.498174,70.7625,kolay,0.690332,8.035062,0.0,0.0,228,4,question,4.385965,164,0.0,482200,5.827138,0.73046,1.46092,8.765522,0.73046,10.226443,14.609204,8.035062,3.652301
fDR0EGhSfPQ,Milyon dolarlık UZAY KALEMİ AG7,20221002,manual,668,1280,122,10.491803,2.572656,68.0849,orta,0.723333,3.125,0.0,0.0,183,0,surprising_claim,0.0,116,0.0,505816,5.879725,1.5625,1.5625,4.6875,7.03125,11.71875,6.25,4.6875,0.0
xIWYEBXF6BI,Tesla'nın İnsansı Robotu OPTIMUS,20221006,manual,760,1493,144,10.368056,2.769591,60.496,orta,0.733559,8.707301,0.669792,0.0,165,1,question,6.060606,155,6.451613,687819,6.189157,5.358339,0.0,9.377093,6.028131,3.348962,4.018754,8.707301,2.679169
BJ0a8n7FJr0,Ürpertici ve Tuhaf KUANTUM DOLANIKLIĞI,20221009,manual,1139,2142,219,9.780822,2.663866,66.2763,orta,0.714231,11.204482,0.466853,0.0,172,3,question,0.0,138,0.0,1960012,7.237127,2.80112,0.0,6.535948,3.734827,3.267974,7.936508,8.403361,1.867414
zx-qvEq3XkY,"TWITTER X - Elon Musk, Twitter'ı “HER ŞEY UYGULAMASI”na dönüştürebilir mi?",20221016,manual,780,1564,154,10.155844,2.592072,68.1818,orta,0.73775,12.787724,0.0,0.0,198,7,question,5.050505,167,0.0,808685,6.357819,4.475703,1.918159,4.475703,5.11509,5.11509,7.672634,10.230179,2.557545
oBXYc8ZYafI,Hiç Dejavu yaşadın mı? Dejavu yaşadın mı?,20221023,manual,671,1274,140,9.1,2.596546,70.7578,kolay,0.689109,12.55887,0.0,0.0,154,5,question,0.0,97,0.0,2217186,7.370297,7.064364,2.354788,7.064364,7.064364,7.064364,8.634223,16.483516,1.569859
1vGO3hSJxIE,10 yılda hangi 10 teknoloji gelişecek?,20221027,manual,704,1145,93,12.311828,2.747598,56.3064,orta,0.755793,3.49345,0.0,0.0,177,4,question,0.0,141,0.0,710845,6.236952,0.0,0.0,5.240175,0.873362,3.49345,1.746725,2.620087,0.0
W8JJTpYu75Y,AY NASIL OLUŞTU? Birkaç saatte...,20221030,manual,526,1019,83,12.277108,2.692836,58.5971,orta,0.697158,5.888126,0.0,0.0,166,3,question,6.024096,175,0.0,726319,6.260597,8.832188,0.0,1.962709,3.925417,4.906771,0.0,7.850834,0.0
mr6gjd73px4,Yağmurda Yarış Sanatı,20221106,manual,693,1020,128,7.96875,2.707843,69.239,orta,0.811333,3.921569,2.941176,0.0,107,0,surprising_claim,0.0,133,0.0,420814,5.721217,1.960784,0.0,6.862745,6.862745,6.862745,15.686275,12.745098,0.0
vga-7wh3HFI,16 İLGİNÇ WEB SİTESİ,20221109,manual,900,1833,212,8.646226,2.620295,70.988,kolay,0.738185,5.455537,1.636661,0.0,207,5,question,4.830918,105,0.0,432031,5.749603,1.091107,0.0,4.36443,3.818876,2.182215,19.094381,10.911075,2.727769
cFZwBZLwiTI,Geçmişten Geleceğe BİLİNÇ TRANSFERİ - The Peripheral,20221113,manual,871,1562,150,10.413333,2.59219,67.505,orta,0.774435,12.804097,0.0,0.0,145,0,surprising_claim,0.0,143,6.993007,608047,6.093332,5.121639,0.640205,11.523688,3.841229,8.322663,5.761844,10.243278,1.920615
aD-_ODZHfHQ,Güneş sisteminin sınırında ne var? En büyük balon?,20221120,manual,721,1392,144,9.666667,2.671695,66.2596,orta,0.713129,3.591954,0.0,0.0,155,0,surprising_claim,0.0,159,0.0,806188,6.379933,2.155172,0.718391,10.057471,2.873563,2.873563,4.310345,12.212644,1.436782
GW3MMtJMeq4,Büyük Piramidin içinde ne var? 3B TUR,20221127,manual,1160,2334,249,9.373494,2.568123,71.1858,kolay,0.700709,5.141388,0.0,0.0,173,2,question,0.0,146,0.0,8174309,8.699964,2.999143,2.142245,8.56898,3.856041,6.855184,4.712939,8.140531,1.285347
2G7183P3a-Q,Bu nasıl bir Kafa? SICAK KAFA! Türkiye’nin ilk distopya dizisi,20221204,manual,599,1060,115,9.217391,2.599057,70.3505,kolay,0.791778,11.320755,0.0,1.886792,195,3,question,5.128205,141,0.0,922120,6.524342,5.660377,1.886792,9.433962,4.716981,12.264151,8.490566,15.09434,2.830189
-WSQEyT2Mu0,ChatGPT yeni Google olabilir mi?,20221211,manual,1037,2009,192,10.463542,2.547536,69.1679,orta,0.7424,7.466401,0.49776,0.49776,109,0,question,9.174312,109,0.0,1198588,6.791401,7.964161,1.99104,9.457442,4.479841,13.439522,12.941762,15.928323,4.977601
j2e46IM6xks,NÜKLEER FÜZYON 21. Yüzyılın En Önemli Bilimsel Atılımlarından Biri Gerçekleşti!,20221218,manual,985,1836,180,10.2,2.622004,66.864,orta,0.682548,10.348584,1.633987,0.0,125,0,surprising_claim,0.0,150,0.0,816593,6.413366,2.723312,0.544662,5.446623,1.089325,3.812636,4.901961,5.991285,1.633987
vaYif50DzEo,2023'DE ZİNCİRİ KIRMA!,20221225,manual,736,1452,184,7.891304,2.523416,76.8505,kolay,0.675493,11.019284,0.0,0.0,159,2,question,0.0,125,0.0,1080676,6.698394,2.066116,2.066116,7.575758,3.443526,2.754821,13.085399,17.217631,12.396694
HCDXEtaK52g,Pinokyo'nun Karanlık Yüzü,20230108,manual,1190,2053,198,10.368687,2.544569,69.5347,orta,0.725585,4.870921,0.0,0.0,125,1,question,0.0,95,0.0,1590289,7.094869,0.487092,0.487092,7.306381,5.845105,10.716025,5.358013,15.099854,1.461276
GDezonq3wC0,"Yeni bir AI, 3 SANİYELİK SESLE herkesin sesini simüle edebiliyor!",20230115,manual,833,1291,129,10.007752,2.655306,66.0279,orta,0.72715,6.196747,0.0,0.0,100,0,surprising_claim,0.0,117,0.0,534671,6.01179,2.32378,0.774593,9.29512,6.97134,5.422153,13.94268,13.168087,4.64756
LTJ7bgj8IS8,"""The Last of Us""ın zombileştiren mantarları",20230122,manual,960,1657,164,10.103659,2.66204,65.507,orta,0.751245,6.638503,0.6035,0.0,123,0,surprising_claim,0.0,106,0.0,2317619,7.48189,4.224502,4.224502,16.898008,5.431503,9.052505,1.207001,24.140012,3.017502
G8kxCWm2XAo,Neden en iyi fikirler duşta aklımıza gelir?,20230129,manual,714,1388,156,8.897436,2.637608,69.6368,orta,0.72554,13.688761,2.161383,0.0,148,5,question,20.27027,152,13.157895,638670,6.199825,5.763689,1.440922,14.409222,7.204611,5.763689,10.086455,14.409222,2.881844
-BvS6PZbCws,Mamutlar 2027'de yaşama geri mi gelecek?,20230205,manual,1146,2206,221,9.9819,2.526745,71.2602,kolay,0.714827,11.786038,0.0,0.453309,190,7,question,0.0,131,0.0,3385797,7.871535,4.533092,0.453309,7.706256,4.986401,6.346328,6.799637,9.066183,2.266546
tZTE_cjK0Gc,UFO ≠ UZAYLI,20230219,manual,1016,2121,187,11.342246,2.629892,63.5658,orta,0.727342,2.828854,0.0,0.0,202,0,surprising_claim,4.950495,165,24.242424,1059953,6.721888,3.771806,0.942951,5.657709,4.714757,7.543612,9.90099,19.330504,8.958039
J6RswCBkcZ8,Andromeda Galaksisi'ne 50 yılda gitmek mümkün mü?,20230226,manual,1315,2631,240,10.9625,2.583048,66.4389,orta,0.700616,13.68301,2.280502,0.380084,173,1,question,11.560694,153,0.0,3121010,7.806515,11.022425,1.140251,7.601672,7.601672,3.040669,9.50209,9.50209,2.660585
Z4Rs8wFOE_A,Yapay zekaya nasıl adapte olacağız?,20230305,manual,1751,3713,414,8.968599,2.619176,70.1916,kolay,0.699734,9.42634,2.69324,0.0,210,3,question,4.761905,189,10.582011,832510,6.491681,6.194452,1.615944,10.503636,4.847832,4.578508,14.274172,24.777808,14.81282
3KOwARL9Sa4,Karanlık Madde Var! Hayır Yok! VAR! YOK!,20230312,manual,1257,2579,257,10.035019,2.576192,69.1351,orta,0.695899,11.632416,0.775494,0.0,173,1,question,0.0,165,0.0,1135785,6.807458,4.652966,3.489725,6.591702,6.203955,2.71423,7.367197,15.897635,8.918185
hNA685AihMk,GPT-4 Çıktı! N'olacak şimdi?,20230319,manual,1438,2950,258,11.434109,2.613559,63.9822,orta,0.729926,5.423729,0.0,0.338983,170,0,surprising_claim,5.882353,165,6.060606,1315588,6.959845,4.40678,0.677966,4.745763,5.762712,3.389831,8.813559,10.508475,4.067797
CUL_i-cY6RI,Dünyanın en büyük şelalesi suyun altında!,20230326,manual,589,1115,113,9.867257,2.527354,71.535,kolay,0.702899,11.659193,3.587444,0.0,162,6,question,6.17284,147,34.013605,1195801,6.870083,2.690583,3.587444,15.246637,2.690583,2.690583,8.071749,10.762332,9.865471
MXyRDI87L3Y,Permakültür Cenneti,20230402,manual,1064,2168,229,9.467249,2.616236,69.0082,orta,0.751057,6.457565,0.922509,0.0,204,2,question,0.0,180,5.555556,739216,6.39538,1.845018,2.767528,7.380074,4.612546,2.767528,7.841328,18.911439,5.535055
3CImvksovN8,Dünyanın en uzun dağına çıktım! Everest değil.,20230409,manual,1165,1910,206,9.271845,2.604188,70.0022,kolay,0.660085,1.04712,0.0,0.0,177,2,question,0.0,129,38.75969,1064483,6.765198,1.04712,4.188482,4.712042,4.712042,4.712042,6.282723,13.612565,8.900524
ZhWjcBbJ1fY,HAWAII - Volkanlar Diyarı,20230416,automatic,3320,4402,8,550.25,2.435484,0.0,çok_zor,0.69797,0.0,0.0,0.0,140,0,direct_address,0.0,111,0.0,1489255,7.106363,3.407542,3.180373,8.40527,6.360745,3.861881,11.585643,15.447524,2.271695
5EXKsagW7H4,Issız bir adaya düşseydin karadelikleri bulabilir miydin?,20230423,manual,651,1359,163,8.337423,2.49816,76.7007,kolay,0.660912,11.037528,0.0,0.0,162,2,question,12.345679,157,12.738854,487118,5.996253,5.150846,2.207506,6.622517,3.679176,2.207506,4.415011,13.980868,6.622517
c5TpfDvSvII,Kobe Bryant'ın MAMBA MANTALİTESİ,20230430,manual,927,1847,218,8.472477,2.587439,72.7615,kolay,0.723599,10.82837,0.541419,0.0,149,1,question,6.711409,139,0.0,728816,6.404111,6.497022,2.707093,6.497022,4.331348,5.414185,14.6183,9.745533,11.369789
k6ysbGas2Ew,Beyin okuma makineleri artık gerçek!,20230507,manual,780,1548,154,10.051948,2.599483,68.1552,orta,0.730042,15.503876,0.645995,0.645995,168,4,question,0.0,140,0.0,457429,5.945089,7.105943,5.813953,5.813953,2.583979,9.689922,14.211886,15.503876,5.813953
5_WKK7CkpiA,Bu treni de kaçırırsak...,20230511,manual,850,1650,174,9.482759,2.644242,67.8426,orta,0.735333,16.969697,0.0,0.0,120,1,question,0.0,156,12.820513,601428,6.221477,1.818182,1.818182,6.060606,2.424242,2.424242,10.30303,27.878788,5.454545
G5Wqv-7c42A,Bilmek... Ne işimize yarayacak?,20230514,manual,849,1584,157,10.089172,2.550505,70.0257,kolay,0.75619,11.994949,0.631313,0.0,123,4,question,8.130081,87,0.0,1053157,6.783372,7.575758,2.525253,2.525253,9.469697,7.575758,8.207071,8.207071,1.262626
vMJQBj1DmcI,25 ülkeden 100 genç neden bir araya geldik?,20230519,manual,822,719,68,10.573529,2.659249,64.3928,orta,0.705447,5.563282,0.0,0.0,66,0,surprising_claim,0.0,104,9.615385,145931,4.818136,2.781641,1.390821,15.299026,0.0,4.172462,5.563282,18.080668,2.781641
F8BFSVjpRv8,Sinema Tarihinin En İyi Monologları,20230521,manual,1260,1241,153,8.111111,2.569702,74.4172,kolay,0.741629,4.029009,0.0,0.0,186,0,surprising_claim,0.0,72,0.0,471197,5.986363,0.805802,2.417405,8.058018,3.223207,4.029009,25.785657,17.727639,5.640612
9XpZcVRoZu0,Biri bizi gözetliyor!,20230528,manual,675,1126,139,8.100719,2.780639,65.9699,orta,0.786339,11.545293,0.0,0.0,20,1,question,0.0,153,6.535948,602481,6.237498,6.216696,1.776199,4.440497,1.776199,9.769094,16.87389,26.642984,18.650089
bwIO-XQ9-M8,Profesörlerin Bile Çözemediği Boyama Problemi - Dört Renk Teoremi,20230604,manual,1030,2082,256,8.132812,2.558117,74.826,kolay,0.673493,17.291066,0.480307,0.0,170,2,question,0.0,135,0.0,471610,5.999072,4.803074,0.0,5.763689,1.92123,2.881844,12.487992,10.566763,3.362152
Cw_BHJddTgw,"Sanal gerçekliğin geleceği, Apple Vision Pro ve Meta Quest Pro hakkındaki düşüncelerim",20230608,manual,1199,2327,200,11.635,2.620541,63.1774,orta,0.722743,6.875806,0.0,0.0,179,2,question,0.0,155,0.0,733451,6.443205,3.008165,3.437903,7.735281,4.297379,6.875806,10.743446,11.173184,5.586592
1USZ5jIjra8,Sahra Çölünü Güneş Panelleriyle Kaplarsak Ne Olur?,20230611,manual,783,1497,154,9.720779,2.635939,67.5549,orta,0.702778,14.028056,0.0,0.0,139,5,question,21.582734,175,0.0,799272,6.53158,10.02004,3.340013,6.012024,4.676019,6.012024,6.012024,12.024048,2.004008
nuhFskuxygY,Dinozordan mesaj var: Kendinizi yok etmeyin!,20230618,manual,704,1397,136,10.272059,2.664996,64.9487,orta,0.714776,7.158196,0.0,0.71582,148,2,question,13.513514,159,0.0,693532,6.39591,1.431639,1.431639,2.863278,8.589835,4.294918,13.600573,15.748031,0.71582
8fBqeqBOsGA,Titanik’e dalarken kaybolan denizaltıya ne oldu?,20230621,manual,546,1051,71,14.802817,2.744053,49.9473,zor,0.789451,0.951475,0.0,0.0,194,0,surprising_claim,0.0,158,0.0,3835814,8.107473,3.805899,4.757374,4.757374,3.805899,3.805899,4.757374,12.369172,1.90295
S9g695PPlJ0,Alman Tanklarındaki En Büyük Hata!,20230625,manual,924,1750,173,10.115607,2.604571,67.7846,orta,0.7095,12.571429,0.0,0.0,152,2,question,13.157895,122,16.393443,857077,6.613371,6.285714,5.714286,5.142857,6.285714,3.428571,9.142857,15.428571,2.285714
nZqaCrwOMxM,"Büyük Astronomik Keşif: Evrenin ""Hımmm""layan Sesi",20230702,manual,835,1527,144,10.604167,2.584807,67.3035,orta,0.711981,7.858546,1.309758,0.0,188,1,question,5.319149,151,6.622517,886958,6.653683,5.239031,0.0,9.168304,5.89391,5.89391,14.407335,10.478062,4.584152
eNgsPsnRfSY,Instagram’ın Threads’i Twitter’ı öldürebilir mi?,20230706,manual,695,1483,125,11.864,2.577883,64.2935,orta,0.678818,8.766015,0.0,0.0,203,2,question,4.926108,167,11.976048,612133,6.286907,2.697235,0.674309,13.486177,2.697235,6.743088,5.394471,23.600809,10.788941
P8dBfxoDWMU,Zaman bir yanılgıdan mı ibaret?,20230709,manual,659,1273,145,8.77931,2.561665,72.9961,kolay,0.695309,20.424195,0.785546,0.0,136,5,question,7.352941,165,6.060606,959284,6.7381,9.426551,1.571092,7.85546,2.356638,2.356638,11.783189,18.853103,1.571092
fS6Yx4VEELc,Las Vegas'ın dev gözü: SPHERE,20230713,manual,867,1574,163,9.656442,2.517154,72.495,kolay,0.727959,5.082592,3.17662,0.0,121,0,surprising_claim,0.0,116,0.0,460541,6.00911,4.447268,5.082592,8.259212,6.988564,4.447268,5.082592,7.623888,1.905972
A0CF_8ttMqE,Tuhaf Atmosferik Fenomenler,20230716,manual,862,1816,192,9.458333,2.629956,68.4803,orta,0.67138,9.361233,10.462555,0.0,192,1,question,5.208333,176,0.0,569276,6.223248,6.057269,2.202643,13.76652,12.665198,2.202643,12.114537,5.506608,2.202643
jYWyiXjBAqw,OPPENHEIMER filmini o 30 IMAX sinemasından birinde izledim,20230723,manual,1140,2222,235,9.455319,2.555806,71.4671,kolay,0.707258,4.950495,0.450045,0.0,168,0,story,0.0,96,0.0,1507761,7.202232,2.250225,4.050405,8.550855,9.0009,7.650765,5.850585,18.451845,5.850585
7BSHnfzCPuo,ABD yıllardır UFO’ları gizliyor mu?,20230727,manual,1080,2222,194,11.453608,2.538704,66.9387,orta,0.71365,8.550855,0.0,0.0,191,1,question,0.0,176,22.727273,2848477,7.841604,1.80018,1.350135,4.050405,8.10081,8.550855,8.550855,15.30153,5.40054
WiDGGJ-DROE,Frappuccino Etkisi,20230730,manual,1057,2190,278,7.877698,2.451598,79.7713,kolay,0.667958,21.917808,1.369863,0.456621,158,4,question,6.329114,132,0.0,1025643,6.823517,5.936073,4.109589,3.652968,6.849315,2.283105,10.958904,10.045662,1.826484
jtVpPDqNuS8,NÖROESTETİK - Sanat beyni nasıl dönüştürür?,20230806,manual,883,1712,173,9.895954,2.630257,67.326,orta,0.738585,13.434579,0.584112,0.0,132,8,question,7.575758,107,0.0,589227,6.276334,7.593458,2.920561,7.009346,7.009346,2.336449,37.383178,13.434579,2.920561
X29AbAAPGV0,Evren düşündüğümüzden 2 KAT daha mı eski?,20230813,manual,1042,2201,262,8.400763,2.542935,74.7366,kolay,0.707009,8.178101,10.904134,0.0,200,0,surprising_claim,0.0,175,0.0,528789,6.174639,7.269423,2.726034,4.997728,6.360745,6.815084,12.267151,10.449796,5.452067
oYY2akKP2-0,Ted Kaczynski'nin Karanlık Hikayesi,20230820,manual,1948,2880,357,8.067227,2.604167,73.1471,kolay,0.718263,10.069444,1.736111,0.0,148,0,direct_address,0.0,127,0.0,1454280,7.191352,3.472222,1.041667,9.375,3.472222,7.986111,11.458333,14.236111,1.388889
sPojDMQWVCw,ChatGPT ile Bilimsel Simülasyonlar,20230827,manual,1268,2558,327,7.82263,2.525801,76.9339,kolay,0.709678,12.900704,12.900704,0.0,180,5,question,27.777778,169,5.91716,599641,6.312886,8.9914,6.254887,7.036747,10.164191,6.254887,16.028147,19.546521,17.200938
JdbpT7tWvpY,Yer altında yaşam mümkün mü?,20230903,manual,1139,2417,261,9.260536,2.588746,70.6521,kolay,0.719722,10.343401,7.033513,0.0,165,2,question,6.060606,159,12.578616,1095976,6.921576,5.792305,2.896152,6.619777,5.792305,5.792305,14.894497,14.067025,4.964832
_aGiTftfhyo,Loch Ness Canavarı Avı Yeniden Başladı!,20230910,manual,1357,2820,239,11.799163,2.518794,66.8366,orta,0.692229,3.900709,3.546099,0.0,164,0,surprising_claim,0.0,137,0.0,797774,6.610851,1.77305,1.41844,7.446809,4.964539,6.382979,4.964539,14.184397,2.12766
uNvZaCua0RM,AI DRONE İNSANI YENDİ!,20230917,manual,1419,2827,293,9.648464,2.684825,65.7797,orta,0.688834,9.197029,4.952246,0.0,151,4,question,13.245033,74,0.0,537641,6.223388,6.367174,1.414927,6.720906,6.720906,7.074637,9.904492,13.795543,3.183587
zs27vBoIA0w,"Uzaylı değil, Nazca Mumyaları",20230920,manual,811,1562,137,11.40146,2.652369,62.5083,orta,0.744645,7.042254,1.28041,0.0,189,2,question,5.291005,173,5.780347,1224342,7.048054,5.761844,1.28041,5.761844,3.201024,3.841229,5.121639,9.603073,4.481434
6PiX-sGNFLM,Ozon deliğine ne oldu?,20230924,manual,1044,1956,232,8.431034,2.665133,69.7483,orta,0.703469,13.803681,3.578732,0.0,88,2,question,34.090909,157,19.10828,1122122,6.96471,9.202454,2.04499,8.179959,7.668712,5.623722,6.646217,20.961145,5.112474
LznUphXBnIQ,10 Kentilyon Dolarlık Asteroite gidiyoruz! Psyche,20231001,manual,627,1352,139,9.726619,2.488905,73.4468,kolay,0.677091,9.615385,6.656805,0.0,185,8,question,16.216216,156,0.0,617116,6.374171,3.698225,3.698225,7.39645,10.35503,2.95858,5.177515,13.313609,4.43787
_J78SeTk7LQ,2023 Nobel Fizik Ödülü - Attosaniye Lazerler,20231008,manual,637,1314,139,9.453237,2.697108,65.7957,orta,0.682408,12.937595,5.327245,0.0,163,2,question,6.134969,148,0.0,379396,5.895407,3.04414,1.52207,9.893455,9.13242,4.56621,7.61035,9.13242,2.283105
LW-myQJceTE,Cesur Yeni Dünya,20231015,manual,779,1417,173,8.190751,2.610445,72.5725,kolay,0.720876,14.820042,5.64573,0.0,149,2,question,6.711409,135,0.0,622255,6.395799,3.528582,4.234298,9.880028,1.411433,11.291461,8.468596,19.760056,7.762879
CumRvmiN4Fg,Dzhanibekov Etkisi Neden 10 Yıl Sır Gibi Saklandı?,20231022,manual,719,1586,158,10.037975,2.566835,69.5033,orta,0.716209,9.457755,4.413619,0.0,192,4,question,5.208333,184,10.869565,2299094,7.708252,8.196721,0.630517,11.349306,5.674653,4.413619,20.807062,8.196721,5.674653
-0P2pi8i-cI,"30 gün boyunca her gün 22:22'de yattım! Kaliteli uyku için 10, 3, 2, 1, 0 kuralı",20231025,manual,889,1970,229,8.60262,2.505076,75.7307,kolay,0.664628,6.598985,2.538071,0.0,196,1,question,5.102041,207,0.0,3450061,8.116887,5.076142,2.538071,8.121827,3.553299,4.568528,10.659898,14.213198,6.598985
TZzSbGNl97I,100,20231029,manual,420,716,83,8.626506,2.667598,69.1391,orta,0.753463,2.793296,2.793296,0.0,186,0,surprising_claim,0.0,110,0.0,598220,6.370004,4.189944,0.0,5.586592,4.189944,5.586592,5.586592,19.553073,0.0
wvqU4HtLEO4,"İnsanların soyu tükenirse, bir yıl sonra Dünya nasıl görünürdü?",20231101,manual,651,1286,133,9.669173,2.541991,71.464,kolay,0.719762,6.22084,5.443235,0.0,82,3,question,24.390244,191,5.235602,2012261,7.584783,3.888025,5.443235,10.108865,3.888025,8.553655,13.99689,27.993779,2.332815
zAssqk78h4E,Yapay Zeka Çağında Tasarım,20231105,manual,785,1724,179,9.631285,2.665893,66.5851,orta,0.712045,5.220418,0.0,0.0,189,0,surprising_claim,0.0,193,0.0,349204,5.839748,2.320186,0.580046,3.480278,6.960557,2.900232,8.700696,24.361949,4.060325
vcR9cM3AgjA,Güneşin etrafına bu küre inşa edilebilir mi?,20231108,automatic,852,1713,1,1713.0,2.541156,0.0,çok_zor,0.681988,0.0,0.0,0.0,118,0,question,33.898305,166,0.0,453253,6.102816,11.091652,2.335085,9.340339,4.086398,8.172796,4.086398,17.513135,2.335085
0PlJCIcYozU,Belgesel sesleri neden sahte olmak zorunda!,20231112,manual,709,1435,172,8.343023,2.510105,76.2063,kolay,0.694713,13.240418,0.0,0.0,227,6,question,0.0,149,13.422819,554025,6.307106,5.574913,4.181185,6.968641,11.149826,3.484321,14.634146,6.271777,6.271777
sFSE37Ud0WM,"OpenAI, ChatGPT'nin patronu Sam Altman'ı Neden Kovdu?",20231119,manual,771,1583,101,15.673267,2.624763,52.4679,orta,0.725843,3.790272,0.0,0.0,199,2,question,10.050251,132,7.575758,530486,6.270699,5.053696,2.526848,8.212255,8.212255,9.475679,6.317119,15.792798,4.421984
7DFs2WifolI,Yeni stüdyom bir uzay gemisi: TARDIS,20231123,manual,723,1312,118,11.118644,2.535823,67.9286,orta,0.70665,3.04878,0.762195,0.0,172,1,question,0.0,147,0.0,265897,5.585867,0.762195,0.0,6.097561,8.384146,9.146341,6.859756,19.817073,3.810976
JTw3usk_K7E,Dinozorlar Nasıl Yok Oldu?,20231126,manual,532,1100,107,10.280374,2.551818,69.4739,orta,0.722667,10.0,0.909091,0.0,195,0,question,5.128205,149,0.0,755169,6.630264,14.545455,2.727273,5.454545,2.727273,4.545455,9.090909,16.363636,0.909091
K3iFTE795o0,Demek Dünyayı Kurtarmak İstiyorsun? O zaman ARK yap!,20231128,manual,396,720,82,8.780488,2.615278,70.8391,kolay,0.739636,11.111111,1.388889,0.0,198,7,question,10.10101,163,30.674847,306080,5.731103,4.166667,0.0,13.888889,2.777778,5.555556,12.5,23.611111,29.166667
fTFyk-ZCj4s,Tesla CYBERTRUCK nihayet çıktı!!!,20231203,manual,697,1347,121,11.132231,2.457313,71.0473,kolay,0.68786,5.196733,5.196733,0.0,152,3,question,0.0,136,14.705882,1035438,6.952577,0.74239,5.939124,5.939124,3.711952,1.484781,9.651076,12.620638,4.454343
4RayX7iwz1Q,Domino Etkisi,20231210,manual,622,1035,137,7.554745,2.682126,71.3527,kolay,0.808476,14.492754,0.966184,0.0,121,3,question,0.0,153,6.535948,309451,5.754104,2.898551,1.932367,11.594203,4.830918,7.729469,5.797101,15.458937,1.932367
a5FqNZt1o0c,Antarktika’nın Ortasında Hayalet Parçacıklar,20231213,manual,1091,1910,223,8.565022,2.686387,68.5447,orta,0.697951,5.759162,6.806283,0.0,127,0,surprising_claim,0.0,84,0.0,498006,6.231763,5.235602,0.52356,8.900524,8.900524,2.094241,9.947644,10.471204,4.188482
L_aGUgy6yl4,Tüm zamanların en başarılı Hollywood filmi hangisi?,20231217,manual,648,1427,142,10.049296,2.530484,70.9342,kolay,0.670078,11.212334,0.0,0.0,213,6,question,0.0,165,0.0,386002,5.981639,5.606167,0.700771,4.204625,3.503854,0.700771,10.511563,9.110021,2.102313
jXbEfrP3aC0,2024'te 13 AY OLABİLİR! Zinciri Kırma!,20231224,manual,822,1938,194,9.989691,2.418473,75.5898,kolay,0.65787,7.223942,1.031992,0.0,246,7,question,4.065041,160,6.25,836581,6.760941,4.127967,1.547988,6.19195,3.611971,4.643963,11.867905,9.287926,4.127967
phkBhzsDidw,Bu yıl izlenebilecek SONUNCU film!,20231231,manual,1317,2809,314,8.94586,2.55251,72.9292,kolay,0.721359,9.255963,1.779993,0.0,235,3,question,4.255319,156,0.0,811932,6.738304,4.627981,0.711997,6.051976,3.203987,9.255963,6.763973,14.239943,2.135991
d9xJc2Dc_1s,Yaşayan en ilginç matematikçiye ne oldu?,20240107,manual,1192,2135,190,11.236842,2.607494,64.7408,orta,0.7044,7.962529,1.873536,0.0,177,3,question,5.649718,98,0.0,1605173,7.42658,8.899297,3.747073,9.367681,2.810304,7.494145,6.557377,8.430913,4.683841
axwVhuyPFwI,Spagettileştiren Kara Delikler,20240114,manual,526,1121,123,9.113821,2.594112,70.8195,kolay,0.689394,5.352364,8.920607,0.0,201,0,question,14.925373,131,0.0,329040,5.851406,6.244425,1.784121,10.704728,8.028546,3.568243,11.596789,13.38091,1.784121
v7EQfnFosHE,Ax-3 Uzay Görevi: Bizim için anlamı büyük bir adım...,20240116,manual,627,1100,87,12.643678,2.636364,59.9091,orta,0.713333,5.454545,3.636364,0.0,137,4,question,29.19708,131,22.900763,517338,6.304981,5.454545,0.909091,6.363636,2.727273,3.636364,4.545455,10.909091,6.363636
kaaDdK55Eiw,Pantheon'un Gizemli Gözü,20240121,manual,1139,2050,229,8.951965,2.599512,71.025,kolay,0.7284,8.780488,2.439024,0.0,130,3,question,7.692308,134,0.0,2007106,7.664668,1.95122,0.97561,8.292683,5.853659,2.439024,10.731707,10.243902,1.463415
dxkOUi8MO44,Kütleçekim Bir Kuvvet Değil! Ya da Alper Gezeravcı'nın mikrofonu neden böyle?,20240125,manual,672,1314,144,9.125,2.683409,67.2028,orta,0.675227,14.459665,7.61035,0.0,162,3,question,6.17284,165,0.0,475258,6.229835,9.13242,0.761035,13.69863,13.69863,6.08828,13.69863,10.65449,5.327245
rHYpsU8tB2U,KÜBRA - Dizi Analizi,20240128,automatic,1050,2050,1,2050.0,2.626829,0.0,çok_zor,0.7504,0.0,0.0,0.0,187,0,surprising_claim,0.0,124,0.0,984933,6.960731,2.439024,0.487805,9.268293,9.268293,10.731707,17.073171,11.707317,4.878049
BxRvTy52RaA,"Apple Vision Pro ikinci ""iPhone anı"" mı? - İlk İzlenimler",20240204,automatic,3082,6641,8,830.125,2.552176,0.0,çok_zor,0.650477,0.0,0.0,0.0,172,0,question,5.813953,169,17.751479,1432118,7.342281,1.957537,3.011595,10.540581,15.208553,4.517392,14.003915,13.702756,7.227827
LmXyR0Qhg_A,Geçmişte insanlar neden daha şık görünüyordu?,20240211,manual,758,1512,148,10.216216,2.48545,72.3077,kolay,0.752,12.566138,6.613757,0.0,204,6,question,14.705882,121,8.264463,1415291,7.338036,8.597884,3.306878,9.259259,5.952381,5.952381,7.936508,9.259259,2.645503
d9JyuSxNEzw,"Bu videodaki görüntüler tamamen yapay zekayla üretildi, Ben hariç! Open AI'dan yeni model: SORA",20240216,manual,847,1836,168,10.928571,2.683007,62.5116,orta,0.728024,9.259259,4.357298,0.0,163,0,surprising_claim,0.0,145,0.0,817217,6.794764,5.446623,0.544662,11.982571,4.901961,2.723312,11.437908,11.437908,7.08061
eFX93zJZWUM,50 Yıl Çalışabilen Pul Kadar Nükleer Piller Geliyor!,20240218,manual,935,1904,207,9.198068,2.600315,70.3504,kolay,0.681629,8.928571,1.57563,0.0,148,3,question,0.0,164,0.0,582423,6.45869,6.827731,1.05042,7.352941,6.302521,5.777311,11.029412,8.928571,1.57563
_PV_SBFJS74,Sıkılmadan etkili çalışma teknikleri,20240225,manual,641,1432,145,9.875862,2.594972,68.796,orta,0.689272,9.078212,8.379888,0.0,203,0,surprising_claim,0.0,157,0.0,1868123,7.630788,0.698324,0.698324,9.078212,2.793296,9.776536,6.284916,6.284916,1.396648
ypxGlk-j00s,$200'dan $2000000000000'a Nvidia'nın kurucusu JENSEN'in hikayesi,20240303,manual,1042,1974,189,10.444444,2.526849,70.0488,kolay,0.704127,4.559271,1.519757,0.0,109,0,surprising_claim,0.0,86,0.0,1284688,7.264332,4.559271,1.519757,5.572442,5.065856,12.158055,26.849037,9.118541,0.506586
Nh9_VA21CXc,DUNE Bölüm 2 Analizi,20240306,automatic,2156,4217,1,4217.0,2.497036,0.0,çok_zor,0.703355,0.0,0.0,0.0,207,0,question,9.661836,157,0.0,932942,6.948003,2.134219,2.371354,7.588333,7.114062,7.588333,4.979843,18.970832,2.371354
TtwK1T3FtpA,Hafıza Tuzakları: Sahte Anılar ve Mandela Etkisi,20240310,manual,917,1943,176,11.039773,2.646938,63.6705,orta,0.709809,14.410705,4.117344,0.0,210,3,question,9.52381,175,0.0,565022,6.451613,6.690685,1.544004,6.690685,5.14668,7.205353,9.264025,13.381369,5.661348
CjnCe46J9ok,OVALA BABACIM! Küçük Bir Fikrin Milyar Dolarlık Başarısı,20240317,manual,1066,2109,231,9.12987,2.547653,72.6441,kolay,0.725912,8.534851,11.379801,0.0,172,7,question,5.813953,140,7.142857,766673,6.764254,2.370792,1.422475,15.173068,6.638217,11.379801,11.853959,10.905642,3.793267
53t3Rl-Jm2Y,Yapay zekayla ikinci beyin: Notion Q&A,20240324,manual,761,1682,166,10.13253,2.651011,65.8747,orta,0.699297,9.512485,0.0,0.0,191,2,question,0.0,162,0.0,371935,6.05005,4.161712,2.378121,5.350773,8.917955,4.756243,18.43044,28.537455,11.296076
LxlUrSjRm4s,3 Cisim Problemi - Uzaylıların Bilimi ve Teknolojisi,20240327,automatic,2077,4058,4,1014.5,2.613603,0.0,çok_zor,0.719586,0.0,0.0,0.0,205,0,surprising_claim,4.878049,120,0.0,2535277,7.970793,3.942829,1.971414,9.857072,6.653524,6.653524,4.928536,11.58206,2.957122
k2QgPzi3dPc,Bunu Anlarsanız Her Şeyi Anlarsınız! Parçacık Fiziğinin Standart Modeli,20240331,manual,789,1625,183,8.879781,2.611692,70.724,kolay,0.641,7.384615,1.230769,0.0,184,4,question,0.0,161,0.0,843727,6.875828,6.769231,0.0,13.538462,10.461538,0.615385,0.615385,9.230769,0.615385
auXXdzlKbOY,Canınız İstemese Bile NASIL MOTİVE OLURSUNUZ?,20240407,manual,892,1921,198,9.70202,2.630401,67.8264,orta,0.664365,11.972931,3.643935,0.0,200,6,question,20.0,161,0.0,2155449,7.821181,10.411244,1.561687,6.767309,8.328995,5.726184,15.096304,18.740239,3.123373
O04_SXPuIv4,Kitap okumak beynimizi nasıl etkiliyor?,20240414,manual,992,1584,149,10.630872,2.619318,65.8473,orta,0.731214,8.207071,1.262626,0.0,157,1,question,6.369427,11,90.909091,1724658,7.606433,4.419192,1.262626,10.10101,5.681818,5.050505,17.676768,17.045455,4.419192
8Xv-Zo_3bCQ,Yüzüklerin Efendisi'nde hepsine hükmedecek o tek yüzüğün anlamı ne?,20240421,manual,1167,1917,187,10.251337,2.631716,66.3398,orta,0.691956,7.824726,2.086594,0.0,135,3,question,7.407407,71,0.0,1195900,7.248709,4.694836,0.521648,11.476265,5.216484,8.868023,4.173187,9.389671,2.086594
89jx0SaPnks,Hayatımızı Değiştirecek Teknoloji: NANOBOTLAR,20240428,manual,887,1674,173,9.676301,2.74552,63.2686,orta,0.722213,10.155317,0.0,0.0,161,6,question,12.42236,133,0.0,444759,6.269031,5.973716,2.389486,8.363202,7.168459,2.389486,4.778973,16.129032,0.597372
pB_WHLWRB98,Eylül'e kadar gökyüzünde yeni bir yıldız belirecek!,20240505,manual,908,1808,171,10.573099,2.494469,71.0139,kolay,0.650266,1.106195,1.659292,0.0,142,0,question,14.084507,166,0.0,359422,6.064754,8.29646,3.871681,7.190265,7.190265,7.743363,7.743363,7.190265,2.212389
47eHTJIZZVg,Dev kum solucanları gerçekten olabilir mi?,20240512,manual,754,1294,136,9.514706,2.645286,67.7173,orta,0.700363,6.18238,0.0,0.0,120,0,surprising_claim,0.0,128,7.8125,586336,6.561637,6.18238,0.772798,18.547141,5.409583,0.772798,4.636785,13.910355,4.636785
xuGfzIGl0ZE,O film gerçek oluyor: Yeni GPT-4o yapay zeka modelinin sesine inanamayacaksınız!,20240514,manual,1210,1835,190,9.657895,2.568937,70.4108,kolay,0.674828,8.174387,1.634877,0.0,82,0,surprising_claim,0.0,117,17.094017,1312644,7.369171,4.359673,1.634877,10.354223,5.99455,7.629428,14.713896,10.354223,2.724796
1AP6fDsfWxA,Evrenin Sonu Nasıl Olacak?,20240519,automatic,941,1853,3,617.666667,2.497032,0.0,çok_zor,0.632972,0.0,0.0,0.0,150,0,surprising_claim,0.0,160,0.0,914512,7.014089,12.412304,4.856989,7.01565,13.491635,7.555316,7.555316,18.348624,3.237992
ueKZc6hN024,Uzaktan Kumandayla Hayvanları Kontrol Etmek,20240526,automatic,1021,2206,2,1103.0,2.571623,0.0,çok_zor,0.699969,0.0,0.0,0.0,135,0,question,7.407407,167,0.0,236482,5.672658,5.893019,1.359927,8.612874,10.426111,2.719855,8.159565,9.519492,3.626473
HLmbb3pGBHY,Bu desende dikkatinizi çeken bir şey var mı?,20240602,manual,580,1233,143,8.622378,2.410381,79.4835,kolay,0.671316,17.03163,8.1103,0.0,197,6,question,5.076142,151,0.0,206133,5.544395,10.54339,4.05515,8.1103,8.1103,4.86618,11.35442,12.16545,4.05515
hWLu9uUrr98,Bu yaz ne izleyelim? En iyi TV dizileri,20240609,automatic,1917,4245,1,4245.0,2.526266,0.0,çok_zor,0.699188,0.0,0.0,0.235571,200,0,question,15.0,211,4.739336,530507,6.49599,7.773852,3.062426,6.831567,7.773852,10.836278,8.480565,19.787986,6.360424
SYmqNQUzueo,Apple'ın Zekası: WWDC 2024'teki en büyük yapay zeka duyuruları,20240611,manual,979,1959,165,11.872727,2.720265,58.5505,orta,0.708319,5.104645,0.510465,0.0,164,3,question,18.292683,146,0.0,509630,6.458397,3.573252,3.062787,6.125574,7.656968,5.104645,17.866258,9.188361,6.125574
2sx4UoQvres,Gelecekte herkes* bunu mu yiyecek?,20240616,automatic,962,1957,3,652.333333,2.516607,0.0,çok_zor,0.680725,0.0,0.0,0.0,167,0,question,5.988024,159,6.289308,366667,6.136033,4.598876,3.576903,10.73071,11.241696,4.08789,8.175779,11.241696,3.576903
gxq6VEM8VjA,CYBERTRUCK geldi! İlk İzlenimler,20240623,automatic,1839,3146,2,1573.0,2.518118,0.0,çok_zor,0.682845,0.0,0.0,0.0,102,0,surprising_claim,0.0,160,6.25,2038083,7.858409,2.542912,1.907184,7.946599,13.66815,2.860776,11.760966,19.071837,7.628735
H7ygo0GMsik,Yakında Hayvanlarla Konuşabilir miyiz? Yapay Zeka bunu hızlandırabilir!,20240630,automatic,1292,2245,3,748.333333,2.503341,0.0,çok_zor,0.678506,0.0,0.0,0.0,133,0,question,22.556391,72,0.0,709403,6.812704,8.017817,1.781737,10.690423,10.244989,3.563474,3.11804,16.035635,1.336303
BwKcz1fFXPQ,Sistem 1 ve Sistem 2: Beyninizdeki Gizli Savaş,20240707,automatic,1270,2510,5,502.0,2.522709,0.0,çok_zor,0.722,0.0,0.0,0.0,158,0,question,18.987342,152,0.0,377159,6.1909,7.968127,0.796813,11.553785,10.358566,2.390438,8.366534,22.709163,4.780876
GQEKkTug1Zk,21. Yüzyıl için gereken 4 Yetenek: Bir Yaz Projesi,20240714,automatic,852,1539,1,1539.0,2.541261,0.0,çok_zor,0.734769,0.0,0.0,0.0,123,0,surprising_claim,0.0,118,0.0,280252,5.903691,5.198181,0.649773,10.396361,6.497726,7.147498,11.046134,19.493177,9.096816
giGKlpuXdwo,Bu gezegende uzaylı yaşam mı keşfedildi? - K2-18b,20240721,automatic,863,1626,8,203.25,2.5369,0.0,çok_zor,0.673929,0.0,0.0,0.0,146,0,surprising_claim,0.0,122,0.0,827656,6.993952,6.150062,3.075031,9.225092,11.070111,2.460025,9.840098,18.450185,4.920049
fUzZSU9wBCM,Kendinizi Dondurup Geleceğe Yolculuk Yapabilir misiniz?,20240728,automatic,998,1610,1,1610.0,2.554037,0.0,çok_zor,0.748955,0.0,0.0,0.0,130,0,question,7.692308,123,0.0,1399261,7.527928,6.832298,1.863354,5.590062,11.801242,3.726708,14.906832,8.074534,1.242236
dqpr4o8Z4bM,2024'ÜN EN GELİŞMİŞ İNSANSI ROBOTLARI,20240804,automatic,1135,2166,6,361.0,2.712835,0.0,çok_zor,0.733884,0.0,0.0,0.0,170,0,surprising_claim,0.0,139,21.582734,522585,6.553244,2.308403,1.385042,3.693444,7.848569,2.308403,3.693444,17.54386,3.231764
x_C19quB7Oc,CYBERTRUCK ile yağmurda ilk kamp!,20240811,automatic,2620,2820,1,2820.0,2.217021,0.0,çok_zor,0.70775,0.0,0.0,0.0,116,0,surprising_claim,0.0,82,0.0,1619753,7.692942,3.191489,2.836879,7.801418,4.255319,3.900709,10.283688,25.886525,6.737589
056_ytYysPU,Göremediğimiz Bir Renk Olabilir mi?,20240818,automatic,1004,1853,3,617.666667,2.502968,0.0,çok_zor,0.651554,0.0,0.0,0.539665,122,0,direct_address,0.0,116,8.62069,531543,6.589135,8.094981,0.539665,8.634647,18.348624,3.777658,15.110631,28.062601,5.936319
Nb5zI1_sbL0,KARANLIK OKSİJEN: Okyanus Derinliklerinde Şaşırtıcı Keşif,20240825,automatic,960,1788,3,596.0,2.591163,0.0,çok_zor,0.678215,0.0,0.0,0.0,146,0,question,27.39726,125,0.0,2111959,7.977298,6.152125,6.152125,10.067114,10.626398,5.592841,11.185682,5.592841,0.559284
JUjm4vSlw6s,26 Kez Üst Üste Siyah Gelirse Ne Olur? Monte Carlo Yanılgısı,20240901,automatic,1031,1890,3,630.0,2.410582,0.0,çok_zor,0.651423,0.0,0.0,0.0,134,0,question,7.462687,163,12.269939,423128,6.380656,5.291005,1.587302,5.820106,6.878307,7.936508,18.518519,9.52381,8.465608
DSDF5SXROUU,Neden Bütün Dünya Haritaları Hatalı?,20240908,automatic,920,1840,4,460.0,2.563043,0.0,çok_zor,0.665265,0.0,0.0,0.0,146,0,question,27.39726,158,6.329114,780190,7.001531,10.869565,2.173913,9.23913,10.869565,1.630435,14.130435,7.065217,2.717391
qji-iQHeaRA,Odağını Kaybetmeden Saatlerce Nasıl Çalışabilirsin?,20240915,automatic,925,1802,1,1802.0,2.603774,0.0,çok_zor,0.728848,0.0,0.0,0.0,163,0,question,6.134969,125,16.0,1827705,7.862178,7.214206,1.664817,8.324084,10.54384,4.994451,25.527192,7.214206,7.214206
tVaWO62nmjM,Mısır Piramitleri Neden Orion Takımyıldızıyla Hizalanıyor?,20240922,automatic,1160,2252,11,204.727273,2.522647,0.0,çok_zor,0.686463,0.0,0.0,0.0,145,0,question,20.689655,187,10.695187,1049085,7.317308,8.436945,0.44405,9.325044,8.880995,3.552398,12.877442,13.321492,3.108348
RGx-_WHcTYI,"Çalışıyorum, çalışıyorum ama yapamıyorum!",20240929,automatic,779,1540,2,770.0,2.546104,0.0,çok_zor,0.722,0.0,0.0,0.0,143,0,question,13.986014,158,6.329114,616976,6.797012,3.896104,3.246753,9.74026,13.636364,7.792208,19.480519,17.532468,1.298701
62h2uHpg-Do,Europa Clipper: Güneş Sistemi'nin En Heyecan Verici Keşif Görevi Başlıyor!,20241006,automatic,986,1823,2,911.5,2.632474,0.0,çok_zor,0.676759,0.0,0.0,0.0,100,0,question,10.0,142,0.0,1201422,7.47309,5.485464,2.194185,5.485464,8.228195,4.388371,3.291278,11.519473,0.548546
nCca8UjfPPw,"Tesla, sürücüsüz Robotaxi ve Robovan'larını tanıttı!",20241011,automatic,825,1662,3,554.0,2.548135,0.0,çok_zor,0.726204,0.0,0.0,0.0,168,0,question,11.904762,154,6.493506,421380,6.433751,3.610108,0.601685,4.211793,10.830325,4.211793,14.440433,12.033694,4.211793
XBWM24J5oWw,Bu yıl NOBEL ÖDÜLÜ neden Fizikçilere verilmedi?,20241013,automatic,1001,2021,1,2021.0,2.590302,0.0,çok_zor,0.730152,0.0,0.0,0.0,201,0,surprising_claim,0.0,158,0.0,401530,6.388527,5.937655,0.0,6.927264,8.411677,3.463632,7.422068,13.359723,2.968827
MPIhUigAf9c,Hiç Kimsenin Doğru Çözemediği SORU!,20241020,automatic,1037,1861,10,186.1,2.420742,0.0,çok_zor,0.603317,0.0,0.0,0.0,195,0,question,5.128205,118,0.0,467485,6.550769,2.686728,0.537346,10.209565,10.209565,7.522837,12.358947,13.970983,6.985492
rHFpfR6kZT0,Neden Artık Dünya Harikaları İnşa Etmiyoruz?,20241027,automatic,946,1798,4,449.5,2.557842,0.0,çok_zor,0.717419,0.0,0.0,0.0,123,0,surprising_claim,8.130081,139,7.194245,1618470,7.802135,5.005562,0.556174,3.337041,10.011123,5.005562,10.567297,18.353726,3.337041
lBZcUlD08B0,Matematiğin Mozart’ı aramızda yaşıyor!,20241103,automatic,1171,2267,1,2267.0,2.546096,0.0,çok_zor,0.670867,0.0,0.0,0.0,83,0,surprising_claim,12.048193,137,0.0,480346,6.598989,2.205558,1.764446,9.263344,5.293339,7.940009,14.115571,3.087781,1.323335
_W-Z5z25xyc,Kanser Neden Hala Çözülemiyor? Bilimsel Gerçekler,20241106,automatic,1052,2215,2,1107.5,2.650564,0.0,çok_zor,0.704772,0.0,0.0,0.0,186,0,question,5.376344,147,6.802721,953098,7.288112,8.126411,0.0,5.869074,7.674944,3.611738,5.417607,9.480813,1.805869
F6to3ClwEoI,Işık Hızını Geçmenin 3 Yolu,20241110,automatic,1015,1916,5,383.2,2.564196,0.0,çok_zor,0.656683,0.0,0.0,0.0,168,0,question,17.857143,105,0.0,759369,7.067205,6.784969,1.565762,12.004175,12.526096,3.131524,8.350731,8.872651,3.131524
cbOSMapWBlY,Sinemayı kim icat etti?,20241113,automatic,1056,2197,2,1098.5,2.533455,0.0,çok_zor,0.717667,0.0,0.0,0.0,180,0,surprising_claim,5.555556,124,8.064516,218596,5.828677,3.641329,1.365498,8.648157,7.737824,9.103323,7.282658,8.648157,0.455166
KKZa2NYzMHo,SILO - İlk Sezon Analizi,20241117,automatic,1437,2982,4,745.5,2.551643,0.0,çok_zor,0.705158,0.0,0.0,0.0,225,0,question,8.888889,133,0.0,489773,6.639976,3.018109,1.006036,16.431925,10.731053,8.718981,6.371563,9.389671,4.35949
hAN5gck5774,3x+1 = 90 YILDIR ÇÖZÜLEMEYEN BASİT İŞLEM,20241124,automatic,993,1934,1,1934.0,2.345398,0.0,çok_zor,0.61041,0.0,0.0,0.0,127,0,direct_address,7.874016,162,0.0,1944138,8.028606,5.170631,2.585315,13.960703,4.136505,5.170631,10.858325,11.892451,3.619442
cP-EAX0__gw,EVREN DÜZ! Ama sandığınız gibi değil...,20241201,automatic,843,1537,6,256.166667,2.487964,0.0,çok_zor,0.662959,0.0,0.0,0.0,114,0,question,8.77193,150,0.0,730769,7.061764,13.012362,0.650618,11.060507,14.313598,2.602472,9.108653,19.518543,7.156799
ZIqNh-eUYP8,LOST Neden Asla Tekrarlanamayacak? | Modern Dünyanın Son Mitolojisi,20241208,automatic,1613,2836,1,2836.0,2.615656,0.0,çok_zor,0.731056,0.0,0.0,0.0,119,0,question,8.403361,131,0.0,1198533,7.567407,5.28914,5.994358,11.636107,5.28914,7.757405,7.404795,16.220028,2.820874
lNqC5_aVAXo,SORA Nihayet Çıktı! Bu Yeni Yapay Zeka Geleceğimizi Nasıl Değiştirecek?,20241210,automatic,994,2170,2,1085.0,2.61659,0.0,çok_zor,0.714188,0.0,0.0,0.0,193,0,question,5.181347,150,0.0,883597,7.265967,5.990783,2.764977,8.294931,7.834101,12.442396,8.294931,13.824885,1.843318
J6RddtseuKk,DÜNYA ESKİDEN MOR MUYDU?,20241215,automatic,839,1708,2,854.0,2.580211,0.0,çok_zor,0.672385,0.0,0.0,0.0,166,0,question,18.072289,162,6.17284,296884,6.184794,6.440281,3.512881,12.880562,8.196721,5.854801,14.637002,19.320843,1.17096
BzITvYw-vZ4,Google'ın Yeni Kuantum Çipi Paralel Evrenleri mi Kullanıyor?,20241222,automatic,985,2083,2,1041.5,2.532885,0.0,çok_zor,0.656255,0.0,0.0,0.0,193,0,surprising_claim,0.0,173,5.780347,572151,6.851337,3.840614,2.400384,8.641383,12.481997,3.840614,6.721075,12.00192,1.920307
jfCk_9sdXds,"Alışkanlıklarınızı Değiştirin! Zinciri Kırma 2025: Yeni Bir Sen, Yeni Bir Hayat!",20241229,automatic,750,1594,1,1594.0,2.470514,0.0,çok_zor,0.700809,0.0,0.0,0.0,145,0,surprising_claim,0.0,162,0.0,795333,7.192007,6.900878,0.627353,5.018821,3.764115,4.391468,13.174404,7.528231,3.136763
KZMIPDJSXRw,Dijital dünyada adını hiç duymadığınız belki de en önemli kişi: Claude Shannon,20250105,automatic,919,1947,7,278.142857,2.492039,0.0,çok_zor,0.657437,0.0,0.0,0.0,170,0,question,11.764706,155,6.451613,290953,6.199443,5.649718,0.513611,11.813046,7.70416,5.649718,13.867488,9.244992,3.595275
sU-Cgg2yA_c,1925'ten 2125'e: İki Asırlık Gelecek Tahminleri,20250112,automatic,1227,2576,1,2576.0,2.60559,0.0,çok_zor,0.737737,0.0,0.0,0.0,185,0,surprising_claim,0.0,116,0.0,784675,7.202158,4.658385,5.434783,8.928571,6.21118,5.434783,13.975155,15.52795,3.493789
2a4alueuxmA,Apple'ın böyle bir şey yaptığına inanamıyorum! SEVERANCE,20250119,automatic,885,1626,1,1626.0,2.602091,0.0,çok_zor,0.741365,0.0,0.0,0.0,186,0,surprising_claim,0.0,144,6.944444,597361,6.94167,3.690037,1.230012,21.525215,5.535055,7.99508,6.765068,13.530135,1.845018
QSNXDWZihLE,7 Gezegen Ne Zaman Hizalanacak? Şubat'ta Gökyüzünde Neler Olacak?,20250126,automatic,1342,2835,4,708.75,2.635273,0.0,çok_zor,0.701517,0.0,0.0,0.352734,158,0,question,12.658228,158,0.0,405251,6.566281,4.232804,1.058201,10.934744,7.760141,5.996473,14.109347,14.109347,1.410935
KbZoGw7VP5M,Yapay Zekanın Sputnik Anı! DEEPSEEK,20250128,automatic,1116,2591,11,235.545455,2.579699,0.0,çok_zor,0.727183,0.0,0.0,0.0,230,0,question,8.695652,168,0.0,1527825,7.895848,4.631416,0.771903,13.122347,10.806638,5.017368,8.104979,10.034736,2.70166
ijUPxCH_Z4w,BENNU asteroitinde yaşamın yapıtaşları bulundu! Yaşam Uzaydan mı Geldi?,20250202,automatic,747,1380,2,690.0,2.550725,0.0,çok_zor,0.662737,0.0,0.0,0.0,204,0,surprising_claim,0.0,152,0.0,565161,6.910809,3.623188,3.623188,9.42029,9.42029,3.623188,3.623188,13.768116,0.0
stlMEXTiGV0,"Neden herkes Mars'ta Görüntülenen ""Kare Yapı""yı Konuşuyor?",20250209,automatic,615,1173,3,391.0,2.563512,0.0,çok_zor,0.77331,0.0,0.0,0.0,106,0,surprising_claim,0.0,165,0.0,716602,7.160488,0.852515,1.70503,10.230179,7.672634,5.11509,15.345269,27.280477,6.820119
n4LCbWCshdw,Neden Sürekli Yorgunuz?,20250216,automatic,1345,2714,1,2714.0,2.601695,0.0,çok_zor,0.695947,0.0,0.0,0.0,100,0,question,20.0,62,32.258065,2337907,8.355084,6.632277,3.316139,4.789978,4.053058,6.263817,13.633014,10.685335,4.053058
ofOeoyg4Pfs,Black Mirror'ın Yaratıcısından Şimdiye Kadarki En Absürd Belgesel,20250223,automatic,1265,2214,3,738.0,2.551942,0.0,çok_zor,0.741548,0.0,0.0,3.161698,161,0,question,6.21118,151,0.0,434107,6.685187,8.581752,0.903342,4.516712,8.581752,7.226739,15.808491,7.226739,2.710027
0Wpna736wwE,Yapay Zeka Çağında Hayatta Kalma Rehberi! (Gelecek Korkusunu Bitir),20250302,automatic,1230,2492,8,311.5,2.547352,0.0,çok_zor,0.67574,0.0,0.0,0.0,183,0,surprising_claim,0.0,126,0.0,650733,7.102544,10.032103,2.006421,13.242376,5.216693,4.012841,18.057785,16.452648,3.611557
3fNkaQBszYE,Neden Uyuyamıyoruz? Daha İyi Uyku İçin 6 Bilimsel Yöntem!,20250309,automatic,716,1472,1,1472.0,2.597826,0.0,çok_zor,0.697797,0.0,0.0,0.679348,168,0,question,11.904762,164,6.097561,933475,7.476248,4.755435,1.358696,3.396739,9.51087,4.076087,19.701087,19.701087,3.396739
PTiHbsCuN-4,Tesla sahipleri neden arabalarını gizliyor?,20250316,automatic,2245,5017,5,1003.4,2.63823,0.0,çok_zor,0.718107,0.0,0.0,0.0,209,0,question,4.784689,181,27.624309,753259,7.27519,4.385091,0.797289,3.388479,17.939007,6.378314,3.388479,15.945784,7.77357
drKXIna4kLU,ERGEN Neden Bu Kadar Çok İnsana Dokunuyor?,20250404,automatic,840,1436,148,9.702703,2.674095,66.0692,orta,0.70967,6.963788,0.0,0.0,169,1,question,5.91716,141,35.460993,360362,6.575669,7.660167,2.089136,8.356546,9.052925,2.785515,13.231198,21.587744,13.231198
e5T---HiB08,Bilim insanları 12000 yıl sonra antik DNA ile ULUKURTLARI geri mi getirdi?,20250411,automatic,985,2228,196,11.367347,2.543986,66.9516,orta,0.709895,10.771993,0.0,0.0,208,4,question,0.0,173,0.0,1133520,7.7347,3.590664,1.795332,8.976661,11.220826,8.976661,7.630162,9.425494,3.590664
BRK7SfjQzDk,Brezilya Cevizi Etkisi: Kuruyemiş Paketlerinde Saklı İlginç Gerçek!,20250418,automatic,575,1265,172,7.354651,2.505929,78.9537,kolay,0.683862,22.924901,0.0,0.0,183,8,question,10.928962,183,0.0,186312,5.945437,9.486166,2.371542,6.324111,9.486166,3.952569,7.905138,15.019763,5.533597
DOC7gTsyMxk,Tarihin Gizli Ritmi: 80 Yılda Bir Gelen Kriz Kapıda mı?,20250425,automatic,1184,2367,218,10.857798,2.638783,64.473,orta,0.683375,6.337136,0.0,0.0,148,4,question,6.756757,129,0.0,635245,7.18458,1.267427,2.534854,18.166455,9.294466,8.027038,6.759611,11.82932,2.95733
6uIt4f38TdQ,Tek Kişilik Dev Kadro Nasıl Olunur?,20250502,automatic,1398,3242,342,9.479532,2.500617,73.6211,kolay,0.695171,5.552128,0.0,0.308452,199,1,question,15.075377,176,0.0,443068,6.839235,1.850709,1.233806,4.00987,7.402838,8.328192,17.58174,13.263418,4.318322
tyRfTgRD4hU,Bu Adam Kendini 200 Kez Yılanlara Isırttı… Sebebi İnanılmaz!,20250509,automatic,591,1274,129,9.875969,2.600471,68.5748,orta,0.735124,3.139717,0.784929,0.0,188,2,question,0.0,157,0.0,716911,7.334891,2.354788,2.354788,7.849294,7.849294,10.989011,10.204082,6.279435,1.569859
hd5McEKLJgY,Günde 750 e-Postayla Nasıl Başa Çıkıyorum?,20250516,automatic,852,1986,214,9.280374,2.649547,68.1577,orta,0.687623,7.55287,0.0,0.0,216,7,question,13.888889,202,4.950495,90547,5.285305,3.524673,2.014099,10.574018,5.538771,5.538771,15.10574,17.119839,10.574018
u_poyyzoMbI,1 Trilyon Dolar Miras Kalsaydı Ne Yapardın?,20250520,automatic,934,2129,249,8.550201,2.467825,77.3641,kolay,0.709792,14.091123,0.0,0.0,200,2,question,0.0,188,21.276596,674557,7.297805,2.34852,2.34852,6.575857,3.287929,6.106153,15.030531,9.863786,7.045561
RtfUtBsZyxU,"Google, “Arama motoru öldü” diyen ChatGPT’ye meydan okudu!",20250523,automatic,1452,3470,345,10.057971,2.623343,67.1809,orta,0.706912,3.746398,0.0,0.0,215,1,question,0.0,172,5.813953,1179515,7.862902,2.305476,2.017291,12.9683,7.204611,2.59366,28.530259,10.086455,6.340058
jXVm90e5k6Y,iPhone’dan Sonraki Devrim Bu mu? | Jony Ive & Sam Altman Güçlerini Birleştirdi,20250530,automatic,1297,2744,260,10.553846,2.496356,70.9884,kolay,0.727814,11.297376,0.0,0.0,191,2,question,5.235602,151,6.622517,761639,7.441256,4.737609,1.822157,10.204082,3.279883,7.653061,6.924198,14.577259,4.373178
xB0yDDYgBYA,Beyin hücreleriyle çalışan dünyanın ilk bilgisayarı CL1 satışa çıktı!,20250607,automatic,1000,2064,211,9.781991,2.642926,67.1144,orta,0.745325,7.751938,0.0,0.484496,144,1,question,6.944444,139,7.194245,727853,7.413958,6.29845,0.484496,9.689922,4.360465,5.329457,7.751938,5.813953,2.906977
ZpbuRUKThF4,SCROLL’U KIR 🔊 Az Bilinen 10 Sesli Kitap Hazinesi,20250613,automatic,1189,2525,257,9.824903,2.559604,70.3499,kolay,0.736,7.524752,0.0,0.0,191,3,question,5.235602,167,0.0,200707,6.141019,6.732673,0.39604,10.29703,5.544554,11.485149,18.217822,13.069307,4.752475
WpAbtdX5WuU,2026'da Mars Hayali Çöktü mü? Starship Patlaması,20250620,automatic,789,1773,158,11.221519,2.506486,68.8388,orta,0.717465,2.256063,0.0,0.564016,192,1,question,0.0,170,11.764706,426563,6.910074,2.256063,1.128032,7.332205,5.076142,4.512126,3.384095,7.332205,1.692047
abNrJtHpt5Q,Dünyanın en büyük kamerası uzayın filmini çekmeye başladı!,20250624,automatic,1024,2382,234,10.179487,2.578925,68.6482,orta,0.652402,2.938707,0.0,0.0,189,2,question,0.0,166,6.024096,949963,7.719617,6.297229,0.419815,9.235936,3.778338,3.778338,13.434089,9.655751,4.198153
N1daEmVOdvU,"Robotaksi Gerçeği: Direksiyon Bizde mi, Musk’ta mı?",20250628,automatic,1488,3332,299,11.143813,2.521609,68.434,orta,0.696127,6.302521,0.0,0.0,149,0,question,6.711409,129,7.751938,238594,6.348788,4.501801,2.10084,10.204082,6.602641,5.402161,13.505402,16.506603,9.003601
-scY0Dwio3Y,50 Yıldır Bitmeyen Takıntı: JAWS’ın Sakladığı Karanlık Sır,20250704,automatic,868,1779,198,8.984848,2.528949,73.774,kolay,0.696672,5.059022,0.0,0.0,204,0,question,4.901961,126,0.0,244877,6.389169,3.372681,1.686341,10.118044,7.86959,7.307476,6.183249,16.301293,2.248454
ORePRFaKQZk,"Dünya Hızlanıyor, Bu Yaz Tarihin En Kısa Günleri Yaşanacak!",20250710,automatic,762,1637,153,10.699346,2.540623,68.8302,orta,0.721277,4.886988,0.0,0.0,196,1,question,0.0,137,7.29927,454184,7.020798,5.497862,0.610874,9.773977,6.108735,6.108735,9.163103,15.882712,1.221747
7Qzz8pgbYFo,"Süpermen ""Amerikan Rüyası""nı Neden Bitirdi?",20250718,automatic,862,1713,164,10.445122,2.481027,71.888,kolay,0.709683,8.172796,0.0,0.0,207,1,question,0.0,159,12.578616,317837,6.684093,2.335085,0.583771,11.091652,5.25394,8.756567,10.507881,9.92411,4.086398
TsdR5K0kTiA,Dünya’yı İkiye Bölen Görünmez Çizgi,20250725,automatic,953,1911,178,10.735955,2.648352,64.4066,orta,0.721198,4.18629,0.0,0.0,151,2,question,13.245033,150,0.0,620470,7.370155,6.279435,1.569859,6.279435,5.756149,8.37258,10.989011,3.663004,3.663004
bmWaS-wdWZY,"Şefin Yeni Bıçağı, Yapay Zeka",20250801,automatic,842,1689,183,9.229508,2.540557,72.6691,kolay,0.719558,7.696862,0.0,0.0,199,2,question,5.025126,149,0.0,247205,6.468883,5.328597,5.920663,10.065127,7.696862,5.920663,19.538188,11.24926,3.552398
dZxavUq6r00,Bir Cümleyle Evren Kurmak: Google Genie 3 Devrimi,20250808,automatic,1036,2241,207,10.826087,2.688086,62.5751,orta,0.710757,5.354752,0.0,0.0,174,0,surprising_claim,0.0,161,24.84472,426497,7.031999,3.569835,0.892459,11.601963,5.354752,4.462294,13.83311,15.171798,5.800982
6ROS5Cn92cg,Filmler Artık Böyle Çekilecek! Stüdyo Turu,20250815,manual,1802,3950,648,6.095679,2.46481,83.8915,kolay,0.635722,22.78481,0.253165,0.0,191,10,question,5.235602,143,20.979021,299173,6.69651,4.810127,0.253165,9.367089,14.177215,4.810127,16.708861,19.746835,10.379747
tfY_Ted8YBo,Alışkanlıkları Kalıcı Yapmanın Yeni Yolu: AYNA KONUŞMALARI,20250822,automatic,1325,2679,295,9.081356,2.815603,62.0058,orta,0.703687,12.691303,0.0,0.0,149,4,question,6.711409,154,19.480519,248584,6.530592,8.212019,0.746547,2.612915,5.599104,8.212019,13.811124,11.198208,7.465472
U9syH56ZbIE,Taylor Swift'in Nişan Fotoğrafındaki 600 Yıllık Sır,20250830,automatic,939,2034,244,8.336066,2.572271,73.7269,kolay,0.780918,3.441495,0.491642,0.0,223,1,question,4.484305,180,5.555556,183338,6.248903,2.45821,3.441495,15.240905,3.441495,10.324484,14.749263,21.14061,7.374631
FkeoWwX5IQM,"2025'te 3D Yazıcı Devrimi: Uzayda Metal, Dünya'da Organ Basıyoruz!",20250905,automatic,868,1755,173,10.144509,2.620513,67.0687,orta,0.756804,5.698006,0.0,0.0,158,0,surprising_claim,6.329114,144,6.944444,262746,6.625199,3.988604,2.279202,10.826211,5.128205,7.407407,6.837607,9.68661,3.418803
rCstA_qbqmM,Mars'ta Yaşam mı Bulundu? NASA’nın “Leopar Lekesi” Keşfi!,20250912,automatic,903,1891,189,10.005291,2.532522,70.9671,kolay,0.673783,4.759387,0.0,0.0,176,0,surprising_claim,0.0,150,0.0,696131,7.618974,2.115283,1.586462,5.288207,7.40349,4.759387,9.518773,11.105235,1.586462
AqaDLptyOYs,"Apple, NOKIA olur mu? iPhone'un Sonu mu Geliyor?",20250919,automatic,1215,2314,257,9.003891,2.606309,70.6164,kolay,0.70229,4.321521,0.0,0.0,169,0,surprising_claim,5.91716,145,6.896552,933601,7.933033,4.753673,2.160761,10.371651,8.21089,4.321521,12.100259,7.778738,5.185825
_2suGdcsiBo,Evrenin En Gizemli Sayısı,20250926,automatic,880,1783,237,7.523207,2.445317,80.9488,kolay,0.671813,12.899607,0.0,0.0,189,4,question,0.0,140,0.0,504824,7.339601,3.365115,5.608525,13.46046,10.095345,3.365115,7.291082,19.629837,2.804262
_4LindMCM0g,SORA 2 çıktı! İnternetin Sonunu Getirmek için Seni Bekliyor!,20251003,automatic,1649,3273,379,8.635884,2.551176,73.7918,kolay,0.726991,9.471433,0.0,0.30553,175,4,question,5.714286,149,0.0,458906,7.265859,2.749771,2.444241,6.110602,5.499542,5.499542,23.220287,19.248396,9.776963
xk-ibwemIvs,Bu Deney Nobel Kazandı: Milyarlarca Parçacık Aynı Anda Kuantum Tünelleme Yaptı!,20251011,automatic,1046,2239,216,10.365741,2.615453,66.6946,orta,0.696191,8.485931,0.0,0.0,199,1,question,10.050251,138,0.0,455615,7.283887,4.912908,2.679768,10.272443,6.699419,4.019652,7.592675,9.379187,4.46628
AplM0_vuwPo,3I/ATLAS Uzaylı Teknolojisi mi? Harvard Profesörünün İnanılmaz Hipotezi!,20251017,automatic,1501,3093,307,10.074919,2.496929,72.2154,kolay,0.707066,6.142903,0.0,0.0,178,1,question,5.617978,157,0.0,1013955,8.102824,2.586486,4.203039,8.082768,8.406078,5.496282,6.142903,14.548982,4.52635
VQamq69v1_Q,SADECE 7 DAKİKA!,20251025,automatic,1209,2235,269,8.30855,2.533781,75.345,kolay,0.755157,17.002237,0.0,0.0,152,9,question,26.315789,150,0.0,654662,7.691887,7.606264,2.684564,12.080537,4.9217,7.606264,15.212528,12.975391,1.789709
aXKrCUIswsI,20.000$'lık Robot Hizmetçi Aldın Ama... İçinde Başka Biri Var! (NEO İnceleme),20251031,automatic,1051,2318,247,9.384615,2.590595,70.254,kolay,0.731975,7.765315,0.0,0.0,178,0,surprising_claim,0.0,149,20.134228,885139,8.013658,2.157032,2.157032,8.628128,5.608283,5.176877,12.510785,15.962036,7.333909
T80Uf1QHb4g,ChatGPT-7 Burada Eğitilecek!,20251108,automatic,1079,2183,243,8.983539,2.640403,69.2998,orta,0.766542,3.664682,0.0,0.0,162,0,surprising_claim,0.0,135,44.444444,264636,6.834698,0.0,0.458085,5.955108,4.122767,7.787448,9.619789,6.413193,6.413193
6Nf6YJTKbeM,"Pluribus, Breaking Bad Seviyesinde Yeni bir Başyapıt mı?",20251114,automatic,1619,3489,410,8.509756,2.480367,76.9658,kolay,0.700757,10.031528,0.0,0.0,238,3,question,4.201681,141,0.0,542751,7.573708,2.866151,2.579536,6.592147,4.585841,6.305532,10.318143,14.903984,3.152766
bNi3Dr3Rozk,NASA nihayet son noktayı koydu! 3I/ATLAS’ın en yeni görüntüleri,20251121,automatic,1034,2369,223,10.623318,2.543267,68.9224,orta,0.680197,9.708738,0.0,0.0,199,4,question,5.025126,158,0.0,560341,7.630984,3.799071,1.266357,10.552976,5.065428,4.643309,9.286619,22.372309,3.799071
LYoJnCpRswo,Yapay Zeka Balonu Patlamak Üzere mi? LLM Duvara mı Çarptı?,20251128,automatic,1020,2142,214,10.009346,2.478992,73.1071,kolay,0.70733,10.737628,0.0,0.0,170,2,question,0.0,164,6.097561,750752,7.949454,1.867414,2.80112,11.671335,8.403361,3.267974,8.403361,13.071895,3.267974
7bv-LaRgFM0,Beynimi Ele Geçiren Görünmez Mimarlar,20251205,automatic,965,1789,182,9.82967,2.610956,68.2744,orta,0.708311,3.9128,0.0,0.0,156,1,question,12.820513,105,9.52381,240787,6.839779,4.471772,4.471772,12.856344,4.471772,10.061487,11.17943,15.09223,6.148686
dgVRG9BQTp8,"Netflix, Warner Bros.'u Alıp Sinemayı Öldürecek mi?",20251212,automatic,1205,2635,282,9.343972,2.537002,72.5132,kolay,0.727506,9.867173,0.0,0.0,193,1,question,5.181347,151,0.0,473210,7.542372,3.036053,2.27704,12.144213,5.6926,8.349146,8.349146,10.626186,6.83112
esvaeYNLLxQ,2026 Zinciri Kırma takvimi için VORONOI Zaman Haritası tasarladım,20251217,automatic,492,974,105,9.27619,2.61499,69.5569,orta,0.696498,2.053388,0.0,0.0,161,1,question,6.21118,162,6.17284,219116,6.793147,2.053388,7.186858,14.373717,3.080082,3.080082,33.880903,6.160164,3.080082
JHwyNYNjEGg,200 Yıl Yaşamanın Bedeli,20251220,automatic,697,1324,131,10.10687,2.586858,68.519,orta,0.734189,8.308157,0.0,0.0,153,0,surprising_claim,0.0,142,14.084507,380655,7.357225,3.021148,3.776435,8.308157,6.042296,4.531722,10.574018,12.084592,2.265861
VxYph35JIFc,Dalgalar Aslında Sudan Oluşmaz,20251226,automatic,1052,1990,215,9.255814,2.524121,73.2608,kolay,0.672092,8.040201,0.0,0.0,179,0,surprising_claim,0.0,154,12.987013,360646,7.328249,2.512563,0.502513,18.592965,13.567839,4.522613,6.030151,24.623116,2.512563
mtV_bV3Cc1g,Dijital Çağda İnsan Kalabilmek,20260101,automatic,1096,2079,270,7.7,2.40885,81.9524,kolay,0.682694,9.62001,0.0,0.0,137,6,question,7.29927,128,15.625,394976,7.444747,3.367003,5.772006,13.468013,6.734007,4.329004,14.430014,29.341029,12.025012
3b5zMy-kFIs,2026’da Dünyayı Değiştirecek 5 BÜYÜK TREND,20260109,automatic,1255,2653,269,9.862454,2.561251,70.1857,kolay,0.749791,7.915567,0.0,0.0,186,5,question,5.376344,156,0.0,807305,8.194561,2.638522,2.638522,5.653977,5.653977,3.015454,8.292499,13.192612,3.392386
-ZPHKf-8T6I,Neden Her Şey Grileşiyor?,20260117,automatic,1155,2356,258,9.131783,2.483447,75.2186,kolay,0.699061,15.704584,0.0,0.0,176,4,question,0.0,165,0.0,1129944,8.567231,4.66893,4.244482,10.186757,5.517827,6.366723,15.280136,11.035654,3.820034
YNxxaxymFic,53 Yıl Sonra Ay’a Neden Geri Dönüyoruz? ARTEMIS 2,20260123,automatic,1363,2833,221,12.819005,2.677374,57.8039,orta,0.745629,1.764914,0.0,0.0,166,0,surprising_claim,0.0,146,20.547945,866669,8.330319,2.470879,0.0,7.059654,3.176844,7.412637,2.823862,7.059654,2.470879
CuF6jZ1nTIg,Neden LEGO ve Minecraft Bu Kadar Tatmin Edici?,20260130,automatic,1020,1964,205,9.580488,2.5611,70.9277,kolay,0.706496,12.219959,0.0,0.0,154,2,question,0.0,151,0.0,212970,6.961587,6.10998,4.07332,9.164969,8.14664,5.09165,9.674134,14.765784,2.03666
NgAQ6syyMfI,YAPAY ZEKALAR KENDİ DİNİNİ Mİ KURDU?,20260206,automatic,1648,3555,347,10.244957,2.558087,69.3145,orta,0.711341,8.438819,0.0,0.562588,191,1,question,5.235602,145,0.0,754741,8.261389,5.344585,2.250352,12.658228,10.126582,7.313643,11.814346,19.690577,4.781997
CpMJBlnpDTU,Z Kuşağı Aptallaşıyor mu? IQ Testleri neden düşüyor?,20260213,automatic,1179,2456,277,8.866426,2.632329,69.9298,orta,0.732544,15.472313,0.0,0.814332,182,3,question,10.989011,162,0.0,934837,8.511887,5.700326,2.035831,7.736156,2.442997,11.400651,8.550489,12.214984,3.664495
LV-BB-bUi88,Billie Eilish'in Beyni Neden Farklı Çalışıyor?,20260220,automatic,1344,2669,276,9.67029,2.528288,72.0116,kolay,0.704748,5.24541,0.0,0.0,167,5,question,11.976048,157,0.0,664646,8.208785,3.746722,5.24541,7.493443,9.741476,6.369427,14.612214,9.366804,4.121394
9ZSZRKPD3_A,Yıldızlara Neden ASLA Gidemeyeceğiz?,20260227,automatic,2091,4785,571,8.380035,2.514316,75.9405,kolay,0.694235,10.449321,0.0,0.0,187,2,question,5.347594,169,11.83432,2069973,9.384075,3.134796,3.970742,4.388715,2.507837,5.85162,11.07628,10.031348,2.507837
AFYR_0DQmlc,"""Olmak ya da Olmamak"" Aslında Ne Demek?",20260308,automatic,1853,3452,528,6.537879,2.50029,81.312,kolay,0.67002,6.08343,0.0,0.0,199,1,question,0.0,115,0.0,331198,7.605024,1.448436,2.896871,11.877173,4.634994,7.821553,9.559676,8.11124,0.289687
3govhbrSRuE,Sinek Beynini Bilgisayara Yüklediler (Ve Çalıştı),20260313,automatic,1746,3945,411,9.59854,2.54398,71.5684,kolay,0.670084,13.434728,0.0,0.0,212,1,question,0.0,183,0.0,995833,8.736322,5.069708,2.78834,4.309252,7.351077,4.816223,8.87199,9.125475,2.281369
VrmlU0BuGKQ,Dünyanın En Ölümcül Hayvanı Bulundu!,20260322,automatic,1283,2689,310,8.674194,2.563406,73.2005,kolay,0.701984,10.412793,0.0,0.0,191,2,question,5.235602,146,0.0,463338,8.029258,6.322053,0.743771,4.09074,6.693938,4.09074,8.553366,8.18148,2.603198
dGbJRqV19tw,Project Hail Mary: Bu Film Neden Bu Kadar İyi?,20260327,automatic,1374,3106,346,8.976879,2.510303,74.5439,kolay,0.699617,4.507405,0.0,0.321958,213,0,question,9.389671,184,10.869565,356315,7.800373,3.86349,1.931745,6.43915,4.507405,9.336768,10.30264,24.146813,7.405023
-6Pfo0p28to,Artemis II - 3.Gün Özeti (Türkçe Altyazılı) Orion Ay'a Dünya'dan Daha Yakın,20260404,automatic,1664,3528,248,14.225806,2.380385,66.0637,orta,0.678107,2.834467,0.566893,0.0,161,0,surprising_claim,0.0,201,14.925373,101530,6.602214,2.834467,0.566893,1.70068,4.818594,2.834467,13.321995,10.770975,4.818594
6N-r4492zws,Artemis II - 2.Gün Özeti (Türkçe Altyazılı),20260404,automatic,1140,2154,181,11.900552,2.466574,68.67,orta,0.704021,4.178273,2.785515,0.0,150,1,question,0.0,172,17.44186,84701,6.421257,1.85701,0.928505,0.928505,3.249768,6.035283,12.534819,5.571031,3.71402
Fwfdt3n13JY,Artemis II - 1.Gün Özeti (Türkçe Altyazılı),20260404,automatic,2004,4072,407,10.004914,2.371562,77.4347,kolay,0.676568,1.964637,0.491159,0.0,296,0,question,3.378378,164,12.195122,84028,6.413293,0.982318,1.227898,2.701375,3.438114,6.876228,7.367387,4.174853,3.438114
t9CntIgeF3o,Ay yolunda Artemis II Mürettebatından İlk Açıklamalar (Türkçe Altyazılı),20260404,automatic,1274,3061,223,13.726457,2.294348,70.8235,kolay,0.693948,9.474028,0.0,0.0,149,8,question,13.422819,222,4.504505,201645,7.287694,5.553741,3.266906,3.593597,11.107481,2.286834,15.027769,21.888272,9.147337
PIKh7fpyqAY,Artemis II - 4.Gün Özeti (Türkçe Altyazılı) Tarihin En Uzak Röportajı ve İrtifa Referans Değişimi,20260405,automatic,1326,2646,201,13.164179,2.377551,68.9484,orta,0.703178,2.267574,0.0,0.0,202,0,surprising_claim,0.0,120,0.0,97649,6.570556,3.779289,0.377929,3.023432,6.802721,3.779289,9.448224,7.936508,3.023432
ccZqiZ3Woo4,Artemis II - 5. Gün Özeti (Türkçe Altyazılı) Ay Geçişine Son Hazırlıklar,20260406,automatic,1468,2668,207,12.888889,2.44003,67.1568,orta,0.678595,0.374813,0.0,0.0,183,0,surprising_claim,0.0,160,6.25,80751,6.388154,1.49925,0.374813,1.49925,2.248876,6.371814,10.869565,8.245877,4.497751
MWdQoLkiB2A,Artemis II - 6. Gün Özeti (Türkçe Altyazılı) Ay Geçişi,20260407,automatic,2426,5124,402,12.746269,2.398907,69.1811,orta,0.685132,0.78064,0.39032,0.0,176,0,surprising_claim,0.0,172,5.813953,104776,6.655593,1.36612,1.75644,2.14676,6.830601,6.830601,8.196721,14.637002,4.488681
dAGGhi6On20,Artemis II - 7. Gün Özeti (Türkçe Altyazılı) ISS ve Integrity astronotları uzayda konuşuyor,20260408,automatic,1473,3227,226,14.278761,2.382708,65.8321,orta,0.683568,2.788968,0.0,0.0,223,0,surprising_claim,0.0,142,0.0,82428,6.423465,2.479083,0.929656,3.718624,6.197707,4.64828,12.705299,12.705299,5.268051
vtjaQDJLG5c,Artemis II - 8. Gün Özeti (Türkçe Altyazılı) Eve Dönüş Hazırlıkları,20260409,automatic,1352,2807,215,13.055814,2.395796,68.4982,orta,0.67735,2.493766,0.0,0.0,257,1,question,0.0,156,44.871795,57451,6.070651,1.068757,1.068757,1.781261,6.41254,2.493766,16.03135,15.675098,6.768792
9FzsLFfooCQ,Artemis II - 9. Gün Özeti (Türkçe Altyazılı) Dönüş Yolunun Yarısı,20260410,automatic,1152,2473,157,15.751592,2.309341,64.9356,orta,0.653182,1.617469,0.808734,0.0,194,1,question,10.309278,161,0.0,51683,5.972633,1.213101,1.617469,2.426203,4.043672,2.426203,8.49171,12.939749,4.043672
s2zxxlsw6WU,Artemis II - 10. Gün Özeti (Türkçe Altyazılı) Atmosfere Giriş ve Tarihi Okyanus İnişi,20260411,automatic,2647,4214,303,13.907591,2.298291,70.1923,kolay,0.644255,0.711913,0.474608,0.0,199,0,surprising_claim,5.025126,158,0.0,100676,6.645766,0.711913,0.237304,2.610346,3.084955,4.746084,4.746084,3.796868,1.186521
ghS-AkvGg9U,Uzay Gerçekte Sessiz mi? (Bir Kara Deliğin Orijinal Sesi),20260419,automatic,1227,2407,223,10.793722,2.626091,65.1502,orta,0.686587,7.893644,0.0,0.0,158,1,question,0.0,159,6.289308,376583,8.027036,6.231824,0.0,18.695472,11.632738,2.908184,13.710012,11.217283,5.816369
kVgyKz4hYcY,"9, 32, 66, 83 Yaşları Neden Önemli? Yolun Yarısı 35 Değil!",20260502,automatic,1418,2867,336,8.532738,2.486571,76.6566,kolay,0.719282,5.23195,0.0,0.0,165,2,question,6.060606,124,0.0,455339,8.328559,2.790373,2.441577,4.18556,6.975933,6.975933,13.603069,13.603069,4.18556
e9SEsdHlt2o,Pentagon yeni UFO dosyalarını açtı!,20260510,automatic,1787,4062,368,11.038043,2.54259,67.8672,orta,0.751262,4.923683,0.0,0.0,210,3,question,0.0,189,0.0,651474,8.762177,2.461841,1.477105,5.662235,6.400788,4.18513,13.786312,10.339734,2.95421
lV2koa9-1dk,Sen mi Yapay Zeka Kullanıyorsun? Yoksa O mu Seni?,20260515,automatic,1592,3498,341,10.258065,2.50829,71.2809,kolay,0.69641,9.148085,0.0,0.0,228,4,question,0.0,158,0.0,338572,8.158068,4.85992,2.001144,5.717553,6.289308,4.288165,27.730132,10.577473,2.572899
2LJUae_KbCo,Tatildeki 10 Gün Hayatınızın En Uzun Süresi Olabilir!,20260522,automatic,1445,2999,353,8.495751,2.504168,76.0461,kolay,0.687582,11.670557,0.0,0.0,169,4,question,23.668639,100,0.0,234299,7.864928,4.334778,0.666889,10.670223,8.336112,7.002334,9.336445,11.670557,2.000667
wJWta2lO0Lw,Sadece Wi-Fi modemle görüntüleme yapılabiliyor!,20260531,automatic,1165,2571,244,10.536885,2.629327,65.6905,orta,0.739859,4.278491,0.0,0.0,200,0,surprising_claim,0.0,150,0.0,485729,8.699124,1.555815,0.777907,7.779074,9.723843,1.944769,15.558149,15.558149,4.667445
8bYUa4U8r6s,Backrooms Efsanesi,20260606,automatic,778,1401,199,7.040201,2.354033,85.8768,kolay,0.694735,4.282655,0.0,0.0,130,2,question,15.384615,139,0.0,451227,8.702404,2.141328,2.141328,2.855103,4.996431,6.423983,11.420414,3.568879,0.0
s4I_3carH04,Her Yıl 123.000 Kelime Daha Az Konuşuyoruz!,20260613,automatic,1021,2193,275,7.974545,2.556316,75.3115,kolay,0.739967,10.487916,0.0,0.0,200,4,question,5.0,157,6.369427,123823,7.50765,4.103967,3.647971,6.383949,6.839945,5.01596,13.679891,14.591883,3.647971
hvGpiZlPoIE,Sisin İçinde Bir Şey Yaşıyor!,20260621,automatic,1154,2363,236,10.012712,2.55565,70.0186,kolay,0.708556,4.655099,0.0,0.0,185,0,surprising_claim,0.0,167,0.0,147327,7.806472,2.962336,1.692763,11.426153,11.002962,7.194245,2.539145,10.156581,2.539145
9dMSKvFMLm4,Senin Mavin Benimkiyle Aynı mı?,20260630,automatic,985,2179,251,8.681275,2.419,78.9836,kolay,0.678521,11.932079,0.0,0.458926,200,4,question,10.0,153,13.071895,203618,8.292426,5.507113,4.130335,3.671409,11.473153,4.130335,23.405232,16.980266,7.342818
Xn51Ujzrx68,Truva Atı'nın içinde ne vardı? The Odyssey Film Analizi,20260724,automatic,1337,2711,289,9.380623,2.51125,73.4521,kolay,0.711615,6.270749,0.0,0.0,168,1,question,0.0,166,0.0,425363,9.664925,1.844338,1.47547,13.279233,9.959425,12.17263,3.319808,13.279233,2.582073
f8wQj7zbspE,Japonya'da hiçbir şey göründüğü gibi değil (1. Bölüm),20260807,automatic,4565,6814,844,8.07346,2.490901,77.6813,kolay,0.720997,5.72351,0.0,0.0,155,0,surprising_claim,0.0,147,6.802721,599690,10.73924,1.467567,2.788377,6.457294,8.952157,7.191077,12.474318,14.675668,2.348107
