id,ocr_text,ocr_word_count,ocr_char_count,has_digits,exclamation_count,question_count,view_count,log_views_per_day
-0P2pi8i-cI,yz e | Za st 1” güm yg it le ove If 7 N N > ue ig,16,66,1,0,0,3450061,8.116887
-2BLGQ1Zci8,lınla | ug Priaset HER SEY HAKKINDA HİÇBİR ŞEY yay ll el GULNIHAL OZER,15,76,0,0,0,78853,3.104334
-3DvuLtuf1U,"AYNA DÜNYALAR et ahahaha oe ae Lm —— ee ae Ti ME et at ee eo"" meena | 12 eN wel tae e+ 1 Sy i i! ‘- Abd rit et ¢g a",30,133,1,1,0,2335353,6.75645
-4RdNSFynvo,EVREN TANIMININ awe DEĞİŞTİĞİ Ry. Ve AN 25 A,11,50,1,0,0,1744393,6.932746
-4Vufms0r3U,Film ve Animasyon Otomobiller ve Araçlar Müzik Ev Hayvanları ve Hayvanlar Spor Seyahat ve Etkinlikler Oyun — if Kişiler ve Bloglar Komedi Eğlence pa ( Haberler ve Politika Nasıl Yapılır ve Stil m. a Bilim ve Teknoloji i4 Kâr Amacı Gütmeyen Kuruluşlar ve Aktivizm -G > KANALIMIN KATEGORİSİ NEDEN EĞİTİM?,50,326,1,0,1,336502,4.689365
-6Pfo0p28to,ey Artemis WA ya Gidiyor! J ET,7,33,0,1,0,101530,6.602214
-98iqLJYXdo,ÇİNLİLER AY'IN KARANLIK YÜZÜNE ROVER GÖNDERDİ! — ee eye wow et ca A a a Bige SS Les na! a az —- > 5 Za — ——,24,121,1,2,0,1304266,6.142008
-9rVZZV8kQA,Paulo Coelho SİMYACI —— = dl if eg i PA ET Cl wf PAULO COELHO,14,71,0,0,0,407102,4.674012
-BvS6PZbCws,MAMUTLARIN = DÜ) ÖNÜŞÜ ‘a 7) 221 p: ¢ =,7,44,1,0,0,3385797,7.871535
-C2gSCLp9Sk,h oh A — = Mia ma TEKERLEĞİ */ “A YENİDEN İCAT EDEBİLİR MİYİZ?,17,71,0,0,1,639502,5.832353
-EN7g6c7U_4,Ad HI Uni! YUH!,4,18,0,2,0,1090187,6.169396
-WSQEyT2Mu0,pe. Saki at ys tgp Re) Cho: Cone eer co m e,12,48,0,0,0,1198588,6.791401
-ZPHKf-8T6I,"GEÇMİŞ BUGUN (Canlı & Renkli) (Soluk & Gri) —< 88, ~~ 2 KN fyi atl mis Ke. BU BIR TESADÜF DE GIL!",19,110,1,1,0,1129944,8.567231
-k49ykDKi68,BAŞARILI OLMAK İÇİN ÖĞRENMEMİZ GEREKEN EN ÖNEMLİ KELİME,12,55,0,0,0,2437951,6.67395
-scY0Dwio3Y,# a =} \ | E Ye S,4,24,0,0,0,244877,6.389169
-ykpyhb_QPo,SS o me >-* MURPHY KANUNLARINI YANLIŞ MI ANLADIK?,8,52,0,0,1,2082454,6.42771
01ghGqxKtJU,ae | 7 SN Ad ie a A gi “ fa Jip VA Lhe 7 if. 000 orno = BU cB fours İÇBİR Z AMA —< ee GSI aa OKUYAMAVA SR,29,128,1,0,0,2413297,7.297784
056_ytYysPU,— = ‘EERE y | | im SU Zann | | t | | | gz it ian a dön | i a iia =| ul ib i 1 DE i es. NE vi ES i BUR ; EKİ ENKLERİ G m ay i a a =,34,167,1,0,0,531543,6.589135
0CmccJBVHUI,"~ N b se S = 9 4 , A = e, ÇALIŞIRKEN MÜZİK DİNLENİR M Mi?",16,68,1,0,1,1141704,5.744654
0Db0oQKM1tU,Td EN Sa EN m & e 8 EVDE DENEY YAPIYORUZ,10,46,1,0,0,189428,4.041497
0PlJCIcYozU,mi > < cS 9 ws ad 0 25 eh n 5? v Ji 73 Yy»,14,56,1,0,1,554025,6.307106
0PwLkj07HDY,serip m > 4) 7 Pew Hy esi Mi a at ‘Sax eek 7\ } ~ te Zi DÜNYANIN EN SIRA DIŞI MÜZİK ENSTRÜMANLARI NASIL SES ÇIKARTIYOR?,25,136,1,0,1,658996,5.212748
0V2EyWqJNZI,Gg 27 MAYIS İÇİN “GERİ SAYIM LAD yi gn,11,42,1,0,0,1051751,6.135327
0Wpna736wwE,7 PANİK YAPMA» va NA KM.,7,29,1,0,0,650733,7.102544
0e2qtcvGYZ0,"J ""A ites i i Nee | gine Ya",8,31,0,0,0,928831,6.452285
0n1hSRK0Ip0,ee,1,2,0,0,0,418786,4.697409
0zyMQr-MJDA,De oy ) ¥ DUN NIN jim N DERİ i Way uy XY Nex NX 4 fe İp -,17,72,1,0,0,2111999,7.177439
10ZtGtHhhcI,"Se =) == , S a | ya ARSİV RÜYASI",7,39,0,0,0,234015,4.248356
13Ck4tQzucQ,t »® ğ ah ——,3,15,0,0,0,415044,4.624093
16mt0mTXF7g,ie fin © is yi ii NEDEN YANIYOR?,7,37,0,0,1,1569175,6.486447
17XGzNuyT8E,> -€ ie “> KÖPEKBALIĞININ KUYRUĞUNU M,4,42,0,0,0,745175,5.962829
1AP6fDsfWxA,zu at i wv EY at SONU,7,26,0,0,0,914512,7.014089
1BM3ozlfLzo,900000 ABÜNEYE 19 SANİYE DAVETİ ELİ gli De” # = BIT.LY/ 19SANIYE > \,12,74,1,0,0,202681,4.109715
1EUEB2wW2zA,"UYKUNUN EN GÜÇLÜ ŞEKLİ KAHIUYKU OD) Ez >, e — a ——— Zz — 4 EN << 21 =",13,80,1,0,0,2130089,6.767351
1HDZVQgLLY4,di de a a di W KAN İŞİTSEL İLLÜZYONUN BİLİMSEL AÇIKLAMASI,16,64,0,0,0,2144525,6.56881
1HzfO453f24,"«> } K | YENİ BİR GEOMETRİ 441 . ŞEKİL KEŞFEDİLDİ! = 9 ID \,7— ”",13,73,1,1,0,1313065,6.104965
1KN8foDEwQs,Die 3 ree a» 40. erer f 1 Gf İSİ,11,40,1,0,0,585857,5.570416
1MZWaFdcy3Q,TEK MAKAS KESİĞİYLE BU ŞEKLİ NASIL YAPARSINIZ? CEVAP ALGORITMA YAZARAK gv,13,80,0,0,1,1019981,5.911764
1USZ5jIjra8,e > i ee ee Lj] SAHRA => yi] ee v3 OL eek GUNES = PANELLERİN KAPLANIRMIZ,15,86,1,0,0,799272,6.53158
1X1tr7ctRUg,er e NEW YORK'TA 23 NİSAN,7,27,1,0,0,1264050,5.919228
1X8vsSpE-Kw,a a] il mn a MR. ROBOT LA KURALLARI YIKMAK DAHA İYİ FOTOĞRAF ÇEKMEK İÇİN DAHA İYİ DİZİ İZLEYİN,26,99,0,0,0,537941,4.903418
1iMmenHFdCE,Lp EEE yuntaiı 30 SANİYEDE TABLO ÇİZMEK,9,42,1,0,0,624027,5.443578
1pBC0lnFbDY,> alir WU Wiis ve | a4 ele ' a. me 4 ‘gevin: BABIN a ~ ISKAMBIL KAGITLARININ ESRARI JOSTEIN GAARDER,17,112,1,0,0,64249,2.89925
1shT8RLFQT8,PR: İN SA 5 “a xy be a il Me ks a = aa Ve At Sy zi > Si eS AN. | 1 Di? “¢ ng 4 0 YAVAŞ ÇEKİM TEKNİKLERİ,31,131,1,0,1,464371,5.038297
1vGO3hSJxIE,"GEISER ""0 YILDA Hl | a TT ae aS (0 TEKNOLOJİK TREND",12,56,1,0,0,710845,6.236952
23inKSoPOsc,~~ = ÇAN HICAGO'DA. iw I İl L AŞILAŞTIM?,8,47,0,0,1,808184,6.067966
2Did_gRHz_A,"D/D [J =e a ENDEN NOIL ote BR xy > das = ea ee 5 e at 2 Eğin > # ME, rg b =| € Sis be oes ete Sal ad = = ES AY Ze iliği enez ji",33,156,1,0,0,758591,6.006387
2G7183P3a-Q,Mr BIR KAP a,4,13,0,0,0,922120,6.524342
2LJUae_KbCo,"mm nn pi 7, b kN “= Veb yf. SADE ‘Hane ELK a A ea v Tro fi N im mm v7 EN 004237 CRM, > a eg We <2 İN X ) > as } ese > vi ( N 4 Ae it ~\ ae af Ng 2-0",43,184,1,0,0,234299,7.864928
2PCD2z0NAFE,Premit File n lo Help. Rİ Clip ‘Source: (no clips) vi DERİ PREMIERE PRO EĞİTİMİ oa N 00:00: 12 00;00;00;00 Boo 00;00;00;00 |: 00:01:27:20 fre = sea = A 00:01:42:19 ED v q t qe <i > » oF Se 5 Info Effects birinci bölüm = = Project Foto Safari © Foto Safar. 00:00:00:00 00:00 00:00:30:00 (00:01:00:00 (00:02:00:00 6 — | ew 00: DEE n 2 8 2 0 iMG]ING|ING PLERİ ZAMAN Lp 6 -2 7 KL 54 ÇİZGİSİNE TAŞIMAK,103,455,1,0,0,46421,2.512748
2Wqgq407BHI,"4 GA İİ, ere anana 4 wi e Bİ mR OYUNU OYNUYORI 4",14,55,1,0,0,1597025,6.709289
2a4alueuxmA,"in” MU, ME > “PPLEİMSÖVLEİ Vaan NA",7,39,0,0,0,597361,6.94167
2fBm2iYs2d8,ue,1,2,0,0,0,84483,3.194154
2guO7TEnwmA,KO ee EN Gi. IGTV YENI ği > > *- İ YOUTUBE | (/ \ 4 OLUR MU? | MN e »| wp,15,89,1,0,1,320694,4.690477
2lPigwZnV1g,U GÜNDE 12 KITAP,4,17,1,0,0,2534972,6.876178
2qJmx9E7uX8,= a Wy —,2,10,0,0,0,113616,3.477715
2sx4UoQvres,Gelecekte Herkas* unu Yiyecek! © me”,5,39,0,1,0,366667,6.136033
2we29Gg2P08,7. a mc ağ m,5,14,1,0,0,131905,3.522029
31xYUbF3V2M,yi = = Ld om = = oat | a ği iğ” <e ». ar ak a / a =; PRODUCTION APOLLO 11 er > SCENE TAKE AYA .. ne 20 7 DIRECTOR NASA =k ERGEKTEN CAMERA BARIŞ OZCAN ; . DATE 1969 GİDİLDİ Mİ? ‘they oP .« a wy —— .—,39,237,1,0,1,6205003,7.783029
3CImvksovN8,DÜNYANIN ENÜZİN 5 = — i | ),5,30,1,0,0,1064483,6.765198
3KOwARL9Sa4,"öğ e e Ba) ey SN ty Ke. =. Ze YÜ Es d oi a N Ki Be = a oe 5 KARANLIK See 4 MADDE > x re s5 Ags Ei Aine mt - N vE. eS Be tn, F Kc 5 a BAS At ea dy f yi A",47,201,1,0,0,1135785,6.807458
3LDTgXzWKes,KILOGR IN TANIMI BEGİŞİYOR,6,27,0,0,0,1134576,5.990605
3UZJJ5COPGs,| oe yy YENI YAYIN DÖNEMİ VE İYİ BAYRAMLAR,9,44,0,0,0,46260,2.620843
3_rr9MhpKpg,ly © i= = © oe SA on 0 wy N a 21 sab 't N £5 | se MARS PARASUTUNDEKI * GİZLİ MESAJ? Lo,21,101,1,0,1,1674828,6.729516
3b5zMy-kFIs,"— YAPAY fe ADS 78 O Yaa 5 ele fal EV T PE TE = S8 Jimnastikçi 2 Alt o o> OOS OO 1 [=-===] |=) CT al Fe: ZER (8 = | —— Ga GEZ ©, ~ İİ © / { 77 gy) SHACKLETON © (yo Gİ ee a Y 745 N Zahmetsiz SG \Y DANİ A ) i, Değişim Vj a7 _~ YS ©) BTS 2 @ A. aS <> (a) SS DAN VE = kong N > e) KÜLTÜR",64,345,1,0,0,807305,8.194561
3evkMmZdp9M,100.000 1000 tay x100 . vw N Ay | Li |,9,46,1,0,0,239177,4.164724
3fNkaQBszYE,ce w REELS İZLEYEREK UYUYAMAZSİNI,7,35,0,0,0,933475,7.476248
3govhbrSRuE,— m t 4 ain emulation B SIRA Di | İNSAN MI ul vn,13,54,1,0,0,995833,8.736322
3l1I_Hwll_Y,imdi Ce; © Grigoriy Petrov BEYAZ ZAMBAKLAR İLKESİNDE Ga GRIGURIY PETROV,12,76,0,0,0,179506,3.861578
3upaIpPj8JY,4 J Ol are MİLYON AMİYON 3 MİLYON ZMİYON IMİLYON,15,56,1,0,0,1741916,6.752432
3x-sqXwyy-s,"ds ID ee = A , ‘A + IRON M AN'IN ÇEKİLDİĞİ YERE GİTTİK",15,62,0,0,0,406651,4.942507
44mAmCwk2kA,"» NE, <1 Sivrisinek Sehirde a ) hk in >. * İN SİVRİSİNEK ŞEHİRDE ERLOM AHVLEDİANI",18,92,1,0,0,62436,2.890811
45-mzhsn0Wo,a ini” SGAR CROW #CreatorsforChange,5,39,0,0,0,217222,4.214996
45Ontquians,=< by Ps ~ a 2 {| oes Tih oe ‘yt 4] iş sik yi Be | Zr > VE CA (AGTAR SEHI,18,95,1,0,0,676416,5.649876
47eHTJIZZVg,,0,0,0,0,0,586336,6.561637
4Ag90YCgBqQ,"t Cis |) st gr | ir i - > benenkalanımdaki EN DUYUK KESİT, A V mt hub p | Wobel Odu zil 4 ""Tt",21,106,1,0,0,1280229,6.396125
4AgrxE11hG0,4 7 LUI —i— ill VİN | / Nm W 0) UT. i hie N ze ilan ae,17,68,1,0,0,1004712,6.271966
4GD7fptG1TI,MOMO = VA Vit MOMO OZ “MICHAEL ENDE,7,41,0,0,0,152472,3.719941
4N7QCxlifXQ,— a” Ni = > } 4 TT GÜNÜN YAZIR MUZ 9,8,45,1,0,0,493332,5.081832
4PAPLBTnHFI,i) BLACK WIRROR A A v2. KARANLIK AYNADAN YANSIYAN KORKU,10,60,1,0,0,572756,5.102654
4RayX7iwz1Q,Zn NO E Kis. yaş —— mam,6,29,0,0,0,309451,5.754104
4THSU0om71Q,ge “ LT ge ih Mi ee ” pi di oe ‘s =i 4 et = gez SG me İİ > ii 5) RISOZCAN'LA ee a 8) Li Dow = e 4 a as nee e pa: we me > Si ?2.-BOLİ poe ~ BEYİN NASIL ÇALIŞIR?,43,200,1,0,2,664900,5.419562
4VM8tDd6naU,Creators for Change Za - vE? # ©) > =s Sse a 4 ambassadors YOUTUBE'UN SEÇTİĞİ 12 DEĞİŞİM ELÇİSİNDEN BİRİ OLDUM!,23,121,1,1,1,976314,5.602113
4_jY3kYMxYo,"İNE BU CIHAZ OGRENCILERIN BEYNINIOR il MN ; ""6 ‘ Ny — NN A Ed",13,70,1,0,0,698973,5.649729
4g3XaR35m04,m | I YU v = a ime 3,7,26,1,0,0,744210,5.709403
4nHjhfWap4k,i | | =| a I ’ SEATTLE IN UGA DAİRESİ,8,42,0,0,0,433122,5.472554
4wVfT6K9m04,SATURN’ ÜNİ HALKALARINN ue VIDEOSUNU CEKTIM,6,45,0,0,0,1842062,6.565308
53t3Rl-Jm2Y,kk. Ni 2 oF im. - yi . kona] ieee Eğitin,9,45,1,0,0,371935,6.05005
56vxGr_TOiE,Wied: RYUGU a — xw Şi a i ~ y KAYABUSA2. ASTEROID MADENCİLİĞİ BAŞLADI,14,80,1,0,0,1017356,5.867233
59bevAZqcEs,"—= —_ ee e772 gi be 43 vill ta AMANLARI pil 9M70TU NA YA KALA NDIK! KASIRGASI <Z YILIN 28 Aa, = = eo > gi iy ty üne nod ayl S4 a, de NR Vİ",32,166,1,1,0,547780,5.565867
5EXKsagW7H4,bm y < dk 7) “e Karadelife ol) a 4). AS a NA EN NN ) >,14,67,1,0,0,487118,5.996253
5L-lRcg4TTY,"pr Sl ee Most pecent Gil b = wv, AN (25) a 1 N mission:iss VASSAL Yy Bob EAT A N hi ir poe | PRESS ie GERCEKLIK eS SANAL +3 iy bi ae ae ei",35,171,1,0,0,1598970,6.43365
5MJvo0UV924,"ly /, 77",2,10,1,0,0,852051,6.337969
5_WKK7CkpiA,* oe \ v IRIRSAK-. pe) Ab — de I} gı a — aw a= “> Fİ A.A. Devrimi i Sy BE WA. Gs,20,100,0,0,0,601428,6.221477
5guS-TtJq9Y,A 'UN DİBİ?,4,12,0,0,1,1711785,6.284321
5mWFnL3xs9w,"7 DU NİN EN Zi NGIN a aN RININ ""ai BU KITAPLARLA Su vi DERDİ NE? eye eS 7S 7 Wek... g »/",23,105,1,0,1,2862668,7.084046
5u79w4DTDjI,ör +. ae — = yy BU VIDEO YEMEK TARİFİ YA DA REKLAM İÇERMEZ IKEA ETKİSİYLE HAZIR KEK YAPMAK,20,97,0,0,0,517383,5.060918
5uIl38UFVh0,"2019'DA ‘Ol Oy ay ZİNCİRİ KIRMA Ay WF ZN g a SD A a q O ke le 4 YA WA WY A) ho” >” © gi öd ee, <> ws",30,128,1,0,0,1413189,6.224539
62h2uHpg-Do,Zi Ke Nİ 4 i ik e (4 — vs ydi e 0 7 “ i ZN 7 — Dİ YORUZ! “ UZAYDA YAŞAMI BULMAYA 6,22,103,1,1,0,1201422,7.47309
6C0ksTO_0pQ,yy” va 4 Foucault'yu | N İİ Nİ Pat ncker dizi Ğ 1-1 | i PAS FOUCAULT YU SAYIKLAMAK re ES,21,104,1,0,0,210865,4.07743
6Is9Hc8R97U,# —) _ ev MN NUE Mi 7 BT e eae,9,40,1,0,0,5040732,7.720615
6N-r4492zws,"N . N Artemis Il Aya Gidiyor Nİ ga, 2.GÜN ÖZETİ",11,53,1,0,0,84701,6.421257
6Nf6YJTKbeM,= — we — = 1 NASIL Bİ KAFA? =r ~ Ze sien — wg < de. v IN Fic. % V,14,82,1,0,1,542751,7.573708
6PiX-sGNFLM,"gp ANTAR » 4, aad % cs Gİ “e — 3 rss ce a5. ory ota ii ae ME TAE me i j İF OLDU?",23,102,1,0,1,1122122,6.96471
6ROS5Cn92cg,Baek | ger 8 a I | | | | | 1] I] we! ag msg > ağ MN J bs eği ay < BS m wor Pasa a ae = | oer me ue Bi: ee >> ZU TİKSİ UYU A pe. aU,34,164,1,1,0,299173,6.69651
6WCjer_Fmsk,ME = oes we 10 98 => €- — Mr ho Ai NA uh \ 13 SAYISI UĞURSUZ MUDUR?,14,79,1,0,1,4152604,7.188024
6eSXsZ7ksmE,Jam \. ae Si çi pH MN SURE ALANI 2 86 OND PİLLER Mi GELİYOR? NANO DIAM “ws TAS U,21,91,1,0,1,1474422,6.520926
6nupxl23oeU,d y — | KK 4 m — 28 K6 TEENA . BIR UZAY ÜLKESİ ASGARDIA,12,64,1,0,0,1053288,5.876952
6oUUkdGMYDs,"Do you believe in magic? = e\ t ge im) mT, Se = Ws OG We” aN > = uC / 23N İSAN'DA SİHİRLİ BİR KALEM",25,116,1,0,1,522830,5.152543
6uIt4f38TdQ,"ss ss s ®& oe eee i> Ne “solopreneut’ id | , Ft ete =",11,61,0,0,0,443068,6.839235
7AW4dTcgyRk,". Le, 23 EKİM'DE",4,18,1,0,0,909600,5.901056
7AWY4br91mk,TELEFONLARIN 2 YAPAMADIĞI NEVİ YAPIYOR? Üz,6,46,1,0,1,729092,6.000953
7BSHnfzCPuo,vw gr YA ane | ll ul IHL aT? 2,9,37,1,0,1,2848477,7.841604
7DFs2WifolI,"ül > KE Ae, WAY ae se ii e UK Wi, e at I Pp eo pos ii ne A ei on = RE 5 MT, İZ Ğİ ie. Em SS DE, reo; kG a Mz“ yi çi 1 ZMİR, dar Had op BSS, ote",45,185,1,0,0,265897,5.585867
7HERFTSaBcU,İLK i | | b> ihe kore 2.Bölüm = LL Dijifal bir Kent,12,57,1,0,0,733010,5.708485
7PGLODg3Xg4,"DÜNYANIN fq EN GERÇEKÇİ > İNSANSI ROBOTU LI aA La lf, As i | | Fed ea",15,82,0,0,0,1429886,6.724809
7Qzz8pgbYFo,RÜYA * y im €.- (Pes,4,24,0,0,0,317837,6.684093
7USqEZWi308,Te 7 es V / YUKARI Yi BAKMA!,7,33,1,1,0,1660925,6.890827
7VLdm-aOkTQ,"wat ct Vr er ey \& 4 , a Macui ee JERRY MAGUIRE (1996) YENİ BİR BAŞLANGIÇ - İZLE",18,85,1,0,0,160424,3.810155
7aF62RtiRm0,"ip 7 A ISS gi, o es a, Ne a ae İm ME İKİNGİ UZAY İSTASYONU",20,68,1,0,0,639399,5.802928
7b9pzxZBlbs,"a x, —— Mİ 3 * Zs e = of # d x ae BARISOZCANLA ee, # ET g as 3. LO ak VAZGEÇTİM!",20,101,1,1,0,487633,5.115813
7bv-LaRgFM0,@ - SS yyl NU \ ENR or,5,28,0,0,0,240787,6.839779
7m50hJglZs8,> A Ee aD e er ASARISIZ SK Lee ry IRISIM 4 aie ZG 4 en hes 7 KASIRGAL DURDURULABİLİR Mİ?,22,106,1,0,1,979465,5.831806
7oL2xEQwwng,Amin Maalouf Semerkant Al + tf if of SEMERKANT AMIN MAALOUF,10,67,0,0,0,130769,3.572204
7qKWkJmsC_A,"fy >: SY Giy UÇAN, ARABALAR",5,31,0,0,0,486519,5.130224
7uHP-WoNqgw,oe GÖRÜNEN ADAMIN GÖRÜNMEYEN DÜNYASI,5,37,0,0,0,368826,4.700693
7zqn_kYKc9E,— NEDEN adi | YÜZÜMÜZE DOKUNMADAN DURAMIYORUZ: ? y°,6,59,0,0,1,1066279,6.132107
84Q__dx_G4w,odie GUNES Hl “iğ UU ie N N,8,32,0,0,0,3406393,7.552277
85lCYvfaGtg,Ri Ni Woy | | İ | İli | | ii V : \ KNB | ir SS 1) +i 1 KUANTUM USTUNLUGU | \ YENİ BİR ÇAĞIN BAŞLANGICI MI? Ul ],23,136,1,0,1,1368277,6.311244
89jx0SaPnks,vi e = TANT p iT Lp,6,24,0,0,0,444759,6.269031
8AL8C1SXRlw,JAPONLARLA BIZIM EVDE aay 1} LES İNSTAGRAM STORY ANONSU YAPMADAN OLMAZ -) İV TEVİZ!,16,89,1,1,0,402084,4.87358
8AxqvEpTOKc,— N ai NN \ © . az / 4 v.,6,34,1,0,0,93088,3.29377
8Ca7jkZzC9o,ŞU DÜĞMEYE BASINI e,4,20,0,0,0,1980983,6.323383
8QOE7g7D9J8,"ga >, EN .— NEDEN ELEKTRİKLİ OTOMOBİL ALDIM?",8,47,0,0,1,3041427,6.997467
8Xv-Zo_3bCQ,TE yal yi gi EK LAN (5 ye. m —/ m: wi” ul AD KLE ENDIS! W lele > 4 ye,19,88,1,1,0,1195900,7.248709
8YQQRnlfHWE,Source: WVIL6SS5.MOV¥))x| Effect C ols er ET PREMİERE PRO EGİTİMİ De » ip AY in [ ay ii iy & rt in 7 ri Sy We We bi. ip we 7 || n İğ) 74 00:00:08:18 Fit a) fe) Bk Ea TA 00:00:07:16 |: 00:00:16:06 Fit = ip A 00:00:17:24 9 : LİNE = = qe <i » oF = E m + Li q t te <i > » > e ani + = birinci Bolom » = Bin: MOV 5 se ers N PA Foto Safa rprojiMGV. 17 tems 00:00:08:19 00:00:05:00 00:00:10:00 00:00:15:00 tn: TAN = ae. ew 22 ty Opacity = [MUL 6546.MOV İV) Opa MAN ÇİZGİSİNDE 16 ZAM “KLİPLERİ IKIVE BOLMEK | ‘erwrite. Use Cmd to enable insert. Use Opt to replace dip. Use Shift to pin to a track.,149,674,1,0,0,26417,2.008565
8ZKt5U3v-9I,) ba ae = » mr ii. J y N pa. ¥,8,38,0,0,0,157398,3.741996
8bYUa4U8r6s,> e ARKADAKİ ODA,3,18,0,0,0,451227,8.702404
8dOdIN_E8fo,Ly jh Li = ww 2 . E EE T y Mt Fj LN,12,47,1,0,0,1749534,6.932173
8fBqeqBOsGA,ANIK'E DALAN DENIZALTIYA NE OLDU?,5,34,0,0,1,3835814,8.107473
8gCsL2FI8u8,Saatleri Ayarlama e Enstitüsü dereah yayınları roman Ahmet Hamdi Tanpınar | {36 A ob EF: = SAATLERİ AYARLAMA ENSTİTÜSÜ — 5 Oe AHMET HAMDİ TANPINAR,23,158,1,0,0,175553,3.825681
8rWPtAto2zc,"Le di ——— © Wea = eS i vy İle Jr! if] iil ==, | fa",12,63,0,1,0,2731323,7.117649
8vkDTYo9oS0,Insan Manzaraları N MEMLEKETİMDEN İNSAN MANZARALARI W NAZIM HİKMET,12,69,0,0,0,59219,2.784286
8ywsjyr-fow,@ | Çin NASIL “VİDEO HAZIRLIYORUM?,5,37,0,0,1,1686211,6.267115
9BV-hS0GYaU,"Ww PMS / a, | | Tİ + — EN GARIP ji",7,41,0,0,0,1308088,6.502839
9FzsLFfooCQ,"ba 4 İK” # 3 Z | ‘GUN ÖZETİ EN ft 1 Aq | ""¢",12,54,1,0,0,51683,5.972633
9JFY01TFWCo,"Pre re Pro File cli Marker Title indow di Project Sequence Help İm Sequence Presets Settings ‘Available Presets ~ PREMIERE PRO EĞİTİMİ Gi ARRI For editing Sony XDCAM EX formats recorde HQ mode, 16:9 interlaced HD video at 25 frames per second. Gm AVC-intra 48ktH2 audio. fam avcHD (ii Canon xF MPEG2 Gt Digital LR im DV — 247 fm Dv - NTSC cs6 fi DV PAL. DEMO, ffm DVCPROSO ‘General Editing mode: Sony XOCAM EX 10801 (HO) Acrobal i DVCPROHD. Timebase: 25.00f9s Desktog Gm HOV Gr Mobile & Devices Video Settings Dropbo} Frame size: 1920h 1080v (1.0000) fim RED R3D Frame rate: 25.00 frames /second Downloj Gia KOCAM EK Pixel Aspect Ratio: Square Pixels (1.0) Fields: Upper Field First All My. v Gm 10801 ‘Audio Settings AirDrog Bi x0cAM ex 1080150 0) ‘Sample rate: 48000 samples second, Applicat Bi x0cam x 1080150 6) Bh 0040 EK 1080160 40) Default Sequence Movies) Total video tracks: 3 Boca ex 1090160 6 Master track type: Stereo Music » fm 1080 ‘Audio Tracks: ‘Audio 1: Standard 9 Picture > fi 7205 S Sa Audio 2: Standard din EMERE PRO PROJE g PR DOSYASINI OLUŞTURMAK Ni",195,1147,1,0,0,138776,3.552413
9NNMjxw4GpI,ği,1,2,0,0,0,174208,4.139222
9RIwBLjZg7E,"Po e 9 MW, Oty 99 9 99 ? Re» cp Va Ai * ES BNE >",14,59,1,0,1,771080,6.015248
9XpZcVRoZu0,im — IRIBIZI NA TLİYOR! >. # SN ji aN fa SİN,11,55,0,1,0,602481,6.237498
9ZSZRKPD3_A,"vi” tae iz a a si çı la te > k- 7 i i ks . N ea * N. yi | Di . vw Mb, SS Bi",23,102,1,0,0,2069973,9.384075
9dMSKvFMLm4,—N oR Gy Mavi?,4,15,0,0,1,203618,8.292426
9egXpK9cToE,Ça £ Os ra,3,13,0,0,0,207873,3.616029
9htA990fPJI,001 B j > | » U Y | | as af < pend! a — ~ ~~ ci ~~ © Ree i ) > m — yi ——\ ye lie © Mi İm m a Ge — vE. > <p,24,136,1,1,0,1282279,6.611933
9r2ZJhJ8zCE,valla 2 ul ica Ae pe TAM 56 YLDR ÇEKİYOR VE MUHTEMELEN HİÇ İZLEMEDİNİZ! A — —,20,83,1,1,0,1793079,6.531883
9t99oHOYVBw,"Dir SS N Sy ey KR < 45 2 SS ‘oS <2, Y r } q BUR Tİ | A | rağ ERESİN” e >",21,94,1,0,0,830044,5.966983
A0CF_8ttMqE,"i we CİA a mmm => ae! > vin, | HAVADAKİ G A",11,52,0,1,0,569276,6.223248
AA-fp-BLCa4,"İNSANLIK me il Ge Pi e ""AN YÜKSEK SESİ”",10,43,0,0,0,2043189,6.941148
ADNdyWcOrIU,VY Ç 2019'DA YÜKSELECEK 6 TEKNOLOJİK TREND,8,44,1,0,0,933963,5.812811
AFYR_0DQmlc,"Lf cht 7” =) | 2:d 4 l0 I HELE To BE o NOT at $ the Şi DUM, 17] da-DY,",20,80,1,0,0,331198,7.605024
AJNDOhrTBsg,2 2) DÜNYANIN EN POPÜLER EMOJİSİ,7,33,1,0,0,283051,4.40798
AKzPC88Y_aA,pe İNİ ‘en GE İNSAN,7,22,0,0,0,1103730,6.184777
ASSkTjEat9U,"Gok Amaçlı Sensör « Ay Pencere açıldı » ai EVİMİZİ NASİL gi A } : si Piiz » L! Aa 4) eli > e AKİLLNEN, 20 Be sam yor HALİNE GETİRDİK: Co) LP sy eaeeg Su Sizintisy Siren 4“ flareket ag Eas fh» Se as es Yaralar SE. \ Sensörü a 4 Lİ A ia 4 EV Til fea IH ZN",61,291,1,1,0,864218,5.877152
A_IMnGvaWtE,3 art a M arial 4 SENİN YAZI TİPİN NE? DÜNYANIN EN ÖNEMLİ FONTLARI w,18,74,1,0,1,618400,5.031518
AfJEHJxfHBM,"fy ek a) ğ a i it ‘i f fy .> Ap >> es, G NS",14,58,0,0,0,1102155,6.440737
AkULvwJRD6A,L ae W > PENGUENLER oi İNSANLARI GIB KONUSU YOR! N,11,54,0,1,0,1010082,6.051364
AlQWHW_anyg,TASARIM Pz IS DÜNYASINDA YARATICILIK,5,38,0,0,0,148452,3.623427
AplM0_vuwPo,"ye CLASSIFIED ee > AARVA b << ADI PROFESÖR, ALMAZ KEZ",9,61,0,0,0,1013955,8.102824
AqaDLptyOYs,6 (| 2% | Am © tune NOK olur mu a / Nea,9,46,1,0,0,933601,7.933033
AsZha-0jZbY,"C4 Premiere Pro F e di Dy roj He Source: birinci 00:00:00 Effect Controls 5 A Mixer: bi im: IMG_¢ aa birinci bölüm * IMG_6544.jp9 DM) Video Effects. A PREMIERE PRO EĞİTİMİ fe EE Motion % Position 960.0 540.0 © Scale 16.0 Scale width 1000 Uniform Scale © Rotation. 00 Anchor Point 1872.0 28080 > © Anti-flicker Filter 000 > Opacity > Time Remapping 00:00:00:24 Fit ip = A, 00:00:05:00 9 ED NE 24 v q t e <i > » oF ee # 00:00: = = birinei bölüm = Project: Foto Safari = Info Effects Foto Safarl.prpro} 26 items = 00:00:00:24 00:00 (00:00:05:00 (00:00:10:00 (00:00:15:0¢ [oF in: al = = = a Oe ry 2 a8 2 30 SELLERIN a6 -2 3 GR 48 54 KONUMLANDIRILMASI EE",139,739,1,0,0,24058,1.928096
AwL5uSm4hL8,Vİ een Zz ae FACEBOOK'U SİLELİM TT,9,38,0,0,0,2855190,6.838571
B-lic__ZFA4,UNİ “iff CAS 9 o — Ss SNS | KUZE DÜNYANIN KUTUPLARI NEDEN DEĞİŞİYOR?,14,76,1,0,1,1189375,6.071529
B0QcVWErLlM,O & iv BIZ SAMPIYONLARIZ! MOTH,5,33,0,1,0,524294,5.176131
B5AiB2ylq00,"-d DES EEE ENE ENE EEE 3 ..-P oF oe"" ee BU RESME BAKINCA NE GÖRÜYORSUN?",16,78,1,0,1,809190,5.819795
B8pJQqgNz-Y,— NN pp isi mi Sat faa yy Binom | Seay a ead SIÇRAYAN ÖRÜMCEK,13,72,0,0,0,515054,5.152794
BGvWVRT5pPY,"cy nw wi ewe De tol! i gü ve rr... — SS 4 \, in| wi,",14,66,1,1,0,422130,4.712257
BJ0a8n7FJr0,"; a =e)"" > HANGİSİ HAKLI?",5,27,0,0,1,1960012,7.237127
BN-yIQT6gq0,GELECEĞİN KISA TARİHİ 11 DAKİKADA 245 YIL a,11,45,1,0,0,5984110,7.648968
BNiLoPcYMVI,3. 1415926535897932384626433832795028841971693993751058209749445 923078164062862089986280348253421 170679821480865132823066470938 44609550582231725359408128481117450284102701938521105559644 6229489549303819644288109756659334461284756482337867831652 7120190914564856692346034861045432664821339360726024914127 3724587006606315588174881520920962829254091715364367892590 3600113305305488204665213841469519415116094330572703657595 9195309218611738193261179310511854807446237996274956735188575 2724891227938183011949129833673362440656643086021394946395224 73719070217986094370277053921717629317675238467481846766940513 2000568127 145263560827785771342757789609173637 1787214684409012 24953430146549585371050792279689258923542019956112129021960864 J 03441815981362977477130996051870721134999999837297804995105973 17328160963185950244594553469083026425223082533446850352619311 88171010003137838752886587533208381420617177669147303598253490 42875546873115956286388235378759375195778185778053217122680661 30019278766111959092164201989380952572010654858632788659361533 81827968230301952035301852968995773622599413891249721775283479 13151557485724245415069595082953311686172785588907509838175463 74649393192550604009277016711390098488240128583616035637076601 04710181942955596198946767837449448255379774726847104047534646 2080466842590694912933136770289891521047521620569660240580381 5019351125338243003558764024749647326391419927260426992279678 2354781636009341721641219924586315030286182974555706749838505 4945885869269956909272107975093029553211653449872027559602364 806654991198818347977535663698074265425278625518184175746728 909777727938000816470600161452491921732172147723501414419735 685481613611573525521334757418494684385233239073941433345477 6241686251898356948556209921922218427255025425688767179049460 1653466804988627232791786085784383827967976681454 1009538837863 a 609506800642251252051173929848960841284886269456042419652850222 106611863067442786220391949450471237137869609563643719172874677 3.1415926535897932384620433832 79,42,2064,1,0,0,4516278,7.078133
BO4EFUnpQ48,>. MERKEZİ'NE YOLCULUK,3,23,0,0,0,767449,5.664093
BPFVcPmootQ,d. | 117 YILDIR YANAN AMPUL,5,28,1,0,0,2806512,6.801057
BRK7SfjQzDk,— a a — Li aa pa a ilk; 1% e 4 mY rman canes f — ma! N an BÜYÜKLER NEDE (BE HEP ‘a,22,98,1,1,0,186312,5.945437
Bf5Ra6YzoAA,a yı” «> TAKIM OLAN MIKROROBOTLAR,5,35,0,0,0,191757,3.939561
BkURBcI6-o8,"Pres jere Pro File it Proje Cli nce lari Tit! wi dow Help (eri Sources (no clips) =e role Au wi adl Program: birinci bölüm vx 00: 05:00, 00;00; Bo 0;00;00;00 | 99:00:00:90 Fe = 12 KA 00:02:18:20 ET = = 7 c i Tw al ye <i Lame > A A 8 = Info effects Marke “= rine bölüm = pject: Foto Safari X| Media Browser Foto Safari prproj 25 items 09:90:00; tn: TAN * (00:00 00:00:05:00 00:00:10:00 00:00:15:00 00:00:20:00 00:00:25:00 00:00:30:00 00:00:35:00 00:00: es ‘Name [abel es ey [ame nate | va Logo ‘Adjustment Layer oa > Video 2 = NVL6S24.M0V. 25.00 fps a tL] MOV TE acity:Opacity MVE 6) LATMVI_6542,MOV IV] Opacity KR MVLL6S25.MOV. 25.00 fps SB v vide 5524 Mv fan ca mi be MU MVLES3L.MOV 25.00 fps isi > NVL6S33.MOV 25.00 fps MELİ MOV A net Mov iii V 6542. MOV [A] 1 NVL6S37.MOV 25.00 fps İl ve WEN MVILGSA2.MOV. 25.00 fps =| NEZ > actor momo & sis",199,947,1,1,0,18865,1.724188
BwKcz1fFXPQ,‘ne gil puke aa NASS IN? PIN Sy ( \ = NI la EN isi,12,62,0,0,1,377159,6.1909
BxRvTy52RaA,"—— Apnpıcı , on GB ir bE",5,28,0,0,0,1432118,7.342281
Bz9hG3GZzZU,ur a6.” 7 N A ey \ iy UÇURTMA AVCISI 1 aa HALIT HUSEYNİ,13,66,1,0,0,244296,4.214712
BzITvYw-vZ4,NORMAL BİLGİSAYAR: a. | 000004 T=) 00 YIL KUANTUM Rİ 1) A Kİ ba Dai 7. s Y NILNO?İ E ——INV av,24,106,1,0,1,572151,6.851337
BzKMSfnGquE,N HAYATIN SANAL GERÇEKLİĞİ,5,27,0,0,0,223754,4.105674
C0PEJ_neMN4,- s e — fe > ama me LA» he asli. a a ME Mb. ge m. —,14,65,0,0,0,204599,3.869891
C30IWWJP5uY,>< = 2 ANY Ti ili i] VE iit AY Ve EL “Sell ' q MUSTAFA BECIT HER SEY BEN YASARKEN 0 OLDU . MUSTAFA BECIT,22,121,1,0,0,66581,2.941867
C45dZM5rc3w,q ip > a e » ) GO.GEKIRDEK — » » ii KÜ N 4 #9 v 2 0 v 0 -* “ A RK” DİREN J FAL DIL Mİ =f İl | Bİ 4 ni ARI M7 NA —_—s (AnD ‘BO ÇEKİRDEK KOYARL,40,177,1,0,0,636453,5.809197
C5xQly4mhig,r= ZİNGİRİ,4,11,0,0,0,1324627,6.301596
C69OP_o2g-g,"yi, a Ss au A",5,17,0,0,0,370951,4.58296
C73183abxRc,iy MÜKEMMEL OLMAK İÇİN KAHVERENGİ ŞEKER YE MEYİN,11,51,0,0,0,784566,5.401857
C7T7IK3BWhg,HEYK BEYAZDIR?,2,15,0,0,1,1079974,6.02318
CD7TrhMXSXc,Sect Ze ay tiviN YAPAY GÜ İŞİ NES TEN ah KAT DAHA Si AK,15,60,0,0,0,3062210,7.50627
CFTs5EmWQDg,(İPİN Ter UY,5,14,0,0,0,1161469,6.521251
CMK0grd0RFA,© 0 Du. iy) # 9 Gi Me NEDEN HERKES FARKL ŞEKİLDE DAİRE ÇİZİYOR?,16,69,1,0,1,1070041,5.769618
CUL_i-cY6RI,4 same oe . © our =< — yak [ ape ALT <<. ee,8,55,1,0,0,1195801,6.870083
CcCbIKp3Pzc,BELEBEĞİN OTOMOBİLİ IMALI? * i di al) SNe ay. | = >,10,56,0,0,1,582408,5.830698
Cd6zPur3S0Y,‘Source: MVIL6555.MOV Tİ: et PREMİERE PRO EGİTİMİ Be A ii Lh » | ay (a Lg Zz » r= Jp” di — ig! SS 74 A'N 00:00:08:18 Fit =] (e) BH we A 00:00:07:16 00:00:00:00 Fit = we KA 00:00:03:05 = v t e <i » af = q t qe <i > > oF See = birinci bölüm » = Bin: MOV > ers PA Foto Safa rprojiMGV. 17 tems 00:00:00:00 ED (00:00:01:00 00:00:03:00 00:00:04:00 00:00:05:00 00:00:06:00. 00:0 tn: TAN 00:00:02:00 are. KN “2 “VİDEO DÜZENLENE 19 VID İŞ AKIŞI,116,507,1,1,0,39468,2.364663
CgESCTp0UqI,EU LU 5 fi} al iit UL ŞI VERDİM! “ > amma =,11,53,1,1,0,4840595,7.584733
CgXPnpvrGNM,YABANCI DİL ÖĞRENMENİN EN HIZLI YOLU: KO-KO TEKNİĞİ m KORKUSUZCA KONUŞ! 0,16,79,1,1,0,6915614,7.602214
CjnCe46J9ok,4 y- 4 İp f | BAL A yur | a g7 sün | nelen ie isl » CS >,16,70,1,0,0,766673,6.764254
CpMJBlnpDTU,i <= ça la 1900-2026 N > = me Sas hs) == ~ | e > e rooney Z Kuşağı,14,82,1,0,0,934837,8.511887
Cq33iTwbkic,BURGER a 7 a,4,14,1,0,0,1185466,6.362754
CuF6jZ1nTIg,. M.İ b 2g we ğe: vu 74 ea ™ 7 > Al (he a,13,53,1,0,0,212970,6.961587
CumRvmiN4Fg,"b | »* “e, * je İ We Acs İZ SAV % Zİ SS 2 7 ZON XG EZA Sİ EZ UR NE İZA Ae ae dez iS U ay az Si = — NZZ. UN > LİNEN LİN ZA SN 4; it ~ yl ye GS SUE S74 BI SSN 5 ah EN 1S İZ aS Tİ NEY Yl © As ZA Ss Loy N NU EW NY Mi 7. xy EO) ES i VI OZ SUV ESS V7] =) wy Gi Na ZAN wey NN Z 7; 131 is 15. ZE D7 > 27, Bs iyi dei > SL) << se 5, Se oie SS a ty wi",102,445,1,0,0,2299094,7.708252
Cw_BHJddTgw,Wi MN Ly p — 1) in | idi IN U — —— — aus BİR | 1a} Tİ | | IR Ly | TU ~ | | | hi | İ | | | | | l U Mg ante KL =e Lal i a,28,153,1,0,0,733451,6.443205
D4GHc3g6dFw,The yy) God dü ig “BABA” NEDEN,7,35,0,0,0,2219987,7.201597
D6hB82zC1PQ,—— ——— ) ] N / JAPONYA HAKKINDA İLGİNÇ BİLGİLER,9,53,0,0,0,1276967,5.813415
DCK_vzNoZ68,"“= am , ç NY 0 iF _ |",6,27,1,0,0,1012249,5.580581
DEcW4yJ0M1A,Pret re Pro Edi ject Sequence _ Marker dew Help. (6555.MOV PREMIERE PRO EĞİTİMİ JA gi YA İİ “We = Va if li. © Ny 00:00:08:18 Tr 74 Bi ye A. 00:00:07:16| 00:00:00:00 Fit ie A 00:00:03:05 9 oe > oF 7 q t fe |< > > oF eee Bin: MOV birinci bölüm Pa Foto Saf 17 tet 00:00:00:00 EE (00:00:05:00 00:00:10:00 00:00:15:00 00:00:20:00. (00:00:25:00 00:00 Lr ee. 9 v mn NAK MONİTÖRÜNDEN 13 KAY “ZAMAN ÇİZGİSİNE TAŞIMAK,112,462,1,0,0,32941,2.202341
DK1DtmPjnWw,= i CE 7 Aw wr Car ; HOLLYWOOD'A GİDEN S UNLUDEN 4 INGILIZC E OGRE NME TEKNİĞİ,18,87,1,0,0,1620738,6.239489
DOC7gTsyMxk,KS a att r uss ii) Pr me I J Terini gin Aisin lain Yi (est ig iy [elmo an fy lap HT bi | ng Tüy fl e Üy ll ip Mm dip 1 ll hon,36,152,1,0,0,635245,7.18458
DSDF5SXROUU,/ EN yy HA HARITAS! ş > Ne Ş ¥,7,35,0,1,0,780190,7.001531
De2-TMkxNSY,2020'YE GİRMEDEN ÖNCE — mi SUN BU VİDEOYU İlmi < m m >» MENS Xa Es a .,17,77,1,0,0,1227011,6.228479
DeLny1x-wZA,“Cesur i Yeni Dünya - g eALbous HUHLEY % | iş ~ ae \ ( N CESUR YENİ DUNYA di) dil EO yem nem ein (| ALDOUS HUXLEY,21,128,0,0,0,174260,3.816703
DghQPqsA4R8,ELON MUSKIN PROJESİ NEURALINK,4,30,0,0,0,2244626,6.769654
DmzRtjjtp8k,— | wo is ai - “HANGİ KAMERAYI KULLANIYORUM?,6,48,0,0,1,630157,5.332724
Du81IHS8gNU,taş Gi Ne ie y a ut sa hed 94 m mt Bhat Ce Bd fa? is) JPEG RESİM BOSYAS! = Tee ig. co i | il | ON. 36 pil izi,30,138,1,1,1,1280259,6.470748
E4Ttfob3_Bs,GÖLGELERİN GÜCÜ SILUETLER,4,26,0,0,0,197575,3.923058
EEXhEn1H5e0,"KÖRLEŞME Çevi, ML ELIAS CANETTI sil 4 AE 1 f (4) Ee » ace A hi gez (Vm a > KORLESME A>. +0 B ELIAS CANETTI",24,124,1,0,0,42164,2.475889
EMlNstwTHfU,DAHA ETKİLİ OGRENMEK IGIN NE . YAPMAK GEREK? ei 1 (o “a FEYNMAN TEKNİĞİ VE ÖTESİ,17,89,1,0,1,4084931,7.156133
ENwtC8LgPcw,= SS = Ş WE gh f = his SG Bart ' ÇA Ke > By Ss \ = 22 il) vi & OF ENER ri <> Ne Şan My i] TM li at! BITCOIN INSANLIK TARİHİNİN EN ÖNEMLİ İCADI OLABİLİR Mİ?,39,185,1,1,1,3287466,6.94353
ETMNrwwO4Mg,> İKY Fe 2 şi” MR oe y e” usa MAR S'A BU ARACI MI GÖNDERECEK?,16,67,1,0,1,735977,5.548006
EYlDo1Zdqwo,5 # ROKETİ = «4 © AY A CARPACAK! çı Ni ÇARPMA YER! NI > “HERIZSPRUNG KA — AMARTIE MOON a,16,101,1,2,0,756387,6.122126
EhY5dlV8N0Y,— am EVDEN N gi ve gi OGRENME VE ÇALIŞMAYI e ’ i(l LAYLAŞTIRAN Ig MOBIL UYGULAMA,16,89,0,0,0,1390345,6.398268
EmjViC8yPUY,FU 3.14409265509/93208462b430832/000208419716939987 0100020074 944692007816406286206998628034820842 00000132000 5b47093844609050082217203094081284£1 uğ 27 0İD0B02İ0 00006446229469049303819644288109706 G12847004820078 G7BSIGS271201909145648566923460948 1821300060726 02491412737245870066068100881/488102092 | 09628292040817f0004 wins OG 7B920903600I103083004882046602I 00414690194101160948 8007270360 709091903092 186117081932 117981091180480744623 7886 31880 70272489122 79381 Ba0II94912889 a673 Kal 166430660 2)49494630022 47379070 2179 6702384 674818 a BASAMAGINI: pote TI <BİLMEK.GEREK Leo} Tr.,53,627,1,0,0,1135986,6.553639
Es5aYB0n9vk,"id &, AN > & Ww wont",4,26,0,0,0,190192,3.925107
Es7EfSMiXmU,Va N o. ) \ pi YENİDEN KREATİF OLMAK İÇİN NE YAPMAK GEREK?,15,64,0,0,1,311145,4.503497
F-FX75lfxrU,EN YE iy a “i'l / ae NEN Ste 5 « be! 3 | YIL 1 : | SAVAŞ HİÇ BİTMEYECEK BİR HİKAYE,22,99,1,1,0,548863,4.95141
F6to3ClwEoI,NU KIC : we : HW He,5,24,0,0,0,759369,7.067205
F8BFSVjpRv8,ZN aly yf ie WF SİNEM TARİHİNİN” Keli EN İVİ MONOLOGLARI,16,62,0,0,0,471197,5.986363
FL0CMvwXPlM,ii J = = vi A LZ NE GODGLE'IN YENİ LOGOSU SEVDİNİZ Mİ? YOKSA NEFRET Mİ ETTİNİZ?,19,86,0,0,2,362894,4.518531
FMsiO6zW23I,":00:08: ___—_ PREMIERE PRO EĞİTİMİ < as Sağ Zİ av 6533.) al, NE MAN ÇİZGİSİNDE KLİPLERİ TAŞIMAK VE TAKAS ETMEK",27,118,1,0,0,29113,2.093238
FQNmm_BbnsQ,"dy) = ) VON i fil; IMI Hill 7 Ni \ \ Le; i DEBİLİ, WE fl \S 4 / yl m N e QZ N Zz, US) IU HUYALAR ij |",27,131,1,0,0,3770126,7.422312
FUH7m6tHgm0,"> 2) = pl). TR ay ss i WNW ee ys i A ( ""eens Viv“ ina » a"" > > gg. TN q VA an vi We ar a > 4 N 4 $ -——— İd gi DA e » = | (4 a # he freA y N ve Op ça DI META OEMETA",44,209,1,0,0,983780,6.392908
FfW2yyxBHpg,ge. (= war i mm ¥ i Thy: —— ——— 3. ROKETE NE OLDU?,10,59,1,0,1,1668006,6.285021
FgSAUJ1xZJ8,MATRIXTEN 9 KOMPOZİSYON KURALI DAHA İYİ FOTOĞRAF ÇEKMEK İÇİN DAHA İYİ FİLM İZLEYİN,21,83,1,0,0,902690,5.412861
FgorLc4K2eA,LU ae lale = Gee 2 İla A 1:8 ie n> ir ei a do ya Kron fer fythagoras’ theorem Whore Bea (aes ci’) he ea (2 dı -1 —w ix ey Dots TA py SR C a if << İ sml BD MR ~ A a] yo W ES ji a I hed KIMDI BU,55,233,1,0,0,6235861,7.61461
FkeoWwX5IQM,————ş Tm Vi e“ İğ fe { © BU DA Ml ob,11,42,0,0,0,262746,6.625199
FkpG_We-G9g,DJ \ | © PLÜTON VE SONRASI 248 YIL SONRA NEREDE OLACAĞIZ? —,9,65,1,0,1,625537,5.044631
Fns44jjZ-sk,~~ 2016'DA ZİNCİRE EKLENEN YENİ HALKALAR,7,41,1,0,0,261394,4.317586
Fuv59BhKf_Q,m STRESLE BAŞA ÇAKAN EN İYİ YOLU,8,33,0,0,0,3033514,6.746927
FvaBCK_yf3Q,"edi —— ieee — 2 ||! i io : my os >"" ATE yg # da [he |= = Zamanda + puluk — öz m.",15,97,1,1,0,1588128,6.983259
Fwfdt3n13JY,Artemis IMA ya Gidiyor 1. GUN OZETI,7,36,1,0,0,84028,6.413293
G-B6rfqGD_s,"Co ÇE | oo ody Lesh La, J tsi sg —, E all, yp — İ AA. il LF yy bs) —_ PİJAMAYLA ÇALIŞMAK #BASKABRSEY",23,113,0,0,0,483946,4.838994
G16TpbnSpFw,"İK DR RN a A & oh SHSM) # a Min K Yi ii ai i Ve Hl viii w Ki İLİ U 7 \\ \\\ MAK \ 4 e 7 NN i i] Leah OY DO SS tbe HIVES, a i eg 2 > 5 SBRRE, ERB DREEP: RRRRARARİR RERBİRRERR rare | | SS aan = moe = eee Sa, at ee. a? Sp ep Gp ah ep FTE TS 14 EL TEZ aly a © DU Ze liney Kore = —HanNehri Mucizesi",76,363,1,0,1,1024545,6.042385
G5Wqv-7c42A,al 4 Ss mises s BILMEK... i NE İŞİMİZE YARAYACAK?,13,52,1,0,1,1053157,6.783372
G89XRGQVm3o,DÜNYANIN EN ÇOK ANİMASYONU YAPILAN — KARAKTERİ,7,51,0,0,0,425703,4.850549
G8kxCWm2XAo,va ‘ee di“ KİKİLER W « e © >“ + ® A’ A DU ZE) of o St Oar çe ~~ wef of,19,85,0,0,0,638670,6.199825
GDezonq3wC0,ia ge > Di || a | | çi || Lİ | | 1,7,46,1,0,0,534671,6.01179
GL6Qb76-hfc,"A c~, SOLUK MAVİ NOKTA",5,24,0,0,0,481647,4.910919
GPVNITEDK3w,wd aş banka” Bir Br adh Le hk — > İSTANBUL BİR MASALDI MARIO LEVİ,15,71,0,0,0,32007,2.238218
GQEKkTug1Zk,"4, ‘oe ba yi aM, “. Pune oe ie . İÇİN ee dl { IN KU ail GER",17,74,1,0,0,280252,5.903691
GRLkwMIyDDA,7 ŞUBAT CUMARTESİ 2) 29 SUB TARİHİNDE a,10,44,1,0,0,2008751,6.745245
GVzLvceMC1I,"m, I BİR FİNCAN KAHVE DAHA",8,27,0,0,0,1067994,5.847933
GW3MMtJMeq4,NE meta — GİZLİ BOŞLUK AMİN EN NE VAR? £,10,45,0,0,1,8174309,8.699964
GhfdQWe54-o,# —— HER NEDEN UZAYLILARLA KARŞILAŞMADIĞIMIZI AÇIKLAYAN 17 HİPOTEZ,8,69,1,0,0,5967044,7.504582
H7ygo0GMsik,a YAKINDA iP İ by . si Te e end ay zekayla İmasıni?,13,60,0,0,1,709403,6.812704
HCDXEtaK52g,- m Lai “7 © ’ sa PİNİ 74 KARANLIK YÜZÜ,9,45,1,0,0,1590289,7.094869
HDLBSElbMOA,PENTAGON'UN DOĞRULADIĞ Ne UFO GS Ri AŞA LU GÖRÜNTÜLERİ,9,60,0,0,0,3649334,7.277146
HDQSTz2MmqU,"Premiere Pro. Edit Project Clip Sequence Marker Title Window — Help. E Media Browser * MOV y B Hari HD View as: Fille Directory > BM ADOBE — PREMIERE PRO EĞİTİMİ > imav > fim DEPO. y fm ecm eS > fim 2010-04-23 Safranb. = | Litt. — Sate ee — > it 2010-05-06 Eminon, 2012-06-25 Foto Sa MVLLGS24.MOV. Ese} MVLLES25.MOV. 720 MVLES3L.MOV. 15:22 MVL_6533.MOV MvL_6537.Mov 821 MVLESAZ.MOV. 1722 fm cr2 fm mov | M PP TH , ae 4 Tee fw > fim Movies es) oy > fim TV sHOWS ‘MVL6545.MOV 512 MVL_6546.MOV 733 MVLL6S47.MOV. 9:07 MVL6550.MOV 4:13 MVL_6551.MOV 9:05 MVL_6552.MOV. 822 > B Macintosh HD ees iy = Zod 3 ms wh eet > Şa pepe ae * | ii ee = ‘a MVL_6554.MOV 29:17 MVL6555.MOV 1117 MVL_6557.MOV 2:00 MVL6558.MOV 6:02 MVL_6559.MOV 9:23 LZEMELERİ PREMIERE PRO g MA IGINE AKTARMAK",153,862,1,0,0,94017,3.176577
HFE6qJjY1u4,ODAKLANMAK | GC) 0 NUM TEKNİKLERİ! GORNELL METODU id,9,58,1,1,0,799842,5.939888
HGpWJRvzVDA,[a an 'N ‘ire ig. | MM 2M ay © Gi MOM öy 7 /VILDA NASI DEĞİŞTİM? DEO! > ee if,20,87,1,1,1,1472541,6.839025
HLmbb3pGBHY,yeis UN § YAPRAKLI GÜL DESENİ?,5,32,0,0,1,206133,5.544395
HStCv8ixyWg,dg 'N : Sy,3,13,0,0,0,3864053,7.205902
HTFTvfin5Es,"ad Se > We. ee YÜRÜYELİM = ea) > ARKADAŞLARIMA, Bee",9,58,0,0,0,559747,5.357648
HVpl3doIAPs,hey ğı TUGUNDA Sa ANAN â Sy,7,32,0,0,0,2161851,7.192121
IMoIXK7xpi4,= A £ Sty a | Mie xf mi. de. SA O Se ons cain | mi) \ = J as ya 4 By YANIN EN YALNIZ INSANI | Wag ri! YAA Va j ğ di * / A W Fey,32,155,1,1,0,1833199,6.815289
INnAYTwubeo,a fen memeli lm | Ea ee sa aa Agta Sain ps he sae SY ili EZ i ad <1. f Sa Boe ge = Bie. hs NSS Dent? SS ae Seo AYNI ANDA KAÇ İŞE BİRDEN ODAKLANABILIRSINiZ?,38,168,1,0,2,746901,5.30691
Il42qK7_dGc,"Zal fs |4-] ih Sl DERİN NEFES ALMA ŞE MR, GL | | TEKNİĞİ |",14,61,1,0,0,874574,5.867506
InhONwjflFE,a Ep “dl SHE ANDOK ANALAR NI ARIYORUZ!,8,43,0,1,0,506144,5.158949
IpiTc4jaMP0,"Le 7 | / 0 Mee, f AZANO! ALIŞKANLI J vü > 4.",10,53,1,1,0,667849,5.773367
Iwg8yMGymv4,klar WI GN. As CI = vw — OA FE cs xx Si =) BY s | gi 7),15,72,1,0,0,285490,4.324926
J1UWh5tVuww,0006000000000 ATILIR U Ww | i a» iwi SE | Ss A NG BEB Lİ 0099009990990,14,82,1,0,0,10937470,8.334728
J5dvyUycR3s,"FERİDÜDDİN ATTAR Mantıkwt-Tayr (Kuş Dili) Abdulkadir Sarıkamış 4 ky Nİ ay EN \ Ves NE, 9 => KS i }",20,113,1,0,0,87985,3.185963
J6RddtseuKk,"ax ~W “5 Me Ht LE VI! Sf a ee o Mi Cala i AYDI «& Say Mİ ny, av ABİ ""ae, a",22,95,1,1,0,296884,6.184794
J6RswCBkcZ8,,0,0,0,0,0,3121010,7.806515
JA8_UMRMll4,wr Va > UN EH?,4,16,0,0,1,1559292,6.836056
JClap8zgC4E,a İN & (0 | >” A ÇOK ÇALIŞMAK MI? DERİN ÇALIŞMAK MI?,12,56,1,0,2,1589009,6.185084
JECMFu33Ebc,YANARTAŞ 2 MEHMET DOGAN,4,25,1,0,0,34154,2.297829
JHCua49CYxs,100r e 010 Xd or v < eres: a EN ia 0) gri KUANTUM BİLGİSAYAR KU LLANMAYA HAZIR M SN?,21,97,1,0,1,795876,5.360797
JHwyNYNjEGg,| N | w Lİ rai | sapece 200 YILDA \,7,42,1,0,0,380655,7.357225
JOKlN9axzDA,"» » » Glee la ae ecirmeKd her yaşa Uyeu ""97 WEB SİTESİ",11,61,1,0,0,1759652,6.624903
JTw3usk_K7E,» Se AR Ss: ad ol NoZORE NLDu: alias ») Lo” ei > hie oe a =i a “at izi > eği # A,19,102,0,0,0,755169,6.630264
JUjm4vSlw6s,la! kı i a MONTE CARL VANILBISI?,7,37,0,1,1,423128,6.380656
JWcr4TwcupA,ARE THEY HER si oo = Ji ter YAL ARRIVAL - BU DÜNYAYA NEDEN GELDİLER?,14,73,0,0,1,1407799,6.008378
JdbpT7tWvpY,Aa. a Be Ome YER ALTINDA,6,26,0,0,0,1095976,6.921576
JmMBZruthxQ,a rastgele sorular,3,19,0,0,0,1739217,6.520316
JpM81ae2PbI,Jet ee == | « Glass | ayi KIER Mİ ion,7,40,0,0,0,1383872,6.413621
JqumdJdv8yI,a gs” DAHA İYİ ÖĞRENMEK İÇİN S.0.DT.İ TEKNİĞİ,15,46,1,0,0,1982914,6.342179
JyEPcNUN1jI,te | 7 Gg >. NEZ YA / GELECEGE HOSGELDINIZ 21 EKIM 2015 - 04:29 PM,13,74,1,0,0,386231,4.591393
K3iFTE795o0,"¥ k Tl değiştirmek İstiyorsun... erie 58 | a a 2. Me tS e Bb, 2 3 a + Qs = *S >” vr a",21,97,1,0,0,306080,5.731103
KCJDriDjktE,lu “ee Sir .. Ke ee ii KULLANARAK AMR TA ARLADIK! ARABASI e = 2 ©,13,78,1,1,0,713369,5.617742
KDPt6JglMH0,Sean eS = > fi \ \\ Vane) a0: “902,6,40,1,0,0,437182,4.61962
KKZa2NYzMHo,A > TEL XC Dy Z | A NEAL I ZI,9,32,0,0,0,489773,6.639976
KW0yOEw2UqY,,0,0,0,0,0,4903589,7.492514
KXcgiR05Eu8,"adel a tah PAY Ce Be? A i SA) Fe \ İd a faced > AN DA BARISOZCAN'LA >. ¥ 2 m } , Vi ei > ie W5 Nee Bees İN de Dd a> — ea, ys Vw ay iv ge a BUNU OKULDA ÖĞRETMEYECEKLER",40,206,1,0,1,772406,5.566465
KZMIPDJSXRw,"A DWviTAL DÜNYADA “ADINI HİC DUYMADIĞINIZ ÖNEMLİ KİŞ be,",11,60,0,0,0,290953,6.199443
KbZoGw7VP5M,el feiole aca k gimdi? ] N FEJSEBİ 2,8,40,1,0,1,1527825,7.895848
L0LxnjQnCDE,N a: A Sg ZB A VR V) > i} Dik ll bl za A’MAK-I HAYAL at = FİLİBELİ AHMED HİLMİ,23,92,0,0,0,125000,3.512341
L9ETeZ4rb9I,"A eae, i< aA \ vw mii sq | N",8,37,0,0,0,317763,5.336299
LEh2PA_I7cQ,a ila e) EE» KEPİMİZİN İHTİYAÇ DUYDUĞU BİR YETENEK,15,53,0,0,0,2140741,6.553227
LGCZCo-rgu4,A Bx U poe ef iğ BARIŞ ÖZCAN & ŞANIŞER,9,42,0,0,0,6602398,7.673976
LRHIYT9ljdM,: 000 FEET : 169 METRE WASHINGTON. ANITI om | MARTIN LUTHER KING'IN HAYALINE KIMIN IHTIYACI VAR,14,100,1,0,0,253851,4.347104
LTJ7bgj8IS8,“yil ğe Te MN WI N N Na xX 4p LAST N OF US,14,54,1,0,0,2317619,7.48189
LV-BB-bUi88,sesleri görebilen insanlar. SİNESİEZİ,6,38,0,0,0,664646,8.208785
LW-myQJceTE,CESUR YENI DÜNYA >. al a == a A.,7,38,0,0,0,622255,6.395799
LYoJnCpRswo,— j — A YA,3,15,0,0,0,750752,7.949454
L_Gqpg0q1xs,"= ar 5 wi may Ha! iit Nasi Avil Mie mie “Yt i INI AIK GİMNASTIK MİLL TKI i lay HİKAYESİ,",23,101,1,1,0,380197,5.219051
L_aGUgy6yl4,eee en > — & WED NG et rit Lani FM nn DAHA İYİ?,12,57,0,0,1,386002,5.981639
LfWHbFgpS5M,yüsukile zileyha kalbin üzerinde titreyen hüzün ye * } uy. dm a YU SUF LE ZÜLEYHA |) # NAZAN BEKİROĞLU,17,112,0,0,0,151672,3.752648
LmXyR0Qhg_A,mii iz © 3 & ye \ i <p |) KA 4 oy b Mz GEMİ WED I} İİ I y fe Be,20,80,1,0,0,1415291,7.338036
Lmw0NZsRza0,Gi İ yz # ZY DA Pros eure Böğenyez Tı \) SUNUN ” YAŞ AINABİLİR Mİ?,15,77,0,0,1,2271753,6.927287
LoxRCb95-Gs,\ \ GERCEK JENERIK [ 90 SANİYEDE ANLATILAN HİKAYE,8,53,1,0,0,163868,3.724277
Lw-xYNf1AUk,vi k ) SN Lİ ;4 WN N N Si | 4 Se 2 YENİDEN DÜŞÜN,15,62,1,0,0,788924,5.29442
LxlUrSjRm4s,<S a Se © * PROBLEM A > adi (7311163N63,7,47,1,0,0,2535277,7.970793
LznUphXBnIQ,\ a “e BU ASTEROITI = --« DEGERI Lİ villi VU b> we,10,59,0,0,0,617116,6.374171
M9xiMdGRDsg,mİ = =~ Ni IN a? Ne NG & 57 tr ed | e e N adi pi Ly ez af > EL INDE! NIAGARASELAL DUS EN,22,112,1,1,1,2310745,6.809552
MGZ1e7pa2Es,——— ” 7 j > . Vi fo 7 ND EDEN ‘ PNERGEKIMIT TREN,9,55,1,0,0,1582868,6.658274
MO5aRpDYIfE,7 aki Say sy AE et Ss NC a Aye my aS SR İKİ AYDA İKİ YIL TATİL YAPMIŞ GİBİ YAPMAK,25,93,1,0,0,403419,4.803439
MOYsM_Qbrqc,"wa â a Fİ . e ağ |B) J i I, as GLUBHOUSEGICGINLIG! *",12,62,0,1,0,1406323,6.547072
MPIhUigAf9c,nat ae Se - = ono i ai i :,7,29,0,0,0,467485,6.550769
MWdQoLkiB2A,Miteis 1 Ay Geçişi 6.GUN ÖZETİ,7,31,1,0,0,104776,6.655593
MXyRDI87L3Y,"mn oe agi N MAI Wi lL: PE Hİ GENNET, PE Tİ a a= ae, | wy =",16,69,0,0,0,739216,6.39538
MdMDS31Mul4,"a > AN SAN Pr SİG, a 19) A YE e a N 5 pA! ey iy N ao EX MACHINA Leg GY: MAKİNELER DÜŞÜNEBİLİR Mİ?",29,118,1,1,1,398317,4.586743
MfRXdjOznRQ,"= .... My m sener bn ağ, § 7 ais DUNYANIN ILK YAPAY ZEKA TV SUNUCUSU",13,74,1,0,0,1483128,6.260369
N1daEmVOdvU,N a —_ 7 İl r.,7,17,1,0,0,238594,6.348788
N31AVgz21c4,A a ae . Va Pg SAKIN BEYAZ AYI DÜŞÜNME!,9,45,0,1,0,1656059,6.369403
N4m_xt4vFwY,BOYLE -.. Ta. BIR 2 ~~ \ İNSAN YOK! SM an \,9,52,1,1,0,2291176,6.79832
N5WFrGnRtmE,TAI =— == Çİ e pi) YENİ BIR. RAGLA AM YOLA,9,50,0,0,0,947424,6.254638
NJXURWmrFgM,Hin nn Sa | rt ¥,4,19,0,0,0,1302942,6.39107
NSZ2AHJ-odE,"LS mmm m ——— m mn m sa ——————_— ——_—— ———— A, — —— 6 YAŞINDAKİ OĞLUMLA 10 AVDA 1000 KİTAP OKUDUK!",19,107,1,1,0,5469127,7.440257
NTG7NZgQals,"CT, & al İLE) — 5",5,22,1,0,0,491924,5.067132
N_YiiG5a3XA,ce) TÜRKİYE ADINDAKİ BÜYÜK İNSAN,7,33,0,0,0,422355,4.749994
Nb5zI1_sbL0,Ses OKYANUS TABANINDA — KEŞFEDİLDİ! KARANLIK OKSİJEN” Dhoie 4 =< = aN,11,76,1,1,0,2111959,7.977298
NdP3Wt7bAEw,oe GELECEĞİN MÜZİĞİNİ GEÇMİŞİN GÖZLERİNDE GÖRMEK,12,49,0,0,0,116900,3.415219
NgAQ6syyMfI,m ' 94: mex vo Peo g AR be — © cm > <a ©) SS % 11 > ÖN VA Lİ Th ( omen (/ i A | A hi LS © A | nı ik a e,27,136,1,0,0,754741,8.261389
NgsM4mRc5uk,VEN ANTARKTİKA'YA GİTMEK YASAK MI?,7,35,0,0,1,4857489,7.355902
Nh9_VA21CXc,EN dl) se EN İYİSİ diş J y. N | m > U ma PART ST We Ğİ SN,19,68,0,0,0,932942,6.948003
NzwCFn2VQFM,po e >” Ki *s ~ —* le’ WS % “G dl va EN 7 A. AN ln Ye > 35 BİR ANADOLU SÜPER KAHRAMAN,21,103,1,0,0,516917,5.191169
O04_SXPuIv4,ASA N ~ ey SS KEW >” vy agi vü EOS » nn « dl. DKIADA pey IN,14,72,0,0,0,1724658,7.606433
O0vmk2YvApk,"DSILLER E DOL GEÇİRDİK wv. ,",7,31,0,0,0,746339,5.740847
O3Xde6lnWqw,— a (e e L a aX ~ ey > GELECEKTE HANGİ MESLEĞİ SEÇMELİYİM?,13,66,0,0,1,2138694,6.41369
O5xG_ocTzBw,FRANCES McDORMAND NOMADLAND THIS IS THE M VIE WE NEED RIGHT NOW OY Nap wey MINARI 2 a <9 Nisa. Mi... bss. 1 HANGİ! FILM AMAL? 4) DE OSCAR Te ep ee,32,159,1,1,1,463404,5.47855
OJqfEiJh2fU,#7 ğe GS NG EN İYİ TATİL NASI YAPILIR ÖNEMLİ OLAN VARMAK DEĞİL YOLDA OLMA,18,78,1,0,0,122195,3.442859
OJx72Wjiyds,“ SGAR #CreatorsforChange,2,27,0,0,0,143721,3.809777
ONiFrZYI5ng,> a PPT. WHATSA 7) SİLELİ 1,7,33,1,0,0,2139678,6.955924
ORePRFaKQZk,"eds) ENAKISANGUN» ul, | DÜNYANIN HIZI GELİYOR! | DEĞİŞİMİN dc “lu ai)",14,75,0,1,0,454184,7.020798
OYezQ0bfQLk,"==) —— = LIDIOTIE QUOTIDIENNE|= = 15 ; Nisan 1 1888 if OLUM TACIRI öLDü: Le Dolor sit Commodo et amet, ligula marchand egetdolor. de Ja mort consectetuer Aenean m 7) >) adipiscing cum est mort. Le elit. Aencan massa. Dr. Alfred commodo ligula sociis natogue Sel Nobel, qui eget dolor. Aenean dis parturient fenatibus ef magni by massa. Cum sociis montes, nascetur fit fortune natogue penatibus et dis ridiculus mus en trouvant magnis Donee quam, felis, parturient montes, nascetur. ridiculus ultricies nec Nigh My İm le moyen de ‘mus, Donec quam. pellentesque eu. ays tuer plus de felis, ultricies. nee. pretiim quis, si personnes pellentesque cv. Nulla consequat massa quis enim. pretium quis, sem, Donec! pede jiusto, ae Nulla consequat fringlla vel, aligdet ‘ail £e -",121,839,1,1,0,717773,6.004823
OdgyYhCn0O0,Si © a e“ I aN. BENİ UÇABİLDİĞİNE İNANDIR!,12,47,0,1,0,427971,4.737077
OeKfSosXsuU,Ze al * ~= b N *. | | p LOODL Dİ | 4 KE BU TASARIMLARI İNSAN MI YAPTI YOKSA YAPAY ZEKA MI?,19,101,1,0,1,502275,5.067953
OegB_0J5Ac8,"GÜNDE ARDA \ ibe NC UK i) STRATEJİSİ,",8,42,0,0,0,805147,5.707788
Ot0vYkRT1Mg,ety YEDIN Nel KITA PASİFİK İKOKYANISI NDA,10,43,0,0,0,2925019,7.053307
OtiI_iP-ypc,(¢ # lA ~ YILDIZLAR ARASINDA 20 YIL,5,39,1,0,0,589329,5.092067
Ovwn1m12Soc,ait MAVİ HAP MI? KIRMIZI HAP MI? YAPMAK ZORUNDA OLDUĞUMUZ SEÇİMLER,12,68,0,0,2,306475,4.365227
P5de69124g0,aa ii > 4 OLASI şan ELT iw},7,32,1,0,0,1156146,6.282298
P8dBfxoDWMU,MAN Bİ HANILGİ MI? © De» ri — e,7,34,0,0,1,959284,6.7381
P9Ya-AJvApc,Lin _— e ue unl NG EU te e) gn ağ | Va SA KASIMDA ROMAN YAZMAK BAŞKADIR NANOWRIMO.ORG ROMAN YAZMA ETKİNLİĞİ,24,122,0,0,0,109872,3.360432
PFlQAO54VXw,| aby oy 1 MILYON ABONEYE 1 MILYON TESEKKUR!,8,47,1,1,0,428926,4.918367
PIKh7fpyqAY,"ary nd mii = W EF \ es ae a, İS p % ao \? Artemis Aya fi © 4.GUN",17,81,1,0,1,97649,6.570556
PTiHbsCuN-4,Aa a eS Sİ e NN ee <7 IŞMANLIĞI Sa si A » iz OLE ey — > Â öy ‘Ss = yz #,19,93,1,0,0,753259,7.27519
Pa1uwQHegSA,ae yy pe 7 KELİME KAVANOZU,7,29,1,0,0,962653,5.609518
Pn4kPaqGcEA,> am ley Aw DIJITAL VÜCUT DİLİNİN,9,36,0,0,0,336067,5.233209
PxuNT2Zdvlw,0 a % CAMLARIN ICINDEN ' DUITAL DUNYAYA YOLCULUK,7,52,1,0,0,201877,3.979242
Q8hqyfbec9Q,5) <EE- “. TEK Mİ? ÇİFT Mİ? p 8 59 10 11 | 12 pie 14 se i P 20 ZAMAN YÖNETİMİ TEKNİĞİ,24,95,1,0,2,963090,5.480803
Q9EOXkEdqGQ,ye Zee YALAR ee,4,18,0,0,0,494618,5.705133
QFdiMyC5NBA,"bilmezsiniz ama arda Yar a ğ, Vb ÇA pe AŞ Ven 7 m BABALAR n ĞLAR SİNAN YAĞMUR",19,89,1,0,0,55157,2.762483
QLGpyP0SHu8,DÜNYANIN EN ÜNLÜ TABLOSU LEONARDO DA VINCI'NİN MONA LISA'S!,10,60,0,1,0,1178584,5.699431
QMaEk1UoaL0,= Se Sw <> e RKEZDEKI ee e“ ae çi ELİK A fa * ; a ee 4 ae edt = A Pp on” da G7 wf Sie DÜ NYA m,27,123,1,0,0,1402721,6.801955
QQNPlMDLkYo,vam TEKNOLOJİ BİZİ ÖLÜMSÜZLEŞTİRECEK Mİ?,7,41,0,0,1,542986,5.111029
QSNXDWZihLE,<< ~ * ve >? Ks SBA ‘Be. es,5,32,0,0,1,405251,6.566281
Q_Q-7bXKzmw,ao iŞ GORUSMESINDE SORUL AİLECEK EN İLGİNÇ 11 SORU 4,13,55,1,0,0,1357554,5.856355
QbjEbUomUMQ,dü vi ovine — “SORE “ Bİ GINIZ İZUFO FLULERAIER DEGIL!,10,60,0,1,0,533863,5.923746
QhfmSaTjyok,‘ ~~ > I M ARs HELİKOPTERİ,5,30,0,0,0,708549,5.894565
QpVMwU70OwI,"i ( PIANO i U KIM . © UR? “) Li + , AN M4 WE MESTWORLD' ÜN FELSEFESİ",13,79,1,0,1,907854,5.70421
QsoIN-SkBVE,çi SGA GROW Y #CreatorsforChange,5,36,0,0,0,83893,3.288007
Qt24I5cyClE,"CAT. C a SIRE: | gag ga Ke Ch gayi, EER ERE Mai an =) y jane, me KALEM KLAVYEDEN KESKİNDİR",21,108,0,0,0,221671,4.034258
Qv8LnK8RsxQ,( Vi ~) BOR Lie > Fe pa 10 NİSAN'DA NE AÇIKLANACAK? i,11,60,1,0,1,1147446,6.055871
QzhnczDfR0s,a. un . “ | FA La ) | i pie D) y ae MI OLDU? Ar m Ki — s ™ =e,16,79,0,0,1,1269526,6.21702
R6mR5uf4fHI,"@__ Premiere Pro Edi Project Clip Sequence Marker itle Window — Help. dy GA — ‘Source: MVIL6558.MOV Tr) Effect ols cer: birinci bölüm iri PREMİERE PRO EGİTİMİ e eyi 00:00:03:22 re Br 12 = A 00:00:01:23 00:00:00:10 Fie = 12 Mi A 00:00:18:17 - | | <i > 7 <I > » Aa km i te oF + 4 i Te oF birinci balm ~ = = Bin: MOV = Info as varkers Foto Safari prpro)\ MOV 17 tems - aie 00:00:00:10 00:00 00:00:05:00 (00:00:10:00 (00:00:15:0t 3 tn: TAN = Be vy 6 at = +. et a as =) 2 5 ca) e) a8 = Bs ‘MVL65S9.MOV 912: MVL6558.MOV 123 sa » Video 3 vi 6s59.MOV (V) 24 e sa > Video 2 _6558.MC 27, = Rs fq Video 1 İML SS55.MOV İV) Opacity:Opacity~) İMVLŞ525.MOV)| MVi6s3/ MV MV 6546 MOV İV) Opacity.Opaci 0 RA il aw a si A 3 ico e. fall ave öl 25. MOV || MVL653) MV. 65SS.M 65. OVA) 36 39 42 45, EO VE SES > s1 0 VID > «1 “KANALLARINI YÖNETMEK 55 ick in empty space and drag to marquee select. Use Shift, Opt, and Cmd for other options.",212,1038,1,0,0,31090,2.151069
RETvChSmUpk,roi yar +) 7 sino pRULOU!,5,30,1,1,0,517857,5.508022
RFibAz6hLrs,gi il SGAR CROW #CreatorsforChange,5,37,0,0,0,86657,3.318935
RGx-_WHcTYI,“ CALISIVORUM fey W * w0İYÜRv HI,6,36,1,0,0,616976,6.797012
RHOg3FA9UwU,deni ©? my Ne Whe. TEK İSTEDİĞİM BUNUN GİBİ BİR ŞEV FARKLI BİR MOTİVASYON VİDEOSU go,23,91,0,0,1,2821145,6.773251
RNbf0RnrSqw,FIRAT fi I I] ZEN KAYIKLAR SE aa vid e. ¥ a © > | . > As -t ij FARIMQUAKE REM A TURKIYE,18,101,0,0,0,109481,4.53344
ROei7BGrqCk,00e | 006 6000 EI To ü 096 y APPLE WATCH ALALIM Ml? ALMAYALIM MI?,14,73,1,0,2,607126,5.008121
RSCMeeApEpc,Yel BİR PROJE di AN N SGA) EĞ KORKULUK,10,44,0,0,0,264242,4.407703
RYxfSkSyeeU,Komedi dizilerinden kahkaha efektini SN 4 çıkartırsak ne kalır? ww” MU \e Wa wt SE,15,91,1,0,1,3031032,7.184508
RdYQdyL6t48,= e | & @ = G7 Sg PALYACOLARDAN NEDEN KORKA 2?,7,51,1,0,1,2003799,6.325049
RebmTZ1AuvM,"— — — a ir, way -\ = or SG o South Pole ANTARCTICA 2 4 A BULUNDU MASA SEKLINDE",15,92,1,0,0,2120498,6.61133
RrBOYrxVQzk,a | ) > i N VINE Yl | TAN GELDİ DEGEK MARS ça j MARS'A GI leri av Vi a,17,87,0,0,0,771862,5.85732
RtfUtBsZyxU,= me v a” 7 / Veni Google! end ni? —— Ss,9,46,1,1,1,1179515,7.862902
S7sbw097l3E,X \ ee “© he Cf >. YAPAY ZEKA OYUNCAK AYILAR re Sd ay “ISI BOYLE HAYAL ETTİ ETN,16,91,0,0,0,643502,6.003779
S9g695PPlJ0,B j ALMAN TANK PRO ~ = — > SAM 1 a Ne af »,10,54,1,0,0,857077,6.613371
SKP92Jtr3cQ,"| TÜRKİYE'NİN OTOMOBİLİ A U w P G4 oy = i fa sp =e RS <0 <A İm HAKKINDAKİ DÜŞÜNCE, Sad",23,100,1,0,0,2985962,7.115834
SSaPNS7WoA0,VV NV Ly v soyle GN « TUN G —— | iH İN A Mİ yansa YYAYYAYY Nİ lll I | sa Ma GÖĞÜ DELEN ADAM al 4 j Ee | ERICH SCHEURMANN,29,144,1,0,0,70704,3.006845
SYmqNQUzueo,Fibs D y a Nİ a | | | at SS YE act e Ty Sr —— -. a = Se,15,70,0,0,0,509630,6.458397
SeTVL2V369s,SETH GODİN'E SORDUM | a \ Wi fe iil vE Wi / IKARUS BIZI NEDEN ALDATTI?,14,78,0,0,1,190902,4.045927
ShWyggEYMrM,72 © > is @ @ EA A 2 —— Zs gz CAN —— ÇA A > Vw axe ONA e Na cas) == 6 GİTARIM USULCA AGLARKEN,21,117,1,0,0,443918,4.867599
SvoFQ-x898U,", . “ee 7 ~ > “e GOOGLESTADIA OYUN KONSOLLARINI 4 / BİTİRECEK M",11,72,1,0,0,749633,5.627715
T09cIhkBnBA,us İk a» SGAR GROW #CreatorsforChange,7,41,0,0,0,110316,3.552236
T7aDau5nXpg,es aX,2,6,0,0,0,223909,5.001912
T80Uf1QHb4g,oGW a MERKEZİ,3,13,0,0,0,264636,6.834698
TUo2nPWlV74,"N \ ane IE WY MZ AN AN rap ii th mi 2 ee SS we =. — SS — SS SS Gn m = i Sİ | EN a on, UR",26,113,1,0,0,1834134,6.68746
TXaIwtEfFAU,eg Wi A a öl av 7. cue di NE S -,11,41,1,0,0,650413,5.207456
TZzSbGNl97I,ya) 4 \ öğ,3,13,1,0,0,598220,6.370004
Tf3r741RO-w,DAHA İYİ GÖRMEK İÇİN ÇİZİN! |,10,29,0,1,0,382317,4.591117
TqHw5tneci8,ZAMANI VE a HAYATI Lr ‘ YONETMENIN ; JAPONCASI t,8,56,0,0,0,1635364,6.188545
TrpcaK30_mw,"yı qs ln, YAPAY BİR ZEKA SANATÇ OLABİLİR vi?",12,47,0,0,1,192118,3.965148
TsdR5K0kTiA,Çe es 1 Nİ AZ yz a = = f e We 4 4 a ak ny,15,57,1,0,0,620470,7.370155
TtiZ8t8d6NA,<< e,1,5,0,0,0,479717,4.435568
TtwK1T3FtpA,Emile ee DANTE TX) Ti) MANO — ANILAR ETKİSİ (a wie RKO =,12,65,0,0,0,565022,6.451613
Ty6k-nh0MBE,di gid m : yy ie İzole günlerde izlenebilecek ZFİ İNERİS,13,63,0,0,0,2381712,6.922571
TyKZVXlXess,a a ee - ano e BİR TAŞI SUDA EN FAZLA KAÇ KEZ SEKTİREBİLİRSİNİZ?,19,68,0,0,1,1636665,6.366109
U0cHS6_RxvA,— — | 7 aS a = j İİ . ‘3 ze Jie A vg p 4 1 f a ai A iy Af 7 4 / i a=: Ser vi veremi di — aw 3 (i ae,32,133,1,0,0,84762,3.225081
U2BLfskcD8c,Gü gi ru £ Leet eee oe ee ee ip Bl dil TI Galactic Unity 22 Spaceflight,16,80,1,0,0,647189,5.85172
U9syH56ZbIE,"A aod Ape Me WY oe belly Po vE La hi e > fx tic uh ¢ 2 ay — o,“ AYLOR Gi / 4 = Tl yt wea | dN 3 Fae. yar",28,128,1,0,0,183338,6.248903
UAmR7Z1wIDI,(Ja dh md | p a ve NEDEN TERCİH YAPMAK RESİM YAPMAK 7 ZORDUR?,15,67,1,0,1,453019,4.924767
UBQEFuTRK0E,VENI BİR wwe O İSPAGEN Srv ee DOĞUYOR! Ee Ya A,13,53,0,1,0,1313294,6.287292
ULTw1LQDssk,"Si i etre Pees pi i yal = iğ 4 i <ğ OR aS ei | | 1 mtv woo yg JOMEK ii İl 1 ao di ia Le Lag, we A 2 GÜNDE 4 DISNEY PARKI GEZMEK",36,154,1,0,0,349408,4.799111
U_aCfJ4dc5U,"Source: birinci bölüm: Seslendirme.m4a 00:00: Effect Controls ‘Audio Wine, Master ‘Master Master PREMIERE PRO EĞİTİMİ 20 20 20 Read 7 Read “Write 7 — 7 ms Ms Ms a= m a— um 2 Şii 2 Oki 2 Şi 3i 2 2 3 2 36 a 35 aa ae - “g 2 > > | | 00:00:26:08 Sad \ 00:00:34:09 00 60 49 27 09 49 = Ee a <i {fr > eo KN 00:00:34:09 t PE oF Fk = = = = MP3 » Media Browser Info Effects Markers i = birinel bölüm © 3 Foto Safari.prpro)\MP3, 2htems au 00:00:26:08 30:00:15:00 00:00:20:00 (00:00:25:00 (00:00 6 >, mmm tn: [All ¥ 2 18 E24 0 MİKSERİNİ” 36 > 7 “ES > sa KULLANMAK 2 EE",134,654,1,0,0,28021,2.059801
UcrVUbYA2ZQ,"knut hamsun açlı roman +, “1 İN İİ KNUT HAMSON WE AÇLIK",13,62,1,0,0,76718,3.065341
V4KlI1pG_HA,i R —_ P| dee a F ei > —E | xs AKILLI SEHIRLER cin 13 7 FİKRİ,17,69,1,0,0,543275,5.062121
V4nVtVWMsmw,STR 59 pi 98 Ki 2 ya göl Y i om g” eee az of Gs = iii iit HAYAT 0“ 0” 7 | pale ie N GİBİ 9“ 9» i Ul ! OYUN ii) g of,35,148,1,1,0,1936925,6.214509
VE_pbts8qnA,"i a Bey TTK 2? a m Te in Aİ ous aa 2 SE aa = i ii = Lory ort Misia =; hala Fi vii a= p hei il, iel > ay Bae A 7 Bilime “4 <a > = TASARIMLARI DUNYANIN EN ILGING MERDIVEN",40,205,1,0,1,543500,5.015454
VG5bvsWlrps,C4 Cli N Premiere Pro File oje quenc e tl Ww don He > 5 ps) Effect Controls = = = (no clip selected) PREM IERE PR O EĞİTİMİ General ‘Appearance ‘Audio Video Transit Defa Duron: EM) ‘ames = d ‘Audio Hardware ‘Audio Transition Default Duration: seconds ‘Auto Save ‘Audio Output Mapping Still mage Default Duration: frames Capture Device Control Timeline Playback Auto-Scrolling: Page Scroll >> Label Colors Label Defaults Vertical Media ‘Timeline Mouse Scrolling: Memory Playback New Timeline Audio Tracks: Show Clip Keyframes = Titler ye A 00:00:31:01 Trim New Timeline Video Tracks: ‘Show Keyframes = V Play work area after rendering previews 900000718 Default scale to frame size > » oF A Ak'a m Bins 5c F 5 Double-click: [Open in new window 7” fo 00:00:20:00 00:00:25:00 00:00:30:00 > Ba 3D Motion +Cmd: Open in place <i 2 ¥ Be Dissolve 4+ One [nen Raw Fa = n a8 24 0 36 IS EFEKTLERININ 42 5 GEÇ 54 VA RSAYILANLARINI DEĞİŞTİRMEK © 55 a _ —,171,1036,1,0,0,16664,1.623409
VGuBIOT6uAg,"7 | , INSAN KONTROLLU DEV ROBOTLAR",5,35,1,0,0,112644,3.464851
VQamq69v1_Q,"> LOUVR IYGUNU İN ER 78 ae %, al %",8,43,1,0,0,654662,7.691887
VQdYWaJ3p9Y,Bee NETAPENA 1 lam af İK SPeare JULIUS CAESAR “WLU CAESAR hi a un M SHAKESPEARE,17,86,1,0,0,51751,2.660033
VRAVXdUvAkU,MU wo a BK. ya ge “€ a ang tes > ay = a = büney Kare Ui fil UN: » ae Gelenekten GEİECEDE » a,21,108,0,0,0,568132,5.454641
VVjd9FtvtZU,pa XS + gv xs a iz <P J A Dal /> 4 'PİGÜNÜ - Pİ SANATI VLE ve a,18,77,1,0,0,477083,4.837755
V_hLK1_hh4Q,SELFIE ÇEKTİ + ” NN WEBB TELESKOBUNA vi FOTONLAR ULAŞTI,8,59,0,0,0,752048,6.126032
VaDAzFJcIxY,e SGAR CROW #CreatorsforChange,4,33,0,0,0,1229242,5.935686
VgwG0vci_bU,"balaKsimizin. ETKEZİNLEKİ, KARA DELİĞİN Ht VRESINDE dn & * > - ANS EDEN BİR | BULUNDU.",15,94,0,0,0,943962,6.012695
Vm3bbkX_Drs,N as “™ A & Rs 8. GELEC HATIRLAMAK ©,7,44,1,0,0,1827203,6.703509
VrmlU0BuGKQ,"MW w MELİ —— hr A ie » ""h 1 7 y ij “a en! we a Ns z — Ve Nİ N a 7 y ue vw ff “i at Mie + 75 i=",31,123,1,1,0,463338,8.029258
Vu9P_QeA4KI,"© Siti KELİMEYİ UNUTMA! GITIUS, ALTIUS, FORTIUS",7,49,0,1,0,577797,5.918512
VxNk9RqtkxQ,Virginia Woolf Çeviren: İLKNUR ÖZDEMİR I — Ee ¢: RS. DALLOWAY VIRGINIA WOOLF,13,82,0,0,0,81110,3.134928
VxYph35JIFc,_— . ee . | 1 | > A ) DIRIUIR iy > wn : attists: steep siziirişeeşeseş ESSE: ON,12,93,1,0,0,360646,7.328249
W0km479c1gQ,4'33 ‘age 4 SESSİZLİĞİN SESİNDEKİ BEYAZ BOŞLUK 3:00,13,55,1,0,0,429153,4.703804
W8JJTpYu75Y,BİRKAÇ SAAT. a af,5,17,0,0,0,726319,6.260597
WAIW0i4DW7g,"FALGI ON ROKET ER 1 NASIL DİKEY "" wea? ————",9,48,1,0,1,909553,5.82822
WRgkyImOYzA,KIM ULAN BU BILLY BAUER BLACK MIRROR S05E02 Ee,9,49,1,0,0,1289533,6.197469
WTS8tH9VEG8,"¢ Premiere Pro il di roje ip re nc e Mi W > Source: (no clips) Effect Controls =| ‘Aud ixer birinci bölüm Metadata (00:00:05:00 birinci bölüm * MVI_6531.MOV » poe Video Effects. Bjwvisssimv fuvisssimov o =» PREMIERE RE PRO EĞİTİMİ e EE Motion 8 Position 5267. 2745 > ö Scale 25.0 > Scale Width 100.0 a Uniform Scale > ö Rotation 00 a | Ss =e ‘® Anchor Point 1960.0 5400 = Ei > © Antiflicker Filter 9.00 = > & Opacity SSS > Time Remapping N >) ‘Audio Effects eee > Volume 00:00:00:00 Fie pi = A, 00:00:15:22 > Channel Volume > Panner - a İİ RR Ra 9 00:00:00:00 » Li q t te <i > > > LR ec 7 = Info Effects i = Birinci bölüm * foe 00:00:00:00 (00:00 00:00:05:00 00:00:10:00 00:00:15:00 00:00:20:00 00:00:25:00 00:00:30:00 00:00:35:00 00:00: > BE evel Edges * > Bi Convolution Kernel ee n 2 at va Lode T 8 ——— 24 0 EQ EFEKT Di 36 42, 48 8 VID 54 HAZIR AYARLARI 55 — —",186,976,1,0,0,30165,2.124427
Wf9GncTMjjs,SN SN N \\ Li \\ i \ \ NN NN \\ XX A oy N fy A A Xİ « ) \\ j WA — A 7 VA OLİMPİYAT SEMBOL LERİNİN İLGİNÇ ANLAMLARI,31,144,1,0,0,422173,4.757126
WiDGGJ-DROE,STARBUCKS. — — am «un eg = a= ELAMAN ME A V,9,48,0,0,0,1025643,6.823517
WiqeyJDKO4g,A ann ki çekme teknikleri,5,26,0,0,0,700203,5.698611
Wnz0HkCJ_Lw,sae ee fof > as + DİŞ a ZE Fe e ime BU YAZARINI LMI?,14,62,0,0,1,809843,5.868069
WpAbtdX5WuU,"a= ""Crna ge A) IOMIT (ADI!",6,31,0,1,0,426563,6.910074
WrWb-hTJ8cA,Gİ FE) 4 yav ML) owt Gu is = ad Ni oe ei ag NG ae anam ie GÖKDELEN CAML ARI,20,93,1,0,0,2657461,6.789976
WsbuisT5H90,"a öğ Wid | >.” wv == Sha, h i TELE TAHMİN EDEN FILM >",12,62,0,0,0,1276773,6.700973
WuxlC5jXoq0,"PREMIERE PRO EĞİTİMİ 00 (oc (4 a a = mi) (ser Name Date Modified Size Kind VORITES cs6 MVI_6558.THM May 15, 2011 9:27 AM 23 KB Docum) MVI_6559.THM. May 15, 2011 9:27 AM 29 KB Docum) Bi DEMO > — a@e Today 10:29 AM Folder Gy Acrobat x 5 mov Today 10:29 AM = Folder EE) Desktop MVLGS24.1)9V May 15, 2011 9:24 AM 48.9 MB ick, MVIL6525.MOV. May 15, 2011 9:24 AM 43,6 MB Quick. % Dropbox 68.41MB MVIL6531,MOV. May 15, 2011 9:25 AM Quick. (i Downloads MVI_6533.MOV. May 15, 2011 9:25 AM 99.5 MB Quick. 49.3. MB All My Files MVI_6537.MOV. May 15, 2011 9:25 AM Quick. MVI_6542.MOV. May 15, 2011 9:25 AM 100.3 MB Quick, AirDrop 313 MB MVI_6545.MOV. May 15, 2011 9:25 AM Quick. PX Applications 3 MVIL6546.MOV. May 15, 2011 9:26 AM 43,7.MB Quick, Movies = 49.8. MB MVI_6547.MOV. May 15, 2011 9:26 AM Quick A Music MVI_6550.MOV. May 15, 2011 9:26 AM 25.6 MB. Quick MVI_65S1.MOV. 52.9 MB © Pictures A RAIGEERATENT m May 15, 2011 9:26 AM Quick | melas aa AN 52 MB! Quick 176.1 MB Quick (68:28. Quick 1.8 MB. Quick 33.9 MB Quick x Quick ÇEKİM DOSYALARININ 01 ORGANIZASYONU",238,1159,1,1,0,282496,4.24853
WzNA02gjcPE,di gi Oe Zi © e 6 AS hs) ¢ NN “> ce N y Wy © ° 4 ZB a. o © bi FA as o . .. o 5 Zİ Ki N ge © > 0 Oo N o 4 NY ie > * A NASIL SANAT YAPILIR?,38,179,1,0,1,373875,4.872428
X29AbAAPGV0,y MASTL Es BURENINA MASI i VAG,7,32,0,0,0,528789,6.174639
X2C6hMF6cVQ,Bu bölümü Kulaklıkla dinleyin! — ea t,6,39,0,1,0,573252,5.989884
XBWM24J5oWw,Ve Mi INR NO TTS | al,6,27,0,0,0,401530,6.388527
XbCdankkJxU,N di a | a | | B | @ | | | | | . | | | | | | a || | | | al Li ty SS nell 1s Lil vi,14,108,1,0,0,1695152,6.579951
XjR4hA2E_BE,"= ¥, VJ DÜNYANIN 7 UZUN YAŞAYAN CANLILARI",6,44,1,0,0,999465,5.595071
XkBDejkRCjs,"co — af mille, İİ e SS p Verse, EKTİ OTOMOBİLLER N ÇEVRECİ DEĞİL Mİ?",17,79,0,0,1,588618,5.813186
Xn51Ujzrx68,7 = N 4% a NY ENE Tİ p Ni 2 TRV a in,13,43,1,0,0,425363,9.664925
YCVoTANsICM,| == > — —— e 4 İ e an m: = ca EEE Se Se a =,11,57,1,0,0,83081,3.180769
YHbyVTkgT0U,pee: at ae 1 | ie b SF a) İli Ge »” ASİLIKSIZ. a ae © one : en Fawer a > OLASILIKSIZ ADAM FAWER,22,114,1,0,0,415168,4.742709
YLqksBowQAE,"™ \\ e abaceexes sarman İN 4 hay pen tan ak tr juttsh 4 : Mae EİN ya G;esta ‘| NS 7 5) ~ - WN ENE at, A : yi out uel NA SAN Ml i | | N ¥ | | i eit WE Ge ut Av Yav: ok on eki Kat Ho opo""",47,229,1,0,0,676750,5.545148
YNxxaxymFic,Ss cas) AVA GERI a # 5 ADONUYORUZ!,7,37,1,1,0,866669,8.330319
YeoHProFCA8,N 'İN YÜZ TANIMA TEKNOLOJİSİ EN KÖTÜ KABUSUMUZ OLABİLİR Mİ?,14,61,0,0,1,1039873,5.783665
YjCUt-pWdQU,Was,1,3,0,0,0,421999,5.198259
Ym3DwNJjKio,PREMIERE PRO EĞİTİMİ 3 i 00:00:08:18 Bk N A 00:00:07:16 00:00:08:19 LH A 00:00:01:07 A ee N ey) Tey =) ie KN ee ey) ae) eee mee mmm in: (All * “nn | MAN ÇİZGİSİNDE 15 ZA KLİPLERİ DÜZENLEMEK =,54,213,1,0,0,27819,2.053491
YnoslpFnzsQ,"if (( GENK VEERDEM RANA HE GECIAD ,",6,38,0,0,0,744794,5.907303
YpagaIm3AUU,2. EE — | ii Kk e 1 Temis = “a _| ETKİSİ? ; oo — —.,12,61,1,0,1,882294,5.800486
YuIQQ6Ce08Y,METAVERSE DEN DAH,3,17,0,0,0,1588958,6.810038
YuL1p0bzZMU,rel CH WILHELA 3k 2. ke v9 “aN ye or Bod A il İ } ae | 3 Me dj ; BÖYLE BUYURDU ZERDUST “ey FRIEDRICHNIETZSCHE,23,126,1,0,0,347558,4.543343
YuljhpMfAkQ,. | « = \ INSTAGRAM'IN LOGOSU NEDEN DEĞİŞTİ?,5,48,0,0,1,1194277,5.768804
Yvj23C_XB_A,EREDEN se / 44,3,15,1,0,0,1237826,6.22091
Z06PqZ-t7EI,TEKVİN WE <p A > aN TEKVIN,7,32,0,0,0,588805,5.340505
Z4Rs8wFOE_A,Aş ml | # a —s-,4,18,0,0,0,832510,6.491681
ZIqNh-eUYP8,NV Bej) bi => t y vo,6,26,0,0,0,1198533,7.567407
ZKpVeaqZ_eA,"v uN | a, MANDELA ETKİSİYLE HARİTALARIN NE İLGİSİ VAR?",14,58,0,0,1,959881,5.604677
ZWxqQ7MZM7Y,"POON p \ ( we Hy a di ~ (3 af. | aE} A os po -— = a ağ: a — tf, N W W W 4 4 P . gi",24,109,1,0,0,410915,4.849137
ZhWjcBbJ1fY,sö in be ice Se Ny Lİ A fn si a A ¥ LAR DIYARI ee = | cote > E Mz 5 = EE ae 7 pi ii ya,25,113,1,0,0,1489255,7.106363
ZhbjdTlRHjc,"RALPH (AC 41+ , Yi Ue GUNES ENERJİSİ a i ~ = lu NSBACK HUGO GERNSBACK << RALPH 1246 41+ 1911 Pu IN ""Rp LYNN / 7 A = GELECEĞİ TAHMİN EDEN ROMANLAR a m",31,172,1,0,0,783808,5.307386
ZoOTMQQzsJY,vif ~ 2“ m <2; 2017'DE ZİNCİR KIRMA,9,40,1,0,0,490265,4.94223
ZpbuRUKThF4,KEİ f. KITAP MI? > “,4,23,0,0,1,200707,6.141019
ZqIIEH7n0L0,"2 - — Wak! K7 VoKENoy, KENDİ POKEMON 60 OYUNUMU TASARLADIM",9,63,1,1,0,545887,5.00838
ZvBhqRmGC1E,", bi ği “Kip GELE A.GMELLS - ZAMAN MAKİNESİ /¥, O 4 bi # es LAM g y ep Tad N t y",21,94,1,0,0,579976,5.502495
_1EabmR1F4I,"ots ö< N PE LOR | 4 N i, A iğ J vi. ? > — 244 x â oe 7",17,69,1,0,1,599875,5.297475
_22z2rwaQ3o,is BİLİMLE İLGİLİ aoe soe k BİR KITAP OKUMA HAKKIM OLSAYDI | ap KOZMOS > ae,19,85,0,0,0,752723,6.186856
_2suGdcsiBo,"ar Li Aa, ag - ed EE & aa N dı | Mg fda Saklı = A — Tüm af C/ ACK o!",18,84,0,1,0,504824,7.339601
_4LindMCM0g,a Aw = Com | Ly Le SENİ İSTİYOR!,9,37,0,1,0,458906,7.265859
_5fwRs94pvE,a» a=! 7d ——— ot { 2018'DE ZİNCİRİ KIRMA,9,46,1,1,0,900996,5.656115
_DDeF00hglI,7 rv hy AW > fi hee Nİ ® My) N za ZA i Ea MN ME in AN > BN IDRIS ee GIANCARLO. CHRISTOPHER NEEL MURRAY KİNGSLEY EAE ONE WONGO? yolun | \ ESPOSITO O MALKEN SETHI THE JUNGLE BOOK (2016) ORMAN COCUGU - IZLE,41,228,1,0,1,85855,3.200356
_HcYU4Z3TKs,Türkiye Uzay Ajansi Milli Uzay Programı açıklandı. ç — u ND J DIN wy vie,14,81,0,0,0,1008060,6.215676
_J78SeTk7LQ,N <<“ e Yy Ow! & yk Bi at m / 4) NA a ay 44,13,56,1,1,0,379396,5.895407
_PV_SBFJS74,"am Py PE t J MA M A, Mit SIKILMA A Lİ KE — >",13,56,0,0,0,1868123,7.630788
_Rs5Wy8836s,"ree Logo.pr Effect Controls © birinci bölüm * Cross Dissolve 93:00 (00:00:04:00 00:00 > Image A fades into image 8. AC TCU PREMIERE PRO EGITIMI _ Sa B Duration 09:00:02:00 Alignment: ‘Center at 7 Start: 0.0 End: 100.0 A B sy Show Actual Sources ,00:00:05:15 Fit we = A. 00:00:17:15 | ee | 9 00:00:05:15 qe <i > » oF Aa Ak'a ct Fe E info [effects =| birinci bölüm * a 0 e oo 00:00:05:15 (00:00:03:00 00:00:04:00 (00:00:05:00 00:00:06:00 BB Audio Transitions * ew 2 18 24 İMULGS31LMOVİV) Opacity:Opa 30 a6 SEFEKTLERIN| “S | 652. (OV (Al | MV1_6531.MOV [A] > 4 GEÇİ özi >” DEĞİŞTİRMEK 55",134,646,1,0,0,20988,1.812628
_SuOMEy67qI,"| effect Controls | Avdio Mixer: birin. ‘Source: birinci bölüm: Müzikımp3: 00:00:00:00 + =| mx. PREMIERE PRO EĞİTİMİ = 00:00:03:14 EE 00:00:24:22 | 00:00:00:00 Ft = sea TA 00:00:24:22 2 7 vi - KN [l qe <i > EN = = = + q ih Te <i > > af Aa Ak'a + = Bin: MP3 * Browse info ts rkers = birinci bolum » Pa Foto Saf pro)\MP3 2 items 00:00:00:00 tn: TAN 00:00:05:00 (00:00:10:00 (00:00:15:0t = 00: ral te > sa > Logo VE MUZIK SEVIVESIN 24 SES » | -EFEKTLERDEN AYARLAMAK lick in empty space and drag to marquee select. Use Shift, Opt, and Cmd for other options.",116,611,1,0,0,62553,2.789888
_W-Z5z25xyc,“ <1 Gİ « eine a> «9g » bsi | NEDEN 4 -& ği Se. Be LY tt ye ae wis GÖZÜLEMİYOR? NA fe mi as ——,22,116,1,0,1,953098,7.288112
_YePCTMXKDw,"Dİ İ I DM Peet Eee ae 7 Url Nİ ‘GUL Fe ef ‘eG Tn — a Sos Ae, Gi",19,75,1,0,0,965547,6.241777
_aGiTftfhyo,e > e LOCH NES CA AVI N a NIDE ASTAL,10,44,0,0,0,797774,6.610851
_n286ZRKsnw,urce: MVIL654 S ÖİTİMİ W | PREMIERE PRDE an N 00:00: N 00:00:02: A 00:00:04:05 in lf) [tke » Yİ |=) birinci bölüm. folie) [ie ——— İP = 00:00:00:00 EOLARIN SADECE İSTENEN 0 . Vip “BÖLÜMLERİNİN SEÇİLMESİ LE,48,227,1,0,0,45471,2.493762
_oLx7iP-G4o,a Aw w (di 1 7 ME A,8,26,1,0,0,225576,4.102175
a5FqNZt1o0c,AYALEr PARCAC v5 —— En,4,25,1,0,0,498006,6.231763
aAAQ8SLJ-AU,YÜZ UY BİZ ESİR DÜŞTÜK ALİ ÇAMLIBEL,9,37,0,0,0,39550,2.432627
aCepG-VIpIU,LE “ a) | = NE N IN U eT hss ...,8,42,0,0,0,1296888,6.445635
aD-_ODZHfHQ,lala ne var? od — =~ a,5,26,0,0,1,806188,6.379933
aXKrCUIswsI,ir Pee mz al L/ eren “ya (e it ~~ BU ROBO So ———— 1000S _f,14,70,1,0,0,885139,8.013658
abNrJtHpt5Q,ME 7 ale te | Yf PLU p FORGE ma,9,37,1,0,0,949963,7.719617
adh1JDl2mDk,teeny di f “fi $i Dm İĞNE DELİĞİNDEN HİNDİSTAN SEYRETMEK,15,60,0,0,0,1559030,6.12233
ag33VJ0cN38,at XX. a3 gi i — — > iit 0 bik A LR DELİ DAHİ DA Lİ,14,64,1,0,0,433970,5.013214
aom0IXUcTcY,1 a a ve. Ao — GÜNEŞİ NO — 7 BU KADAR YAKINDAN GÖRMEDİK! çözünürlüklü. — otoğrafı çekildi e ry,18,105,1,1,0,1977625,6.719149
auXXdzlKbOY,"gg o yön a is ie 1117 MoT! (Av Uh | gee oy vak Yİ OH, ye baa VSS ds ix om Fu i oie si Z, e iel ue Bs are es aye i VY, eat a ys, e) 7. ie ölesi yee: Bia, Sey e a thes Re a te is",52,226,1,1,0,2155449,7.821181
ax9AZ9s5Mbo,Y/ y \ | İYİ UYKULAR KALİTE Lİ UYKUNUN SIRLARI,10,50,0,0,0,2300637,6.415504
axwVhuyPFwI,» \ wa S55 on di AN (ki KARA DELİK LZ — =m = Tk LA Ve vi ZE ArT VU VA! \\) NN anit \\ i\} TU 2,24,117,1,1,0,329040,5.851406
b5LX2jPZSCg,"Premiere Pro Fi Edi Marker le, Project Clip Seguence dow — Help Source! MVI_6554.MOV Tv) Effect Contro ixer bir bola ei PREMİERE PRO EGİTİMİ pag ase eae 4 ay = 00:00:22:05 Fie B+ Ta A. 00:00:29:17 00:00:00:19 Fit = A 00:00:12:20 a cE 9 7 v e <i > th q ii te <i > > af A Ak'a a 7 birinci Bolum » = Bin: MOV = dia info as kers = 3 Foto Safari prpro)\ MOV 17 tems 00:00:00:19 tn: TAN 00:00 (00:00:10:00 (00:00:15:0t ‘ie ee vy | 00:00:05:00 ar 2 ezel ris as > on. et Mü sa > Logo [vi oss: 24 20 36 NALLARI GİZLEMEK =a ~~ 42 99 KA s4 “VE KİLİTLEMEK En a",138,631,1,1,0,21503,1.832953
bAv4XsWVXV4,A FOEGIN ECEG 1 | (2 lye ye KENTLERİNDE 2 MOBI ‘IMI rq \ OT,14,72,1,0,0,593499,5.61956
bH_LtNSnNOE,"Cer “tC ZA 4 NEDEN Jerr CD) LÂ NOT A Lb TUTMALIYIZ? al (A i> LZ li” a“ , a - EFA” d 724 Zf > yi Fic Cog VL",27,129,1,0,1,646732,5.18256
bNi3Dr3Rozk,JYATAS : go ” EDEN KEP BLL?,5,30,0,0,1,560341,7.630984
bQGb69S_fZ4,"we gili mm ÇİN NEDEN UZAYA GİDERECEK,",9,40,0,0,0,1696351,6.387098
bUFPiWaLv5E,"Düz Dünya'dan e Big Bane'e ‘we & 7 47 Uf,",9,48,1,0,0,1780974,6.748924
bWqz9Exk-v0,Ie nl 4 1:9 “ NEDEN HEPSİNDE SAN 10:107 - = B Sse,13,56,1,0,0,1016959,6.491713
bf0G7v0NE68,iMKANSIZIN ŞARKISI (e ie İMKANSIZIN ŞARKISI HARUK! MURAKAMI,9,63,0,1,0,90652,3.206046
biOpGkPG_Ho,| SİBER GÜVENLİK DERSİ,5,23,0,0,0,1361863,6.050519
bmWaS-wdWZY,"” - |, A ii Il 11 | Mİ rl 7 iN) gi SEN 5 ) }",11,56,1,0,0,247205,6.468883
bwIO-XQ9-M8,"DÜNYADAKİ TÜM HARİTALAR İÇİ TTL &i BUA RENK YETERLİ,",11,54,0,0,0,471610,5.999072
c1VQ3KvixwY,Ça (e. ey me) A NASIL EL SIKISILM AZ?,9,42,0,0,1,1468755,6.200267
c5TpfDvSvII,"7 W NN, N NN A i © NN W .4 N AN > AV # NY N IN aia Sİ mii",19,76,1,0,0,728816,6.404111
c5rqQDeEWhM,"» gl Wa on ka) Bs, ia + Fee a Se Ste or 6» aS cr & ty, Y a ce ka > “s4 he) AKİ re Km rt Li ee) vw ta e; il) is 2 A Le pi a İni rd We a “ A bi at si sete % Zi a ms ¥%, ee eği ». <3 bay ri “e yi + cs ee — EN RED “ey, aN, ty, aşa at xt ee *§. nae su 4 Be we İni ey ğe, fe BOG cay te va pe ae & te at .e @gihay an ay ENG ee. Sira EDA ay e : os ay e. Sg e oe",102,454,1,0,0,2294867,6.816459
cFZwBZLwiTI,7 > g5 4 t= 4 er W DEMİŞ Ili LECEGE BİLİ Ib TRANSFERİ,15,63,1,0,0,608047,6.093332
cP-EAX0__gw,un >. ; VEEN UUZ ~~ — — a. 24 2006 N EVER Fi,9,53,1,0,0,730769,7.061764
cUHbcVwLmv4,"4 SA, ep sy ta AD ia NS » Wi if LTIND ae if DENI N DI Va a 468 KABLO — =< N \\ NN ANS a 7) İNTERNETİN 9 99'U NS VAN = es ASS van",35,163,1,0,0,2060163,6.764594
cUKVgiq9D4c,MAOVUZUN O! JYNULUNUL IL COATINGL VL. VUNUINUL,7,49,0,1,0,1291824,6.173016
cbOSMapWBlY,"‘ee! ri eet T's BOR, te % a io ees (88 BDL dekan va yes no yi KAYB ae | RA Mi am ğ mi ii) — ey =",25,119,1,1,0,218596,5.828677
ccZqiZ3Woo4,o | Artemis Il Ay'a ae §.GUN ÖZETİ <<,7,39,0,0,0,80751,6.388154
cl8JNLBaJvw,oo THRONES’ DAKI 4 STARBUCKS BAR NWS - - DAĞI «sp a AY,11,64,1,0,0,1467885,6.316189
coutXRqrUeo,"4 L/ Po. \ >. TE we ERO! 5 BU AST Y0 gi 7] 5 ri of yy by 2k “WR ae SY ax, — SEE",23,104,1,1,0,854391,5.999101
cr2B2BwRwaI,XL ERİ OOK ye ire e rl wo 4% vale J. DÜNYANIN EN TOHAF VERİ,15,68,1,0,0,550079,5.716173
d1pHOsXRdEg,"ili, iş (e OS (2) eee: a) gi io) ios > AN pa Yeri yn GE NEDEN DAHA ZOR? # we i pa \",21,99,1,0,1,408829,5.598298
d9JyuSxNEzw,all vi | = = | l | |. Me > | ah Mo,6,45,0,0,0,817217,6.794764
d9xJc2Dc_1s,>. A e ol NE MEM İLGİN gil,9,31,0,0,0,1605173,7.42658
dAGGhi6On20,"7.GUN ÖZETİ kan,",4,17,1,0,0,82428,6.423465
dGbJRqV19tw,KE S27 a TE dd Dünyayı Kurtare m a,9,40,1,0,0,356315,7.800373
dHyAItfBNI8,a > | : LR E ii 38 SAATTE 3200 KM VLOG 2,10,46,1,0,0,115170,3.553444
dNPFjxvYfkc,Ng | a.” a |,3,15,0,0,0,91913,3.242927
dVbF2j41KVA,"21, Yüzyılın çıplak gözle görülebilen ilk kuyruklu yıldızı sx ği NEDE E va u ~",14,83,1,0,0,739454,5.805581
dZxavUq6r00,es ovUN MOTORUNA GLE -i Me = \,6,35,0,0,0,426497,7.031999
dgVRG9BQTp8,rf - pm 1 7 7 Ft a ae ec om YS ‘,11,38,1,0,0,473210,7.542372
dkBIPJYcTfg,"a, - — am “= - > META — KENT ~ ÇİZGİ",6,44,0,0,0,4069520,7.918927
dqpr4o8Z4bM,"YAPAY ZEK e, BULUYOR! r 4 | — (ey fk: whet x ji fai ita i iW ge za) | if |",18,89,1,1,0,522585,6.553244
drKXIna4kLU,x iy,2,5,0,0,0,360362,6.575669
dt_lLSRX7tc,le z = . / Mh = . ae Md EDEN HERKE BU DİZİDEN BAHSEDİYOR?,13,67,0,0,1,3136216,7.481487
dxkOUi8MO44,ge iy coe ah? ee,5,20,0,0,1,475258,6.229835
e5T---HiB08,USU ULUKURTUN,2,14,0,0,0,1133520,7.7347
e9SEsdHlt2o,FO KANITI! EN İKMAEDİĞ,6,23,0,1,0,651474,8.762177
eFX93zJZWUM,Gini “UR 7 sayı,4,16,1,0,0,582423,6.45869
eHi0Vz6whNM,| 76 v .. KUMANDA KİMDE?,5,27,1,0,1,273072,4.289073
eKeIQPz_xf8,"Pay ŞEYTAN. ae, 1 il! KULE, IFS Dİ LI | A | 1 NİN yi ) Ih J İl a rd as = mn aon",23,102,1,1,0,1181711,6.456252
eNgsPsnRfSY,"I nies a RAKİBİ | a A # mağ” lk Fe A A, (my",13,51,0,0,0,612133,6.286907
eO5LaCVOPYg,\ rate) en YUKARIS| KALABALIK 7 AN,6,38,1,0,0,1683585,7.008903
ePc4nRcRwrI,"Comp] ‘Select All Py NFAVORTT| Synch PREMIERE PRO EĞİTİMİ fee yy € 5) G ut 98 102 ir. mm R2 | IMG_6521.CR2 fn > | ||| = ay B: 143 fin». MG. 6519. 94 CAL! le lected far. fd, Cont or IMG_6526.cR2 aa White Ba ot a on m>| 6350 a 416 m (e Tl Tint 2 IMG_6529.cR2 IMG_6520. g8 = = Key Oren 728 Exposure Default 1505 — ———— Contrast Expos ——— ———— Apert Highlights o ———— uitipte values) Game Shadows İmera Raw image tiple values) tiple values) uitpte values) Litipte values) —— EB İÇERİ AKTARILAMAYACAK tagged 04 DOSYALARIN DÖNÜŞTÜRÜLMESİ IIs OZCAN.",96,618,1,1,0,75227,2.96398
eWEzeOq8kic,"4 Premiere Fil di equenc birinci bölüm: Effect Controls (Go clip selected) PREMIERE PRO EĞİTİMİ = 00:00:10:23 Fie ye A 00:00:34:09 a EL #00001023 v q t te <I Li > oF ES wee) Bin: MP3 = dla Bron Birinci bölüm » zo Ea Foto Safari, roj MP3 2 items 00:00:10:23 Bn (Al 00:00:10:00. 00:00:15:00. 00:00:20:00. pe sew Ee cits on 12 > Logo 15 ui li sa > Video 2 18 e Y Video 1 Muzik.mp3 3:31752 Seslendirme.méa 24:29988 21 24 AL oa > Aktüel 27 Anlatict rme.m4s Seslendirmeimdal Volume:Lev ERs) 33 ee 36 29 42 45 KANALINDA ANAHTAR st 96 SES sé ÇERÇEVELER KULLANMAK EE",126,634,1,0,0,24602,1.947235
eX0uvsbPKyg,EN b w ik Fe ‘= \ —- Seg r = B tea ei N y aN Tt 100 YIL ÖNCEDEN 2000'LERIN İLGİNÇ RESİMLERİ,23,108,1,0,0,1451106,5.964904
e_StF48eLhU,Si = KENU (,2,13,0,0,0,762970,5.988446
egsTmOJt5_o,Zİ Care» a EN - MÜZYILIN EN UZUN RL ECESI. 27 TEMMUZ GECESİ GÖKYÜZÜNE BAKIN!,14,83,1,1,0,1102731,5.927426
eli9sU-a3tg,~ p SAL wa. Ek DÜNYANIN ENE ski AVI | (CAL! DS,10,53,0,1,0,529727,5.483983
epKLucWhn7U,a e 2022'NIN İLK ViPAL OYUNU WORD | A > ae,10,48,1,0,0,837886,6.22005
esvaeYNLLxQ,Te İİ DI ZAMAN A a” = V YA dir li wae un .. ea AL m 5 ci ve “=> NEDEN DEĞİŞTİ WA,23,97,1,0,0,219116,6.793147
euAVuBxW9iw,"(7 —— a m 0: a i Pa sors Ses as ee. se mw e.“ A -"" “i > pe, mee ye “Ss ZN Ay ¥ 5 e ‘SS Cz es ee, Gi» x fie’ 5 LF b > 5 4 ği a o ¢ ZS gr agi",42,182,1,0,0,385521,4.676647
ex2RlkCjO9Q,war narmak Şu BUrUyorsul28 YILLIK 4 A A TAVSİYE,10,52,1,0,0,1206711,6.36693
exsCC1_jHIw,xs Yazarin kendi sulubo ya resimleri yle p an 4 (9 Wy ae KÜÇÜK PRENS ‘ ae ANTOINE DE SAINT-EXUPERY,20,108,1,0,0,422599,4.687798
eygQXHuawDw,mi EN et ae | rg iy } 2 ere: Pay A NG b i | We ii A rl — ee red,19,82,1,0,0,127512,3.546929
f1fzPoEj_B4,"——— A, aaa saz >... — ii — —- a III a eS — a EE — au TOPLAR NERENK?, e m — ~ uu REN, KR AZ",19,107,0,0,1,529127,5.617866
f69FZ66NvGU,MİLYONLARCA TURK MARSA 4 il | ‘i SMINI kem © | Ee & Sigg Pi a hee 4 ; e > EDEN?,17,92,1,0,1,1337583,6.228679
f6kVa7kkQiI,SS eee Xe oh wes ie MARMARA DENİZİ'NDE YÜZEN BIR KENT YAPILAMAZ MI?,15,72,0,0,1,996092,5.916254
f8wQj7zbspE,"> $e ns. ¥ =e jem > h/ > > g* J= ey — a Te ON > eae at i mi “ Ad wy [. NEDENE —_ ~~ iy > M4 =, - TR gra (e TR Me” 7",27,152,1,0,0,599690,10.73924
fBvu7s5L6DE,"iy ae 3 | | re Gi, di) Le i BATGDIN Iİ aa a — b sd",14,63,1,0,0,1409768,6.636227
fDR0EGhSfPQ,"MİLYON DOLARLIK A m. gem a 4 =<"" i if",10,42,1,0,0,505816,5.879725
fHTRKYkgfG0,“20 NİSANÜZEL \ af ve eae te “© GOCUKLARAYILM DA TAVSİYELERİ — > ——,11,74,1,0,0,1637934,6.565353
fOeNdTYP4c4,R — a4 — 4 ç gün olur asra bedel ki aly hizi İVA Yi yuki e GÜN OLUR ASRA BEDEL Cengiz Aytmatov CENGİZ AYTMATOV,25,120,1,0,0,123740,3.533036
fS6Yx4VEELc,uu DEV a E (ll İl | al reall a sci ii. ie,13,53,0,0,0,460541,6.00911
fTFyk-ZCj4s,NE Rv A py V \\ pm — a,7,29,0,0,0,1035438,6.952577
fUzZSU9wBCM,DOYMAK MN SANE Kriyonik Şirketlerin Size Söylemedikleri Ay a I By ee >< pi <= ss e,15,92,0,0,0,1399261,7.527928
fXIbknxEzc0,pe Fe ç sazı € + vw vot aS yi larca izole yasayabl 1 v asirono \ konusund a hize ne öğretebilir? a ™’,20,117,1,0,1,625573,5.594382
fZU4BNf1WlE,>. WA if / he ih P 2 My vak ms >_> NC sa wi NEZ,14,60,1,0,0,999883,5.805067
fZxPBF7EymU,7 Adimd DEPREME HAZIROLMAK fad G | ÖNCESİ SIRASI | SONRAST,9,61,1,0,0,977962,6.012869
fou5yveUIQs,a pe AN DA EN BUYUK ati ) JU KIM OLACAK?,10,46,0,0,1,1241117,6.436232
gGVXwuucBYY,"of > ei Ae EE ws —* ye a ği a © ©, —. __ —. ay e, TR am ——— b an 3 & = pa f pa ii Ee \ a",23,117,1,0,0,163854,3.792318
gKcXGgMSHDI,LN. TOLSTOY Hit . | Mae INSAN NEVLE YAŞAR? LEV TOLSTOY,9,60,0,0,1,212542,4.060129
gOteZpU1io8,) a P| / \ 14 FİLMDEN 12 HAVALIMANI HIKAYES|,8,47,1,0,0,138533,3.649134
gVAIv6Uk910,NEDEN A L MESAF MULASY! KM,6,29,0,1,0,491572,5.372401
gXgkX010XO8,"\\ MN eti! -K EN pasın | İ mu * 1 606 (A Yİ in "" GIOVANN PAPINI",14,76,1,1,0,50776,2.67469
gZdJ70cDvbA,A fiw Nİ 4 g9 o,6,18,1,0,0,605121,5.261956
ghS-AkvGg9U,"e) | bemal! ="" Ve © ZAY SESSİZ MI? a Yaa",9,46,0,1,1,376583,8.027036
giGKlpuXdwo,BU GEZEGENDE - UZAYLYASAMM BULUNDUZ \ 5,5,44,1,0,0,827656,6.993952
glSbguyxyU8,"e oa Emi E Ta birinci bölüm * Logo.png tle tle OL TE Ne Video Effects, iy) | Abaci .. [Ba Tea Â PREMIERE PRO EĞİTİMİ Y & EE Motion TIT En [egutar [Bd u 09 20 a üne 1000, BE X Position 2101.0 ö Position Y Position © Scale 2S 581.0 width 1105.8 Scale width oe Height 269. Cals > Rotation 0.0"" © Rotation me Properties © Anchor Point ee Font Family [essai Cl > © Anti-licker Filter ha Font Style [Regular lid yf Opacity en Font Size 269.3 > %® Opacity Aspect, 100.0% Blend Mode ve i Leading 00 > Time Remapping Kerning 00 we = A 00:00:15:22 ‘Tracking 00 Align Baseline Shift 0.0 er Slant 00* oF Fas » 00:00: zi Msi Small Caps Small Caps Size 75.0% Project: Foto Safari = Bro Underline Foto Safarl.prpro} Center > distort (00:00:15:00 | = (5) YEM Fill Type Solid 7 2 Color =, Opacity 100% 24 >» Sheen 30 YAZI > Texture a6 x. © Strokes ¥ Inner Strokes -2 31 'Y Outer Strokes Shadow Ğİ mm 54 OLUŞTURMAK © 55",177,1024,1,0,0,29413,2.102232
gqKfG0izuwI,= > * 1) tap iye A A 0 iş > ee Sq UZAYLILAR İÇİN = DÜNYASI REHBERİ,15,79,1,0,0,470602,4.998881
gt4QhJluSaA,"Le = 2025'TEKi —_—, 5 TEKNOLOJİK a GELİŞME e fl Wa İl",14,62,1,0,0,765470,5.230488
gtCZygNFG7E,AYLAK ADAM YUSUF ATILGAN,4,25,0,0,0,109961,3.408044
guxpK5znaME,w >=,1,5,0,0,0,387091,4.641014
gvPnxlg1QAU,"@ PremierePro File Edit, Project Clip Sequence Marker Tile. Window _ Help. ag x Effect Controls = birinci bölüm * Muzik.mp3 ‘Audio Effects x — PREMIERE PRO EĞİTİMİ > Volume > Channel Volume > Panner d 00:00:13:09 Fit = Ts A 00:00:18:04 9 00:00:13:09 > te <i > > oF eee = Project: Foto Safari a = birinci bölüm * O rem Foto Safari prproj 00:00:13:09 (00:00:05:00 (00:00:10:00 00:00:15:00 “ ae tn: [All | ew n 2 18 24 6531. MOV [V) city 35s |MVILBS47.MO| Cross IMG ra 27.jp9 2acity:Opacity 30 FEKTLERİNİ 36 SE = = 42 3 GEÇİ 48 > UYGULAMAK 55 İlek in empty space and drag to marquee select. Use Shift, Opt, and Cmd for ther options.",130,694,1,0,0,46252,2.509397
gxq6VEM8VjA,"öm Fe oe <2 ""3 Zİ Pay ales Wil > a A5 Jile kğ gi —— İnt İN —— 70 oe, ES zi me a =\s a: rh 7, Lai 4 ~",30,129,1,0,0,2038083,7.858409
h0_0HL0nP0U,MUTLULUK ICI HER GÜN BİR * 5 DOS |,8,37,1,0,0,2328606,6.832229
h43aXZKp44U,> FREELANCE -— Hal a \\ GEG nu — . A ill) mm” gh İLİK IN,13,67,0,0,0,627148,5.805507
h5jG8zKHVQ8,"| . . . ‘ya 2UCTIN EN Vis! 7& ""& LAN Air m ee —",9,58,1,1,0,2035546,7.061477
hAN5gck5774,"Ma f cane 4G)) 00) 015-3 Cj=1 2-2 2. OF ç NE Vi MZ: ° O=L bork 4 ydi X AV 8) \Y Las IN * ave KA SX a SKİ A E EN Yaza AN / 5 Nay, N Bats (Mr İS N 26** Oj et => /",49,203,1,0,0,1944138,8.028606
hCCPbYes2zI,"Li 1 ti agi ‘tr t if Care) Cr LW tr Ur T iv Ni f { Utr Ctr Cr ti Beg tr Or dd Cir COL i di CO mi İİ eee Li Ain Se Ta, eee e 4,b KMUZU NLUĞUNDA BİNA",45,183,1,0,0,2889542,6.88773
hEum0GELprM,"Prem re Pro Fil delp Clip Source: (no ps) Effect Controls = ada birinci bölüm * MVI_6551.MOV am 00:00: Video Effects PREMIERE PRO EĞİTİMİ > # Fi Motion > Opacity > Time Remapping 5 Black & White yf Gaussian Blur Is > © Blurriness 4 şa ‘© Blur Dimensions Worizontal and e aki ö Repeat Edge Pixels ‘Audio Effects > Volume at! emmeli > Channel Volume = = > Panner 00:00:00:00 Fie ye A 00:00:09:05 7 İİ RR ” <i > » Aa Ak'a » 00:00; » q t Te En birinci bölüm * = ar ine [Perects ee aE) 00:00:00:00 » (00:00 00:00:05:00 00:00:10:00 00:00:15:00 00:00:20:00 00:00:25:00 00:00:30:00 00:00:35:00 00:00: {5 Convolution Kernel Gaussian alur 12 > Bs Audio Effects Bits = Lode 5, © v a i 18 24 20 EO EFEKTLERIN 36 2 7 VID s4 UYGULAMAK VE DEĞİŞTİRMEK —",156,819,1,1,0,23372,1.903426
hFh3JUQ_a5U,SİZ OLSANIZ NE YAPARDINIZ?,5,26,0,0,1,3978500,7.275935
hGXftt8ZHN4,"a SEREFSIZIM yel att BENIM ve ” are AKLIMA ia rı IT “TAE sie İŞTİ! fl BD, se TET N | iy bei I p > eg by vy 3",28,134,1,1,0,2210570,6.68125
hNA685AihMk,ae -f ef OLACAK ŞIMDI?,5,25,0,0,1,1315588,6.959845
hPZ1n7oZYpE,"se. e” i? es"") a) “a dg i BS ATMAK? Sİ A DA MÜZİK YAPMAK |",16,69,0,0,2,2679782,6.771983
hQXLrPlcbeo,"Md inin. eee aa bia ti ts =; i, KIM ULAN* BU",11,52,0,0,0,9573926,8.003045
hSVv6NQ0wH8,TİZ T YAPAY ZEKA PROMETHEUS GE — DÜNYAYI NASIL ELE GEÇİRDİ? MODERN BİR EV,16,80,0,0,1,2127359,6.780419
hWLu9uUrr98,2. y -— Y. 7 A e Vr “7 = i 5B / NE IZ nf ne v ee,16,62,1,0,0,530507,6.49599
hbTXsHZBWdI,\e KN ch m. ne mit © ed ~ YAPAY ZEKA İNSAN ZEKASINI ZIREANIN!,13,70,0,1,0,1724282,6.484831
hd5McEKLJgY,— WV ©U 4 GELEN KUTUSU DEĞİL Zinn KUNUSU NE le”,11,52,1,0,0,90547,5.285305
hlojkr9FIYw,"‘ 02768 (1998 OR2) DÜNYANIN 0.042 AU YAKININDAN GEÇECEK # > (2ANISAN'DA LL DÜNYAYA ASTEROID ie os ÇARPMA OLASILIĞI? a,",18,128,1,0,1,2310447,6.901194
hr1Umhz5q9M,19 SANİYE,3,9,1,0,0,488336,4.980613
hvGpiZlPoIE,"<> ) ) Ta ak it Ca e 0 as “oe a CR 28 Lei a? , ory hk İRİSİ",18,76,1,0,1,147327,7.806472
hvSsTCvMHXs,ee. ıp we ZİNCİRİ KIRMA! WK <2) XS NN NG,12,49,1,1,0,1347247,6.677627
hwkBI7kftlE,"THIS 1S M Nie ARL ¥ IRL | BEN, EARL VE OLEN KIZ - iE",12,58,1,0,0,134553,3.631067
iBCplZNP9Ek,O rig 6 : += ee We) <a Were ag dg. / . *N 7 MİLYAR İNSAN FACEBOOK'A GİRERSE NE OLUR?,20,95,1,0,1,595903,5.093592
iDh0NUGquI0,"Süsle, ye Oe: e (= Kaş BİLSEVDİNİZ ys EB SEVECEGINIZ SI",13,65,0,0,0,3508722,7.258684
iGZ6IJzBQ-w,| / e e. ve WZ dé İLK GÜNDEN ÖNCEKİ SON GÜN,11,48,0,0,0,471905,5.014768
iOE1VwqgO2g,Holl Hallol Hatt Son ss ‘| i Insan if 4 vy) Ee yl Resmi SANATC! VAPAY ZEKA SS COMMON io ie Re HU UGG,23,118,1,1,0,870235,6.392003
iWtQKiNiGvk,"wie Source: MVI_6554.MOV v= PREMIERE PR 0 ECİTİMİ Ç \ Replace With Clip >| v Enable Unlink iye = = u hi = Se =] e = ang Nest 00:00:22:05 Fit a+ 12 = A 00:00:29:17 | 00:00:00:00 12 A, 00: 29:17 Label q ays 4 > at Speed Duration. Fal Remove Effects. Bin: MOV ci bölüm Audio Gain Lo EA Foto Safariprproj\MOV 17 items 00:00:00:00 00:00 00:00:15:0¢ tn: TANI Audio Channels. Gi >< Cc mmm ee 2 eters. | te $ \ a5 Frame Hold. } > Field Options. 18 = - sa > Logo Frame Blend e Size 24 20 36 SADECE VİDEO VEYA SES 42 21 48 ition 4 KANALINI KULLANMAK sis",118,621,1,0,0,23414,1.904954
ijUPxCH_Z4w,| VA \ ai gl m o ii Rei YEN a by eS LI Ss SS ÜR yiz “e”,17,70,0,0,0,565161,6.910809
in2jHEGhX-E,DAVULLAR KİMİN İÇİN ÇALIYOR?,8,28,0,0,1,267377,4.259246
itAO8RXm2ZI,"© 2, 000, 00, ar",4,19,1,0,0,659427,5.450463
j2e46IM6xks,a p ge ee \ OR Dy vin YAPAY GUNES AB0,10,44,1,0,0,816593,6.413366
j58zcYd1BM4,Nie ça > | ‘ft GU > VERİLERİN GÜCÜNÜ GÜSTEREN EN İYİ 5 am,14,66,1,0,0,683627,5.906341
jK_6BA18w8o,"¢ W Premiere P o. File dil nce He Source: MOV Effect Controls = eT Met (ho clip selected) ce ‘Output PREMIERE PRO EĞİTİMİ Source Sealing: Scale To Fit Match Sequence Settings Format: ZER Preset: Castor b ğı Comments: Output Name: birini bölüp V.Expor Video V Export Audio > Summary Output: /Volume...2-06-25 Foto Safari/PP/birinci bölüm-mp4 1920x1080, 25 fps, Progressive VER, 2 pass, Target 4.50 Mbps, Max 5.40 Mbps. we A. 00:01:01:19 ‘AAC, 160 kbps, 48 kz, Stereo ‘Source:Sequence, birinci bölüm. 1920x1080 (1.0), 25 fps, Progressive, 00:01:01:19) 48000 Hz, Stereo +¢.00:00:00:00 ee Mi Project: Foto Safari © ters Video Audio ultiplexe Foto Safari.prpro} 00:01:00:00 Basic Video Settings 2 Name X [abe Width: 1920 zi a) a8 24 0 36 is MONTAJLANMIŞ GÖRÜNTÜLERİN * 2 F 41 54 IŞARIYA AKTARIMI 55 — =",151,867,1,0,0,91347,3.148986
jO0OtYgbOI0,MI a e M4 SO — İği SANATÇI MIKROFONU * RADIO NİSH PROGRAM KAY —>—,14,71,1,0,0,16584,1.660538
jW-kdWUVgV0,". » İli JE ez — | a7 ant EĞİ KN > \ A, PA e a ~ a il JAP ON NVA'DAN MİSAFİRİN VARI",22,99,1,0,0,367455,4.7836
jXVm90e5k6Y,12128 YILININ ML” DU YURUSU ¢ a — —— N,7,44,1,0,0,761639,7.441256
jXbEfrP3aC0,Van a /55 e an d AY OLABİLİR,10,32,1,0,0,836581,6.760941
jYWyiXjBAqw,V . > [f ay (b | ge / Pini 7,7,35,1,0,0,1507761,7.202232
j_MGZKgf3ts,—— —~ CEP TELEFO NUYLA VİDEO Ç EKİM TEKNİKLERİ,10,50,0,0,0,722872,5.889861
jfCk_9sdXds,Ni e vg Be gü > > ee Ys “ ae ca hw e Me gy >“ yi a e (9 AYDA YENİ BİR SEN,22,88,1,0,0,795333,7.192007
joZvGqg0K_U,—— —. — | | 9 || Fe } aw ¥ G eM KENDİNİ İMHA EDEN 8. 000. 000 TL'LİK TABLO,16,83,1,0,0,2637108,6.825259
jtVpPDqNuS8,">», (( =) Wi ay) YAN 1 VW; O EZ © Al ‘@ NEZ © N= > >) 4) 4) WH 7 o a NS ei N Pang: DY” j 0 = yy ie aid Wy IMA j Whi &y, We SS yy, Birla | aBakma of iy Wi BE",40,201,1,0,0,589227,6.276334
k2QgPzi3dPc,ayi LAR yx * a dl Nal SANE d a“,9,37,0,0,0,843727,6.875828
k57MatNuv4U,4 Şaş b “BIKE NEDEN Si HAH DEİLDİR,10,37,1,0,0,872295,5.993841
k6ysbGas2Ew,a BEVIN OKUMAK A An tn İMA ee ay,10,35,0,0,0,457429,5.945089
kCYMOhweZZI,> | BUNDAN “DAHA DEĞERLİ BIR GİRİŞİ Al /A,9,46,0,0,0,482200,5.827138
kJhmz-nM-cQ,"maş m ii ni 8B PACK. | : ~~ a"" | BARROR, Ge # KARA AYNANIN İÇİNDE Mİ YOKSA DIŞINDA MI YAŞIYORUZ?",19,107,1,0,1,1180989,5.930319
kKqpiFir8ug,"| bia TE ik y Jae “wh ys C7) ""a ‘dl / IL oya TASA RIMI VE a",16,72,1,0,0,300067,5.248062
kMCyfPLqTjY,A GOOGL EN Ti ÜRPERTİ —. DUPLE i m İNSAN TROLLEYEN 'RO'BOTLAR,12,70,0,0,0,546771,5.202965
kQz6m1Ymaao,aA vi .. vi İm H qa] 11g DCEILLU JUL YILDIZI NE ZAMAN PATLAYACAK: ?,14,76,1,0,1,1943483,6.70762
kVgyKz4hYcY,"\- i GS, Ly. x UN e x EYNIN i NDA , ER KAG Y KY f",15,61,0,0,0,455339,8.328559
kWYlB5ktwzQ,EN LE & 77 B Sx | Nİ A H & 077 y [SI ik,12,50,1,0,0,948114,6.322706
kaaDdK55Eiw,im 4b 4 9 A) i WSs (ei AŞ Turan BZ Z| ie ZA ANI FON AN V/! LİU >.,20,81,1,1,0,2007106,7.664668
kbDEojkAt9c,BU KELİME il Ok ZN 8 DUYAĞAKSIN we rm 8. Va YENİ INTERNET = 4 nail E HOE,18,85,1,0,0,2584899,7.272574
khCs36vYbQM,AN it seid < 4 GE I mans Sİ BİZLIE,10,40,1,0,0,629215,5.76906
kk6aCzx3kZs,ne EN EE Mi Mi Mi Ur ME NN NN m BREESE NN Mag - I NN NN MN N Mum m SG | MN NN NN Ss M EN NN MN N MN NN NN MN MS m m KAFE DUVARI İLLÜZYONU,42,149,0,0,0,536123,5.234005
kpulBzumuKI,"Faz =O GRENMEVI =... “NS pm “ÜGRENMEK _ a... İng GN Bağ, A EN GÜZEL YAZ AKTİVİTESİ",19,92,0,0,0,738458,5.520687
kwxskU5V8VM,"& Premier Pro, File Proje Clip, nc don Help J ‘Source: MVIL6533.MOV Tw) | Ee ols ma et PREMIERE PRO EĞİTİMİ bi = NS 00:00:17:11 Bk ti TA 00:00:17:12| 00:00:00:00 Fit = ie A 00:00:00:00 | | m 6/9 = = v e ği > oF = E m + q t te <i > » oF ee e e + = birinci bölüm = Bin: MOV = sen info as ae » PA Foto Safari.prproj\ MOV 17 tems 00:00:00:00 00:00 00:00:30:00 (00:01:00:00 00:01:30:00 (00:02:00:00 [oF tn: [All ——— = * le m 22 PLERİ KAYNAK 08 KLİ PANELİNDE İNCELEMEK",114,536,1,0,0,45430,2.492935
lBZcUlD08B0,MATEMATİĞİN + YAS 10 iz ln 19230,8,37,1,0,0,480346,6.598989
lIvOVGdm7sk,a m pe * ‘ A ga GIS! BE VİN HAN NGİSİ EVRE N?,14,54,0,1,1,718106,5.933215
lNqC5_aVAXo,"= Dünyanın Konuştuğu Teknoloji / P KI e ~~ ~~ ae = Py GRİ ai = sl ali =e on ee, Se mke on) eye. Mİ yl” ye ar hee “aa > m. a",27,148,0,0,0,883597,7.265967
lV2koa9-1dk,— — YAPAY ZEKA KULLAN MADAN 1 Bİ vw DU A! A Da -— wi In 14818 m |,15,78,1,1,0,338572,8.158068
lfrn5t12ryc,"Q mien TÜM SULARI, > BİR MİSKETE SIĞAR Mi",10,44,0,0,0,917576,6.147367
lgN6dTJvCvA,= ~ S2 MAVİ DÜNYANIN EN YALNIZ YARATIĞI,6,42,1,0,0,1403193,6.173589
lyRVU3rzoTU,"ez = | mi m. | — ad ‘ we, (i <> all mmm le AN DANS EDEN B Pa © U ROBOTLAR if '",17,93,0,0,0,749844,5.902326
m-wBrexzxns,9 MARTI JONATHAN LIVINGSTON AC ~~ RICHARD BACH,7,49,1,0,0,125336,3.532787
m1xr6ngPiBU,NEDEN KİMSE BU DİZİYİ mağ ŞR ii Unt Er V Ve i a ?,16,57,0,0,1,2865155,6.953011
mBN0zj4e1ow,ae Ww LOLA'NIN ÜÇÜNCÜ ÇIĞLIĞI,5,31,0,0,0,923249,5.603997
mMH8yaEwL44,ERMİ EA “İTİNA a — = 000 KİTAP HEDİYE!,11,42,1,1,0,2019316,6.772682
mUEkPoMMsMc,G G e HİBRİT DÜŞÜNEBİLİYOR MUSUNUZ?,10,38,0,0,1,1535547,6.223812
meRNpiyORVs,1 yemin 10 ıı Ip ev / 9 vi e Mi (/ BİLİM İNSANL ARI ZAMANI GERİYE ALDI MEP,21,87,1,0,0,2504261,6.828777
moxSOtTPYQA,a 2,2,4,1,0,0,166563,3.785593
mpMUBJL01Hw,"= Yİ 4 “DEADPOOL mini ye) ts # La > Ns iv oS ee wis y \ = > oH E ha İ wy > k (ae BS Oe” # wD AK AHLAT AĞACI ANNIHILATION as eN fu re, b si İY üm 2018'DE İZLEDİĞİM EN İYİ 18 FİLM sanana euitocs, iğ İ xi B Thy Bira BOK a E> & i pe) 2 —n 9, Ss Kİ a 4 LEAVE Race THOT ( 6) ( fii Wcnenaues2 | J lam",75,359,1,0,0,1941632,6.545605
mq_SfrOddcM,"« Premiere Pro File Project Clip nce, Aarkel Title Window Help 5 res 53) Effect Controls = i E (no clip selected) PREMIERE PRO EĞİTİMİ 90:00:00:00 Fie pi = A. 00:00:00:00 Undock Panel Undock Frame a EE 22222222 Close Panel 9 00:00:00:00 Close Frame v q i ye <i > » oF Pd Maximize Frame 7 = Project: Foto Safari = Foto Safa Pro} 17 of 24 items se New Bin 38/ in: al 00:00 00:00:15:00 00:00:30:00 (00:00:45:00 00:01:00:00 00:01:15:00 (00:01:30:00 00:01:45:00 ( Delete Name A [Label | Frame Rate ap 2 8 24 0 LU OLARAK 36 42 5 TOP 54 GEÇİŞ EFEKTİ UYGULAMAK EE — NN",132,633,1,0,0,26037,1.996032
mr6gjd73px4,"ay \ we H, Ce a SS it = A a — ~ >> Ny",10,49,0,0,0,420814,5.721217
mtV_bV3Cc1g,mi | 1 AN fi! NA ESAN,6,27,1,1,0,394976,7.444747
mvfAF7RW3BI,(5 li Mae — 7 a | | —s İS e e) e ¥ Y ni Sa ik he fi EK IRON MAN MN GERL m. İh,25,98,1,0,0,908225,6.050247
n0NkWKCbvpI,Yl AL ¢ diy =. a | eer Ü ERMIS ERMİŞ HALİL CIBRAN i,13,61,0,0,0,90549,3.18561
n1kuBmHuKJI,"ZA, K) % \e 4 ie ie oe UW? 40 a NASA'DA 1 HAFTA",13,58,1,0,1,3783958,7.259401
n1oRGDqvC-w,"“a a BR +? aX “6 xX bi ) of V b N . 4 ee VS 7, 14 BH at = EYFEL KULESİNİN SEMBOLİK VE İLGİN İKAYESİ CH",31,124,1,0,1,917129,5.518828
n1ybNDk9NUo,p | N di,3,9,0,0,0,320607,5.349709
n2FF_egsBPU,"-— » gi gi —. . öy © —-_ | «— \, o 8 \ a M — ‘ N -",9,64,1,0,0,60099,2.839295
n4LCbWCshdw,e° a ot pete ay thin S NEL ORGUNUZ? |,9,43,0,0,1,2337907,8.355084
nB0Q5v1_kUs,a pan ee | i iğ A WHAT HAPPENED I NIGHT OF af # ji i w 4 THE NIGHT OF (2016) - IZLE,21,97,1,0,0,241035,4.196914
nCbLpangfo4,a gas - if > — ör... ee eee Sa q. — Sea 2010 İZLEDİM EN IVES FİLM,17,74,1,0,0,2326329,6.866845
nCca8UjfPPw,NR \ ~ = = ~o,2,17,0,0,0,421380,6.433751
nMiHF0t7RSU,EM ? ml \\4 la ( ud yu me A VD ge” Se oie,12,51,1,0,1,1979489,6.841191
nODG680lAFs,STEFAN ZWEIG SATRANÇ WN « b 4 SATRANÇ STEFAN ZWEIG,9,55,1,0,0,444074,4.747834
nWNn4O78hn4,7S iJ 7) 44 MNLEER FUZELER VE TOMBUL PARMAKLAR,9,50,1,0,0,1971170,6.44598
nZqaCrwOMxM,My m pil yi ~ a ~ A \e MI Lİ,9,37,0,0,0,886958,6.653683
nnyjrnhlYcc,Premiere Fil di equenc tl He nci bölü Effect Controls (Go clip selected) PREMIERE PRO EĞİTİMİ = 00:00:00:00 Fie we A 00:00:24:22 La a 4 00:00:00:00 v q i te <a > > oF ES Wes) Bin: MP3 = Birinci bölüm > Ea Foto Safari rojiMP3 Z items 00:00:00:00 a: (Al 00:04 (00:00:05:00 (00:00:10:00 (00:00:15:0¢ ges 9 1 Es pis sa 12 > Logo 15 lili sa > Video 2 18 e ¥ Video 1 Muzik.mp3 3:31752 ‘Seslendirme.m4a_ 24:29988 21 24 AL os Aktüel 27 Anlatict lendirmeimdal Volume:Le 1 ER ii — eye — — — — 33 pt — semer $+ 36 29 42 45 VE MÜZİK SEVİYESİNİ 48 sı 95 SES Es ZAMAN ÇİZGİSİNDE AYARLAMAK 55,138,658,1,0,0,68644,2.877341
nuhFskuxygY,"XA ge OA ¥ 70h / Ol NO: Ry. Gc ae AJ\ ARL, ED if by: Cae is ee ida eee —",19,92,1,0,0,693532,6.39591
nw1CukUm7pY,BEM Peri aa ZE ç —,5,20,0,0,0,911961,6.342989
nxfncjYbkCU,İçimizdeki Şeytan © # ~~ İLİMİZDEKİ SEYTAN SABAHATTİN ALİ,11,62,0,0,0,219934,4.055487
o5BG9pTNuSI,ae ELON MUSK TWITTER | NEDEN ALDI?,6,35,0,0,1,1916181,7.104022
o7NhJiu1nCA,/ LN Gi Nev GALAKSIMIZIN MERKEZİNDE NE VAR? Son yılların en önemli basın toplantısı GANLI YAYIN KAYDI,17,106,0,0,1,608228,5.967786
oB2u8dbYQLI,10° oe <i laa İV Mİ GARİP KUARK < 4 g were R KUŞAĞI x {fi EN BÜYÜK VE EN KÜ ™~ . - #,22,100,1,0,0,4248166,7.219709
oBXYc8ZYafI,HİÇ D cS Se EUAVU YAŞADIN MI? a © 48 G x Gxt &. EA,14,61,1,0,1,2217186,7.370297
oBlVL9Jj7Do,AYAKKABİ - BAGCIGI.<- A LAL Nİ,5,35,0,0,0,1848077,6.602975
oC1aqpZ1TGM,—> a TT ME > > a HEVDEKAL | i A Ses a = = i | ii = q ın,13,70,0,0,0,987910,6.046954
oHC9mKJLEQY,"R bf Gi esse 4 STAR hs : ; BEYAN dili, STAR TREK ma (2016) STAR TREK SONSUZLUK - İZLE",18,94,1,0,0,74201,3.062685
oMyAtjwlags,Seg se DÜNYANIN EN Ah We Pig me | TEHLİKELİ TIRMANIŞI ay ‘t Li İli,16,78,0,0,0,4375887,7.381285
oN9fUk6pU3g,nı HE BÜYÜK SÜPERU KANI VEL “SIU ml CrANE BATI IRSA 1109 : iv Sr EEE,15,78,1,0,0,985596,6.282637
oN_8J6W8iJE,‘2 Uy İm,4,10,1,0,0,5717274,7.718741
oNmXH2uN0Do,HER GÜN 10 DAKİKA KİTAP OVAL,8,29,1,0,0,1312210,5.824275
oT6wq5Y9lcg,f y AA y > AÇIK KAYNAKLI F VLER EVİNİZİ İNTERNETTEN İNDİRMEK İSTER MİSİNİZ?,22,82,0,0,1,124826,3.487308
oYY2akKP2-0,i | OP Gir || hi İLE 4 a2 “Kii b TE # 74 UNABOMBER om *,14,66,1,0,0,1454280,7.191352
oZtkK7Nvcw8,2019 NOBEL FIZIK ODULLERI KIME VE NEDEN VERİLDİ? a Tel * Je e) A WKS << Xe XO WY mağ UK aa,21,105,1,0,1,1203399,6.177493
ofOeoyg4Pfs,"= SU NK UNIVERSE (fe ec) ass i. wf —_ = gn 0. ye ği * es WY. Ye [ all, RU ila eN",20,99,1,0,0,434107,6.685187
oj2mZkz-lc0,"(© > > (, ; gi > | a iy ASANSORLERIN SESSİZLİĞİ |",7,57,0,0,0,1008453,5.689918
ooGRJ0aUj4g,"G PremierePro File Edit Project Clip Sequence Marker Title iel Source: Müzikmp3 >) | ct Control oP PREMIERE PRO EĞİTİMİ 00:06:03 Bo \ 00:02:50:08 00:00:00:00 Fit = ip ¥ %_00:00:00:00 . 2 İM q t qe <i LI > oF = = e co} + v q t te <i > > af ee ani + = = = Project: Foto Safari © s as a = birinci bolum » bo Foto Safari prpro} 6 tems 00:00:00:00 as tn: TAN = 00:00, (00:00:05:00 (00:00:10:00 (00:00:15:0¢ Name A sevk [Label [Frame Rate tk > Be bölümler Lİ > en @B > Logo | E24 30 Eas VE MUZIK 93 SES > Za DOSYALARIYLA ÇALIŞMAK 55",116,606,1,0,0,24101,1.929622
osqXCKxXQS0,| as \\ | ma iğ «ik FOKETTE MEYDAN OKUDU,7,45,0,0,0,1131809,6.326805
p7yN5vm0rK8,( . - SHERLOCK'UN HAFIZA SARAY NASIL YAPILIR? MEKAN METODU,7,61,0,0,1,2776035,6.746389
p9C1RGpOwVA,zn ZANILIR? a ~ a7 3,5,25,1,0,1,2733247,7.099592
pB_WHLWRB98,1618 VER FORGE YENİ BİR VIZ” : DOĞUYOR! — 3,9,47,1,1,0,359422,6.064754
pQxgqESeGtI,> DÜNYANIN = İLKGERÇEK > BİLİM İNSANI KİMDİR?,11,49,0,0,1,863657,5.805607
pSNiLnHN4bw,0. © = eği ie A w e * | ELEFONUMDA NE VAR?,9,51,1,0,1,1914641,6.624483
pTouc201G3o,SAM 4 li — = ev a i= NEDEN YENI BIR KANAL?,10,48,1,0,1,386605,4.732521
pUUoRExmU1E,"AYA DON > e vg AN, çi diy sy a= ba oe 7 om N | yi ae X alimi m — AE ei za aA, Paint oe = “eo: ee - 7a oe Ss e di >> he =u",34,157,1,0,0,1844181,7.146948
pVp2oDeX8gI,> güni) Mh: | 2 pay = HOUR ANI HALF EXPERIENCE. HAPPINE: Ay DULUUU İKİ 1 TARAFINDAN GEKILEN BELGESEL % Z,18,118,1,0,0,715644,5.777427
pZTreTu_HFc,— bae —< — ŞEN. * — aa “ ehh TES | Se a Bn iden,9,55,0,0,0,879552,6.378985
phkBhzsDidw,EDE >. ağ pa ie REN ii ae San,8,34,0,0,0,811932,6.738304
pq9m7AgXZMI,"iz a A"" ei di Sen ge e ya —-s i . = (OR ee = = FIKIR BALIGI NASIL YA KALANI R?",19,95,0,0,1,218407,4.16423
ptDKt8JqERo,e m Aa Sa ee —— ae ki \\ Si EN im Seken gezi Cher ca EB HO 5 NUMARALI | 500 YILLIK DENEY,21,101,1,0,0,1474597,6.287128
qBuQzBwXqUI,= UZAY ARAĞINDA URKGE MESAJLAR Bay Or Ay re Se ere ws 4 AN vE a,15,75,1,0,0,608081,5.835498
qFEJlKs79uc,aX ce ON phage / e —— * . @s an ae — Dy = a BU SAAT 10.000 YIL GALIŞACAKI,16,86,1,0,0,1135585,5.969652
qKkJNIm7A5w,"remi ro Fi Edit Proj Clip. Sequence Markar. Title. Mündow,. Help. —n ‘Source: MVIL6555.MOV |1¥/)> . PREMIERE PRO EĞİTİMİ Dy ie ği fe | il len ges,"" Hi i € (i | 74 ie! 00:00:08:18 Fit a) te) Bk Ea ¥ _ 00:00:07:16 00:00:03:04 Fit = ie A 00:00:03:05 ha e <i > oF = m v q t qe <i > » oF eee = = = Bin: MOV = 20 3 Foto Safari prproj\ MOV 17 ems (00:00:05:00 (00:00:06:00 00:01 Lr tn: TAN (00:00 00:00:01:00 00:00:02:00 _00:00:03:00 CED >. = 12 18 24 = a6 KLİPLERİN EN JBAŞNA Vibes 42 11 s4 “EN SONUNA İLERLEMEK 55 lick in empty space and drag to marquee select. Use Shift, Opt, and Cmd for other options.",143,673,1,1,0,37339,2.314555
qL4OydeNzFE,DÜNYANIN EN DERİN A NOKTASINDA NE VAR? vw MARIANA TRENCH Nee! eeee ~10.9 KM,16,82,1,1,1,4646599,7.476333
qS6DnUBltSA,ah NR ae (00) (WIAGONLU “iE SNOW ia CHU Pi aes wh SN o il te ass | cag HEF di \V gh Ja he af | Ni a ee a GEEK ae,31,139,1,0,0,2260237,6.906652
q_XSTEZWIrA,SATÜRN'ÜN HALKALARI AN e* ww» NEDEN 2) KAYBOLUYOR?,8,57,1,0,1,2123148,6.633424
qfzNQAgfsZA,Nİ DÜNYANIN İLK Made in gir TASARLANMIŞ DOGDU! BEBEKLERİ,10,61,0,1,0,3186143,7.051478
qgkeWRjdPas,Ye ONUNU gkOURSI,3,18,0,0,0,2021852,6.65985
qjCU1gsbElc,a? 9. o ae ALISOZCAW (AS OLU a Yy o *. Al,11,48,1,0,1,157603,3.715326
qji-iQHeaRA,rit I! SUPE GÜÇ Vi,5,18,0,1,0,1827705,7.862178
qkswPEQJtEY,f İNGİLİZCE'Yİ ARNOLD SCHWARZENEGGER DEN ÖĞRENMEK,9,50,0,0,0,884171,5.61335
qmgpLn8qAXg,", 2019'A . INEDER EN sti BU am VIDEOYU IZLE!",8,49,1,1,0,1792289,6.466763
qqX2jLlqKwI,— EE ? || GOS 8 \ —— e NE WT ON'UN BEŞİĞİ,9,50,1,0,1,795775,5.437793
qyDHtGuMLOk,2 —— ———ş—ş—ğ Source: MVI_6537.MOV Tr PREMIERE PRO EĞİTİMİ Kıpple Del me Replace With Clip v Enable Unlink riya < Nest i 00:00:06:09 Ft = o B* 2 A 00:00:02:00 | 00:00:08:19 Fit Label }0:00:18:22 Speed/Duration. Remove Effects.. v q t ve <a > af q t ays Audio Gain. Audio Channels... Bin: MOV birinci bölüm > 17 ems Frame Hold... Ea Foto Safariprproj\MOV 00:00:08:19 00:00 00:00:05:00 İP in: All Field Options... > ra. mr amma ama ele vu Frame Blend 12 Scale to Frame Size 18 Adjustment Layer 24 Rename... 30 PLERİ ZAMAN Make Subclip... 36 Reveal in Project 42 7 KLİ dit Original 48 In Adobe Audition With After Effects Composition s4 ÇİZGİSİNDEN KALDIRMAK sis,140,731,1,0,0,23140,1.894944
r-AkMPntoHE,Lips | Of ey = yg PARS fa PARÇA ES Vs = SS,10,50,0,0,0,1229741,6.706989
r2dQgdktUJg,v yl — y ve Bu videonun senaryosunu ben yazmadım!,9,55,0,1,0,1909289,6.769453
rCstA_qbqmM,"Ze Jax a a>, a, AR ev Mi dd ts. om 204 sme, —— NE su MARS TA AŞAN İZLE İZLERİ?",22,91,1,0,1,696131,7.618974
rHFpfR6kZT0,= Se — 2 w 4 D e 7 HAR va al | BZ [| | ET L i oN ais >”,16,74,1,0,0,1618470,7.802135
rHYpsU8tB2U,KUBRA se 4 Ka@ > SEN FRKLSI,6,31,1,0,0,984933,6.960731
rKnX3VuOPhM,"= Ry, GATTACA > O GENE FOR THE HUMAN SP GATTACA (19971- IZLE",11,64,1,0,0,264715,4.290888
rKp31auTsEg,"a g, Fs im = ad fi 4 pai Atal STONEHENGE TAŞLARININ SIRRI GOZULDU!",13,77,1,1,0,1797793,6.706173
rPfu4RgRIAY,Sp > > İNSANLIK TARİHİ BİR KİTABA SIĞSAYDI...,10,48,0,0,0,1163023,6.293765
rUk9zWkiBJk,ke > gL © ad ayy fy Lag cor BAT Ul hd TAVSİYELE,12,56,0,0,0,528942,5.609287
rX2Cl0SvJP8,"KAG PARALIK: 9 ADAMIM? ? İNSAN HAYATINA VE > ,",8,50,1,0,2,1705934,6.631812
rXu47vgvID8,e BRUCE LEE'DEN ÖZGÜVEN KONUSUNDA NE ÖĞRENEBİLİRİZ?,10,52,0,0,1,1795757,6.298679
rjjoJIRdG1k,"> "" “uA: a na Sar eoyu: nokta.",6,35,0,0,0,224380,4.101104
rleMK7fPXOQ,Sou VEE yi PREMİERE PRO EGİTİMİ =) O e 2 > = - Ss 00:00:03:22 Fit =] (e) B+ we A 00:00:01:23 00:00:07:02 Fit = we A 00:00:18:17 a OR <i » = 5 = 9 <i > » Aa ka q t qe af + q t qe af + Bin: MOV =| i ser Info Effect irinci bölüm > = = = = PA Foto Safari prproj\ MOV 17 tems m tn: TAN 00:00:07:02 00:00 (00:00:05:00 (00:00:10:00 (00:00:15: le vu [uve 16546 MOV [VJ Opacity:Opacit EO VE SES fal 19 VID KANALLARINI KULLANMAK 55,105,486,1,0,0,27532,2.044457
rovTz6ejwvc,~*~ TG Bl ZN Ws ia. / ce x3 ae © TEN 4 2 ie i ŞAN > Gi e İl = ay N o .. 4 we / © /( 7S Ai Ce ZA YA : “KİMDİ BU STAN LEE?,33,155,1,0,1,1252041,6.093806
rt3ZthtLbWQ,N ye kia i 050 ViLINDA DUNY _ NASIL i sim,11,46,1,0,0,4133105,7.399967
ryv5MTSiEdI,vw ae Si SS e SS oe Bi De > BR (> A L lif Poe (ax) İZ oe ee Nİ @ 2. == ui os SS a = Cy vE) x N SJ et ZEN at BURASİ EVRENİN MERKEZİ MI?,38,171,1,0,1,763418,6.031532
s2zxxlsw6WU,Artemis Il Mal Döndü! a eee,6,29,0,1,0,100676,6.645766
s428HFZIqvI,"4 Premiere Pro File it Project nc rke itle Window Help. oy ‘Source: (no clips) Tr) 6 3 Mov 3| PREMIERE PRO EĞİTİMİ 3 Foto Safari prpro)\ MOV Ta teme tn; TAN 57 FARE 3 ia İP ia le cs wa MVLLESS9.MOV. 9:23 eae 602 MVLLES5Z.MOV. 2:00 (MVI_6555.MOV 00;00;00;00 6 ms 00;00;00;00 or 4 Zu << bei a MVL6554.MoV 29:17 MVL_6552.MOV 822 MVL6551.MOV 9:05 ‘MVI6550.MOV 413 F nfo Effects Tir) (e = Project: Foto Safari c= Litte. Foto Safarl.prpro} 3 tems a [oS tn: (All oat mm ——— va saz Mow ear unt 6546,.MOV 743 MvL_6545.MOV 512 MVLLES42.MOV. 1722. 2 a8 24 pm a 30 OJE PANELIND - 36 -2 5 PR 48 54 ORGANIZASYON",135,687,1,0,0,62398,2.787559
s4I_3carH04,Pr kg A ny] MA 3 | gr İm,9,31,1,0,0,123823,7.50765
sEhRqPshDc4,rm ( Se yas İnk YÜKSEKLİK (FEET) 105598,9,44,1,0,0,730531,6.173863
sFSE37Ud0WM,"f= —— Us | emo ik dd NE, — | / LW Uy} ~~"" Hoag bi hn ae",12,71,0,0,0,530486,6.270699
sPojDMQWVCw,(VU If (4 GZ SÜPERSÜ Nik UÇAK N vile e YONU >. sm (ra = -/ İN SSS Chat ee 3 OLASILIK SİMÜLASYONU p,23,117,1,0,0,599641,6.312886
sU-Cgg2yA_c,4 Se Vo in kh a e 2060 Soces 2085 SoSbs ally Wr GELECEK VZV TI AMİN ETM,19,83,1,0,0,784675,7.202158
sUr8_xT-4AQ,i 7 ’ & A > if NS Pa m . te > ‘8 1,10,44,1,0,0,221856,4.084011
sXm5UoYzLZU,FİLMLERDEKİ RENKLERİN SEMBOLİK ANLAMI,7,37,0,0,0,594495,5.068806
sbzC2WeOkv0,"MT WE >, y 7 d yi / ws me _\ et oe,” See sey ..—.... — 7",14,71,1,0,0,419635,5.636161
scry4y-dBLg,—a pi » “A = ie E a ¢ $ = le P WN 7 Za OVNAMADAN OY UNA NALİZİ,16,74,1,0,0,1417482,6.160139
stlMEXTiGV0,x W ey . or wh 4 Dü 4 +i <q NX MOC Image e10i MARS'TA BULDULAR?,16,76,1,0,1,716602,7.160488
t9CntIgeF3o,SET il _ Le 4“ Artemis Il AyZ UN ? xe AY YOLUNDA IK BAĞLANTI,14,66,1,0,1,201645,7.287694
tAYKCmpORS0,"Neden bu tablo hizi « rr L içine çekiyor? ar % iF. + pe. ZN = “NEDIMELER""IN li N Wy dük YILLIK GİZEMİ",21,112,0,0,1,2305825,6.884286
tLb_1XBG0ZM,> > my NE YAPMAK GEREK? | |,4,29,0,0,1,1458156,6.302438
tUiP0_B6pP4,© Me — mi — — DÜNYA YUNARLAK DEĞİ LDİRI,7,45,0,0,0,8239739,7.797781
tVaWO62nmjM,hu Ciel nye,3,12,0,0,0,1049085,7.317308
tWYY2j3cCeE,"Ma as yee = Wri HIKAYEDE DUYGU m. Nİ eo = WALL-E, ROBOTLAR VE KALBE DOKUNMAK",15,84,0,0,0,276552,4.166925
tZTE_cjK0Gc,Ar Mm İZAYLI,4,13,0,0,0,1059953,6.721888
tZwgSsCEjhA,LD uy Ta YOU bs =~ 5 N,7,28,1,0,0,651604,6.03395
tc6rSVC3QJs,ONSTERS oN co FORMS A ron LAME 10 10 CLOVERFIELD LANE - İZLE,13,66,1,0,0,135914,3.639006
tfY_Ted8YBo,çep EE a Paw © ©,4,19,0,0,0,248584,6.530592
ttrhQvlrt_o,RY ali ŞE YENİ mt Mİ? ONC NOW ON DIGITAL,10,44,0,0,1,856921,6.357648
tyRfTgRD4hU,"> > - he ho, N y MN yp 4 IG/",8,35,1,0,0,716911,7.334891
tzfb67X1rI4,ow guy Ways aa w Nt ene,7,29,0,0,0,146699,3.66875
tzqx0ZzeONY,bi wee S| ‘all ahs i a Pe | Belk: x ği” DEMİRCİLER ÇARŞISI CİNAYETİ | YAŞAR KEMAL,19,93,0,0,0,87216,3.21282
u3WcJy1B3Mc,#say AN sg z | = a ykil92 m a İN By #sayki 9 24 YY) NEW YORK GIANTS FUTBOL OYUNCUSUYLA TANISTIN VLOG 20,23,116,1,0,0,85895,3.269019
uLFh-gq8gCY,#WHOAREYOU,1,10,0,0,0,364828,4.626388
uM69OaS3d1g,"HAYATIN, EVRENİN VE HER ŞEYİN CEVABI Si ast a Pl E chemistry ESME Ss nse a be oh OR ts GUIDE was se 08 vah attan the m 1 ‘prot Hicker pent tuck EVERYTHING 42'NİN GİZEMİ",40,186,1,0,0,3722321,7.314913
uNPzLxhb6qw,"NEDEN BRA VL06? İm Zi, hile izleyemiyoruz! ~~ d j / — e. Vie,",12,68,1,1,1,786554,5.780396
uNvZaCua0RM,~- Ow Hi aN Al DRONE İNSAN VEN i,9,35,0,0,0,537641,6.223388
u_poyyzoMbI,<A m (a p' Vi 8 ~ Bir Inlyon Dolar Miras Kasayı?,11,54,1,0,1,674557,7.297805
ubXBMzgzmEA,Sia one ZENO PARADOKSU A 4 gi,7,33,1,0,0,1866092,6.669981
ueKZc6hN024,"lat MIKROFON | init KABLOSUZ Ne 4 Ice k deği > ANTE KAMERA EN HOPARLOR EN ISLEMCI . NE çe = 2, = a ATARYA ji INDUKSIYON a UZAKTAN KUMANDA —= —",25,170,1,0,0,236482,5.672658
uxgqns2CF6k,MEN EŞ MEN ma MEN EŞ TEN MEN a ME EN |! MEN EŞ ay “ff DUNYANIN EN ESKİ KEHANETLER KITABI NASIL OKUNUR?,22,111,0,1,1,985415,5.638734
v7EQfnFosHE,Li fi N A ADIM i R,7,22,0,0,0,517338,6.304981
vMJQBj1DmcI,dik yp” 5) w ut the » to / wy fi & 1 os “Bü ÜLKEDE N (0 n,16,74,1,0,0,145931,4.818136
vUwzvz4piHY,PREMİERE gil EĞİTİMİ en z : anand » > ii Ng 00:00:03:02 lft) Las | =e birinci bölüm. uzm 00:00:00:00 E FOLAA KONTROL ETMEK 10 VID İÇİN “-K-1 TEKNİĞİ,38,163,1,0,0,46948,2.523126
vXrWJ-FuoxI,"IN İse wy, cs i We, ( Ose VA Iİ (OX 14 a (x4 eye « İLA «—. +467 sd give Ye"" pen Fa Fox «CC “e we ORs RSs UG CC; »- EE > 2d N OSS, Dine * BS >? 9355 == N oP I =i w~ Di? ») Za) EA ‘a gın va Ve Ne » iM QUA e ÜL We y) 22247 Hal ==% Y 2918 Alı ) va Mi a a m. 4m. | | EN BAŞARILI RESİM FORMAT",73,357,1,0,2,341598,4.734557
vaYif50DzEo,- © a 9 Qe 4) SG 3 [RMA | f d PS ia be oS,13,56,1,0,0,1080676,6.698394
vbEpsS7mk3g,poe AYN im 60 \ Ps e f EGO Var’. \ a AYN RAND,12,55,1,0,0,102017,3.326456
vcR9cM3AgjA,bk BE Vig GÜNEŞİN” m İ ETRAFI vii j İS Ln BUK SESEŞEEN A i = “Wad ETE etre Peneee N IN ILE Ik i,26,115,0,0,0,453253,6.102816
vga-7wh3HFI,q cc mi >< İLGİNÇ WEB SİTESİ,9,32,0,0,0,432031,5.749603
vivmNq-Znfs,#A0SABAHERKENKALK,1,17,1,0,0,2211192,6.37037
vpcTjXhKcfM,e me — ——— © A # ki SNE MAN META. ia 1) = Kğ,10,54,1,0,0,1286871,6.611461
vtjaQDJLG5c,Artemis Il Ay'dan Dönüyor! 8.GÜN ÖZETİ,7,39,1,1,0,57451,6.070651
w2U1fkPRzj8,C4 Premiere Pro Fil roje Clip nc don Help Source: (no clips) |v) | Effect Controls er LE: PREMİERE PRO EGİTİMİ = 00;00:00;00 Bw 00;00;00;00 00:00:00:00 Fit = we A 00:00:08:13 ee qe <i » oF as ViLes24.MOv = = si Info Effects 00:00:00:00 00:00 00:00:30:00 (00:01:00:00 00:01:30:00 (00:02:00:00 ——————— fe Ov tenis 2 NIBIR SEKANS 06 YE OLUSTURMAK ee,85,390,1,0,0,63932,2.810367
w6ALkL9Jbhg,"a tn Fea meet 2 en var eği — e ei SSSR İğ — — çi” N —a ere = ees NN Nam y ~~ of, BA at ve we el TE e.",29,127,1,0,0,106097,3.10173
wBpVQln4MIU,= >: iş = te. Gökyüzünde bu an görürseniz Korkmayın! 22:99:20 24/05/19,13,77,1,1,0,2872099,7.127653
wGjjAnhsb20,EN Wi ZEN SEN EN i 1 N iN \ LZ bi iW NY ) ğ | ) ) if Y i ) | I i iy | N ji i) j \ f 7 W Y Si. | LD A Ne WSF Vv i A YOUTUBE IMPACT PROJECT BY BARIS OZCAN cone ce ty © a 4 | 4“ Gel ir #CreatorsforChange,51,253,1,0,0,655499,5.311075
wJ3nJS2qRTg,İKİ YILDIZ ÇARPIŞIRSA NE OLUR? “,6,32,0,0,1,2697288,6.730574
wJWta2lO0Lw,11 İn gl | <> A we msl Simi KAMERA YO vw V . çe. Lp,14,63,1,0,0,485729,8.699124
wed8hQp6wqI,Ui | DINIDA MÜZİK NASIL AKTİF DİNLENİR?,10,41,0,0,1,528974,5.181635
wiwsmlZOjoc,"@ PremierePro File Edit Project Clip Seguence Marker Title _Window__ Help m7 Source: WVIL6525.MOV ([¥) | £ ols xer ei Nas) hes PREMİERE PRO EĞİTİMİ S a - wie VA yy ay y la ii ii A ye me = a (| a e gk e ZN Ed 00:00:06:09 Fit = B+ we TA 00:00:02:06 00:00:05:22 Fit We A 00:00; 14 i v q t qe <i » oF q t qe <i > » af eee z = birinci bölüm » = Bin: MOV 5 kers 3 Foto Safari prprojMOV. 17 tems (00:00:05:22 00:00 (00:00:05:00 (00:00:10:00 (00:00:15:0¢ [oS tn: TAN ele vu 2 TE İML 653. MV 6555.M/ YUL ESEEMOVIM Özce Oct EOLAR ARASINA ti MV 653) (6555. MİL 6546. MOV (A) 18 VID YENI KLIP EKLEMEK lick in empty space and drag to marquee select. Use Shift, Opt, and Cmd for other options.",161,764,1,0,0,29637,2.108895
wkoFQVElfTM,e. > SL e PE ~~ İÇİNDE HER SEY OLAN BİR RESİM,14,49,0,0,0,1219651,5.754946
woWxbXQ1Ty0,"&, VE GÖKYÜZÜNDEKİ EN PARLAK 3. CİSİM",8,39,1,0,0,1082611,5.888962
wuJsXmpigg8,"ezik clk Ew ME, a ¥ Gi N Za — e SÜRÜCÜSÜZ ARABALAR i ISTANBUL TRAFIGINDE NE YAPAR?",16,93,0,0,1,86138,3.090068
wvqU4HtLEO4,= çi > st yi ek > gg ae =) © cs dal Bİ oe ay | Ah QS a iğ” | vz) YU .,17,91,0,0,0,2012261,7.584783
x3v8ZGkxpC4,"O K.. ie 03 Bw | SEIN EN) BZ u T 40.9 oç TT oS PREMIERE PRO EĞİTİMİ with 2555.6 oe Height 1316 ii > Rotation 00* Properties Font Family, [acai Narcow ii Font Style ear > Font Size Roll Cra Options 40.9 Aspect 100.0% suldyyoe OK Leading 00 2 sul Cancel Kerning 00 t [ Roll Tracking 00 © Crawl Left Baseline Shift 20 Crawl Right Slant 2 00° ‘Timing (Frames) ‘Small Caps Align ‘Small Caps Size 75.9% Start Off Screen End Off Screen Underline . Preroll Ease-in Ease-Out Postroll > distort foo oo Zr Center giye Fill Type Solid mehlerie Color ms = &) Opacity 100% > Sheen > Texture Strokes YAN YAZI Inner Strokes Y Outer Strokes © shadow 9 KA a [Aa] Color 50% Opacity K 7 Wal > Angle 35.0° z OLUŞTURMA TA No Distance 100",138,811,1,0,0,42801,2.438389
x7Zghqs9cI0,NUN TA YOUTUBE UN LOGOSU NEDEN DEĞİŞTİ?,8,40,0,0,1,1487698,6.121476
x8Z7Vrgp890,w AN e Pe A) A: So & 7 4 Kp = 4 DÜNYANIN EN ÜNLÜ ASLANI MGM ASLANIYLA SİNEMA TARİHİNDE KISA BİR YOLCULUK,26,114,1,0,0,611870,5.05403
xB0yDDYgBYA,"70 S/ 7 ay” “5 “A = F_ afl y : ke, : Conant a cnar(han es",15,73,1,0,0,727853,7.413958
xCQDLuEsKNE,— ©,0,3,0,0,0,495953,4.826238
xHat6bFuyWY,"= , = TC = 3 > i? He. Kü e — — | > 8 İLK KADIN SERİ KATİLİN KENTİ",15,78,1,0,1,650284,5.411671
xIWYEBXF6BI,"U EE 4 oy ot pe = a 7 t va \ e Xa, We \/ \7 4 & Ni \ 2 Ed",18,78,1,0,0,687819,6.189157
xP0CY-2wK0k,"e eN 4 va él ğ ‘gi \ i Zi, sa Mh L | ao > ii e 3 | ih ZN N Ge 4 AN aa oF. ae a i 0 pi AK, —Z =",31,123,1,0,0,1020100,6.646035
xVAmXGOhnnw,TÜRKÇESİ: SABAHATTİN EYUBOĞLU mS = “DENEMELER MICHEL DE MONTAIGNE,9,69,0,0,0,117076,3.486653
xX6E5mQ1XP0,ei SN TDAKİKA MARS TURU,6,26,0,0,0,3749113,7.191519
x_C19quB7Oc,MR in ii = | i ny ae ça 1 p ‘ \ i We: fy) Al Con Sİ DA yi y) ai Wa wb AK ——— RK >) aoe il iy \\ a! İİ z A. WA ue WEY ee \\ M ia iY a af ae \ | Wy A he) Ay Rl hae) oe \ Wy ah,50,227,1,1,0,1619753,7.692942
xk-ibwemIvs,"MİR KUANTUNUN DUVARI DELDİĞİ ANI Ye,",8,40,0,0,0,455615,7.283887
xuGfzIGl0ZE,KN nhs m > GPT-4o0 at | pe Al,8,36,1,0,0,1312644,7.369171
xv-Ak4uZKUY,PremierePro Fi Edi Proj at Cİ Marker le Sequence dow Help ps) Effect Controls = (no clip selected) PREMIERE PRO EĞİTİMİ sy 00:00:04:14 Fit we A 00: 15:22 9 İZİ A <i » Fes 9 00:00:04:14 qe oF birinci Bolum = = ject: Foto Safari > e in Effects Foto Safarl.prpr ro} 00:00:04:14 00:00 00:00:05:00 (00:00:10:00 (00:00:15:00 [oF in: [All * le vu n 12 18 24 SELLERİ a6 SCC s4 A = SEFFAFLASTIAM,91,439,1,0,0,26676,2.017018
xw-hg3aW06M,"Ti KL 4 Premiere Pro File Proje equenc rke low He } Sa Effect Controls IN Birinci bölüm * IMG_6553.jp9 > 00:00, Video Effects. REMIERE PRO EĞİTİMİ v # Ep Motion > | Position 998.2 548.1 do > © Scale 24.9 de > Scale Width 249 Uniform Scale © Rotation. 00 “a © Anchor Point 2808.0 18720 > Antiflicker Filter 0.00 > # Opacity > Time Remapping 00:00:10:08 10% 1p = A 00:00:13:10 = aE 9 00:00:10:08 q t te <i > » oF See Project: Foto Safari = di = ows as Z = birinci bölüm = 26 items Foto Safarl.prpro} 00:00:10:08 00:00 (00:00:05:00 (00:00:10:00 (00:00:15: [o- FF tn: [All = 9 ew n 2 8 24 30 SELLERE Y 36 AKINLASMA -2 g GÖR 54 sis VE UZAKLAŞMA",137,727,1,0,0,37471,2.317736
xysXdujMWVI,\ \ Bi ÇOK GEZEN NE BİLİR?,7,28,0,0,1,451847,4.781771
y2EWbLKw3Qk,Hl Te ) Rams'tan smn se Kuralı fy ek,8,43,0,0,0,547671,5.616671
yBHDgyFceSs,4 a Nd = KARAN/A/74 LA ea TAHTA MI? | » a İm — ee,14,55,1,0,1,1446966,6.398433
yIVVdPwT49Q,DONAN EN TİPİK ass ner Sam “SIMO VE a mth a TASADI ? mn 4,16,63,1,0,1,1223129,6.640471
yT1re8kVrhI,ae door Fe wun 3 The. trad the valase YAZ İÇİN 7 KİTAP ÖNERİSİ,18,67,1,0,0,733128,5.395001
yUR3RBa1xP0,a= gl BAŞARI İÇİN 10.000 SAAT i KÜR,11,40,1,0,0,2819417,7.340072
yjfXTzzXBFk,N — x CORONAVIRUS: “ay SALGINI j 0,7,39,1,0,0,5336854,7.708206
ylvT2GeGA8k,aw KV No y KU,5,17,0,0,0,1532636,6.781994
ypxGlk-j00s,pin yl sonnnnnnnnn000 S200 TA a so ” JENSEN AN 7 ne O HİKA |,14,68,1,0,0,1284688,7.264332
z0ZcKLV6Hcs,"ey ey si | > ry | 4 / > oh Gl IN,SIRRI in 4 aa. ein > WU Mz",15,75,1,0,0,1130579,6.662962
z4FYRTrL_A4,ii OD iy | li ( ği i he m. | | N Bi | SHERLOCK - İZLE,13,65,0,0,0,1257858,5.844244
zAssqk78h4E,ki \ N i ” ez EX EE AN Al GAĞINDA Kar iyi TASARIN 4 Mn İN,16,70,1,0,0,349204,5.839748
zRL2JuznHZM,4 — MN Tunç Kılınç SIHR TUNÇ KILINÇ,7,39,1,0,0,102421,3.314421
zTxyIMuvs1o,vt 4 bi fs ELON MUSK AY'A İNSAN GÖNDERİYOR!,11,46,1,1,0,1109727,5.952869
zkE5n7K5OpQ,a. eee A 1 lik —— ee y Zal Na * Mg) Hi FIMINE ILHAM rh _ yü KUM TEPELERİ =,18,87,1,0,0,460680,5.576879
zqOEJllkLlk,Se = ye iw BIG gin pi YA yil i? ae,10,42,0,0,1,2537716,7.06653
zs27vBoIA0w,— NAZCA MUMYALARI m) a NV al) i g (1,9,42,1,0,0,1224342,7.048054
zvBNYCVe9nc,"(1 — Bi zl Ma Nİ ad ib UN {0 17 a (> ¥, N İL Ki ©. i \4 id ik ix A —= —— ry a",23,103,1,0,0,484067,4.850353
zx-qvEq3XkY,[WITTER X ex,3,13,0,0,0,808685,6.357819
zxFpkcQivKs,iN 2 İm. ği p a N | ÇHARİİA [ARI,12,39,1,0,0,914573,6.08024
zyc7_gY0LkI,"€ Premier Pro il nc Sot ree: Effect Controls ~| ber biri 1 bölü biri bölüm * MVL6S45.MOV. (00:00:0100 220% Video Effects: PREMIERE PRO EĞİTİMİ > # Fi Motion —— > Opacity > Time Remapping gır yf Warp Stabilizer analyze is Time remaining: 20 secon. ‘Cancel v Stabilizatiol = 201 Result ‘Smooth Motion = i > ‘Smoothness 50% > Method Gy Şi aA ‘subspace Warp tM Z Wh, see pi. AS Aha? + Borders CE a a RE OS Framing ‘Stabilize, Crop, Auto=Se 00:00:00:07 Fie we A 00:00:02:05 > Auto-scale > %® Additional Scale 100% a | 9 00:00:00:07 Je <i » Sth ess Bin: MOV = se Info as ers HE birinci bölüm * 3 Foto Safari prproj\ MOV 18 tems bo (00:00:00:07. EE (00:00:01:00 00:00:02:00 00:00:03:00 00:00:04:00 00:00:05:00 00:0¢ [o— FS 2 ze = ae at va todo G5 ©, » a a8 2 30 36 ÇEKİLEN 2 0 ELLE 8 54 ÖRÜNTÜLERİ DÜZELTME 55 —",170,914,1,0,1,46683,2.517921
